Date,ASML,ADI,VIX,AvgVIX,zscore
2024-01-30,849.9865112304688,187.79685974121094,13.3100004196167,13.347500038146972,0.9825496602465585
2024-01-31,851.7391967773438,185.50172424316406,14.350000381469727,13.405000066757202,1.0691083728025599
2024-02-01,872.0285034179688,185.16419982910156,13.880000114440918,13.397000074386597,1.235669761086185
2024-02-02,872.1461181640625,185.2509765625,13.850000381469727,13.383000087738036,1.2338091831713214
2024-02-05,881.4020385742188,185.69459533691406,13.670000076293945,13.399000072479248,1.29076081961881
2024-02-06,887.6309204101562,182.94619750976562,13.0600004196167,13.39800009727478,1.4261306006016314
2024-02-07,904.6401977539062,185.12564086914062,12.829999923706055,13.40150008201599,1.4873388110633208
2024-02-08,905.336669921875,187.14109802246094,12.789999961853027,13.406500101089478,1.4284959890837143
2024-02-09,931.4880981445312,188.06687927246094,12.930000305175781,13.431000137329102,1.5998397477072843
2024-02-12,911.4871215820312,187.1314697265625,13.930000305175781,13.492500162124633,1.476034937201835
2024-02-13,886.0909423828125,178.10519409179688,15.850000381469727,13.593000173568726,1.568488061377525
2024-02-14,906.80810546875,179.67706298828125,14.380000114440918,13.57250018119812,1.6775218815242718
2024-02-15,912.1050415039062,180.85357666015625,14.010000228881836,13.566500186920166,1.6807282032318749
2024-02-16,911.2222290039062,181.52859497070312,14.239999771118164,13.613500165939332,1.6524496415701169
2024-02-20,892.2217407226562,182.647216796875,15.420000076293945,13.725000190734864,1.4709081249388045
2024-02-21,890.8876953125,186.813232421875,15.34000015258789,13.864500188827515,1.3279776946558066
2024-02-22,933.6953125,185.06776428222656,14.539999961853027,13.934500169754028,1.712310424529231
2024-02-23,915.4500122070312,183.33192443847656,13.75,13.949500179290771,1.6274816316949443
2024-02-26,929.5166015625,182.27114868164062,13.739999771118164,13.973500156402588,1.7692909831805599
2024-02-27,923.4151611328125,182.32904052734375,13.430000305175781,13.96500015258789,1.7205912444872087
2024-02-28,921.5808715820312,181.0657196044922,13.84000015258789,13.99150013923645,1.7467410293327792
2024-02-29,933.5285034179688,184.98098754882812,13.399999618530273,13.944000101089477,1.7137932153581543
2024-03-01,972.0397338867188,189.166259765625,13.109999656677246,13.905500078201294,1.8762406060910612
2024-03-04,979.0043334960938,188.60426330566406,13.489999771118164,13.887500047683716,1.9476244577472828
2024-03-05,950.361328125,183.8954620361328,14.460000038146973,13.927000045776367,1.8776340934492006
2024-03-06,984.7819213867188,185.73635864257812,14.5,13.999000024795532,2.083334771245209
2024-03-07,1027.4129638671875,192.07290649414062,14.4399995803833,14.079500007629395,2.208903066322109
2024-03-08,975.3651123046875,189.84446716308594,14.739999771118164,14.17699999809265,1.8801772057773207
2024-03-11,944.3089599609375,192.04383850097656,15.220000267028809,14.291499996185303,1.571633050297053
2024-03-12,965.5165405273438,193.0030517578125,13.84000015258789,14.286999988555909,1.7039458191454364
2024-03-13,950.3024291992188,192.42169189453125,13.75,14.181999969482423,1.6056253437899795
2024-03-14,941.4740600585938,188.3814239501953,14.399999618530273,14.18299994468689,1.6665086754190732
2024-03-15,922.27734375,189.12750244140625,14.40999984741211,14.202999925613403,1.4953255600241044
2024-03-18,923.3858032226562,185.2712860107422,14.329999923706055,14.207499933242797,1.626656647288154
2024-03-19,933.754150390625,184.6124725341797,13.819999694824219,14.127499914169311,1.7272630985322388
2024-03-20,952.401611328125,188.27487182617188,13.039999961853027,14.012499904632568,1.753820259291074
2024-03-21,971.8926391601562,189.07901000976562,12.920000076293945,13.931499910354614,1.8778898585297608
2024-03-22,961.2691650390625,187.49005126953125,13.0600004196167,13.896999931335449,1.846914658715431
2024-03-25,960.2587280273438,184.69964599609375,13.1899995803833,13.869499921798706,1.928028128351996
2024-03-26,952.7744140625,183.0816192626953,13.239999771118164,13.859999895095825,1.922085858828195
2024-03-27,955.4326782226562,187.31565856933594,12.779999732971191,13.80699987411499,1.8076477811264815
2024-03-28,951.9601440429688,191.63687133789062,13.010000228881836,13.787499904632568,1.6433519053560406
2024-04-01,974.0113525390625,190.5032958984375,13.649999618530273,13.81449990272522,1.8487976428133888
2024-04-02,948.2718505859375,188.8174285888672,14.609999656677246,13.870499897003175,1.704825650914731
2024-04-03,961.5733032226562,189.28250122070312,14.329999923706055,13.863999891281129,1.7921615895857905
2024-04-04,935.2255249023438,185.97857666015625,16.350000381469727,13.956499910354614,1.6950527166857692
2024-04-05,960.8670043945312,188.70115661621094,16.030000686645508,14.035999965667724,1.8052531334307282
2024-04-08,963.966796875,190.5711212158203,15.1899995803833,14.058499956130982,1.7695004397239833
2024-04-09,970.9508666992188,197.76995849609375,14.979999542236328,14.046499919891357,1.593854884897916
2024-04-10,956.0211791992188,190.22232055664062,15.800000190734863,14.144499921798706,1.719591338709163
2024-04-11,973.256103515625,192.46044921875,14.90999984741211,14.202499914169312,1.7806633018843419
2024-04-12,943.4948120117188,186.2886199951172,17.309999465942383,14.347999906539917,1.7486818344047084
2024-04-15,936.6087036132812,184.3701934814453,19.229999542236328,14.588999891281128,1.75690106720738
2024-04-16,958.287109375,185.28097534179688,18.399999618530273,14.792499876022339,1.894372047668995
2024-04-17,890.2991333007812,183.53697204589844,18.209999084472656,15.01199984550476,1.4278052043055278
2024-04-18,872.0735473632812,181.74452209472656,18.0,15.259999847412109,1.3449308130018844
2024-04-19,843.1459350585938,177.6558380126953,18.709999084472656,15.549499797821046,1.253004371867336
2024-04-22,855.4173583984375,180.51405334472656,16.940000534057617,15.743499803543092,1.256209741068588
2024-04-23,884.374267578125,184.02142333984375,15.6899995803833,15.868499803543092,1.3668757490647576
2024-04-24,875.30078125,190.38705444335938,15.970000267028809,16.004999828338622,1.0944536857476106
2024-04-25,885.2962646484375,191.78224182128906,15.369999885559082,16.13449983596802,1.1267777685675218
2024-04-26,903.3170166015625,195.68685913085938,15.029999732971191,16.235499811172485,1.14080759742605
2024-04-29,894.2738037109375,197.5568389892578,14.670000076293945,16.28649983406067,1.011802409626172
2024-04-30,857.6090698242188,194.3691864013672,15.649999618530273,16.33849983215332,0.8317614397806353
2024-05-01,838.3134765625,187.8582305908203,15.390000343322754,16.391499853134157,0.8909521514703524
2024-05-02,855.4564208984375,190.37733459472656,14.680000305175781,16.307999849319458,0.9423688225878367
2024-05-03,886.2724609375,193.419677734375,13.489999771118164,16.18099980354309,1.0821228831677188
2024-05-06,901.3018798828125,196.994873046875,13.489999771118164,16.095999813079835,1.0836727565194575
2024-05-07,892.7501220703125,197.2371063232422,13.229999542236328,16.008499813079833,1.010284657756884
2024-05-08,895.94482421875,198.48696899414062,13.0,15.868499803543092,0.9950107778999365
2024-05-09,897.9795532226562,198.4191436767578,12.6899995803833,15.75749979019165,1.0127966501590613
2024-05-10,914.4442749023438,200.7444610595703,12.550000190734863,15.519499826431275,1.065176934967516
2024-05-13,901.6165161132812,201.89744567871094,13.600000381469727,15.237999868392944,0.9299443530738775
2024-05-14,899.4442138671875,205.34671020507812,13.420000076293945,14.988999891281129,0.8034047308634648
2024-05-15,921.4527587890625,209.03819274902344,12.449999809265137,14.700999927520751,0.8548469922852345
2024-05-16,903.8773193359375,207.45889282226562,12.420000076293945,14.42199993133545,0.7701766614484753
2024-05-17,909.2149047851562,207.42015075683594,11.989999771118164,14.085999965667725,0.812400476951196
2024-05-20,923.4383544921875,210.71435546875,12.149999618530273,13.846499919891357,0.8167103422313469
2024-05-21,909.5098266601562,209.90048217773438,11.859999656677246,13.654999923706054,0.7356679279968892
2024-05-22,906.6199340820312,232.6888427734375,12.289999961853027,13.470999908447265,-0.012323589116324682
2024-05-23,918.3369140625,227.26303100585938,12.770000457763672,13.340999937057495,0.25046633317383327
2024-05-24,939.9326171875,225.2767791748047,11.930000305175781,13.185999965667724,0.4795713692799407
2024-05-28,974.9556884765625,226.1778564453125,12.920000076293945,13.098499965667724,0.7198315737164345
2024-05-29,941.5642700195312,221.0524139404297,14.279999732971191,13.02999997138977,0.6266456786067899
2024-05-30,949.6638793945312,222.84486389160156,14.470000267028809,12.983999967575073,0.6317578010446231
2024-05-31,943.9923095703125,227.1951904296875,12.920000076293945,12.895999956130982,0.4496472076043503
2024-06-03,949.0347900390625,224.9861297607422,13.109999656677246,12.876999950408935,0.558728402553901
2024-06-04,934.61474609375,224.3441162109375,13.15999984741211,12.860499954223632,0.46843774604878585
2024-06-05,1023.6026611328125,229.2564697265625,12.630000114440918,12.830499982833862,0.9953627981807093
2024-06-06,1034.6806640625,230.9393310546875,12.579999923706055,12.809499979019165,1.0268377908931745
2024-06-07,1010.90283203125,228.3712921142578,12.220000267028809,12.78600001335144,0.9260271647535032
2024-06-10,1023.9663696289062,228.95492553710938,12.739999771118164,12.795499992370605,1.007759933047179
2024-06-11,1018.3636474609375,229.85958862304688,12.850000381469727,12.757999992370605,0.9359208246923831
2024-06-12,1050.654052734375,231.94126892089844,12.039999961853027,12.68899998664856,1.1175939111617148
2024-06-13,1034.77880859375,227.65142822265625,11.9399995803833,12.663499975204468,1.1323096588209358
2024-06-14,1010.3916625976562,224.8888397216797,12.65999984741211,12.675499963760377,1.0330161287886623
2024-06-17,1034.5430908203125,226.05615234375,12.75,12.713499975204467,1.1813082593000102
2024-06-18,1043.301513671875,228.96466064453125,12.300000190734863,12.721000003814698,1.1559337920355477
2024-06-20,1032.842529296875,223.25462341308594,13.279999732971191,12.792000007629394,1.2574762124927548
2024-06-21,1018.943359375,224.752685546875,13.199999809265137,12.8375,1.1030251890230707
2024-06-24,984.9427490234375,222.2332763671875,13.329999923706055,12.86549997329712,0.922160071372922
2024-06-25,1005.909423828125,224.06202697753906,12.84000015258789,12.910999965667724,1.0249284500851477
2024-06-26,999.2841186523438,221.63014221191406,12.550000190734863,12.892499971389771,1.0515039222702927
2024-06-27,1010.499755859375,220.50177001953125,12.239999771118164,12.79049997329712,1.1735723489547973
2024-06-28,1005.3097534179688,222.0386962890625,12.4399995803833,12.688999938964844,1.0847654279715484
2024-07-01,1015.8864135742188,219.0426483154297,12.220000267028809,12.653999948501587,1.2614114417971667
2024-07-02,1030.0411376953125,222.01925659179688,12.029999732971191,12.599999952316285,1.2753088281277891
2024-07-03,1053.1605224609375,223.750732421875,12.09000015258789,12.546499967575073,1.3977070635296778
2024-07-05,1056.1781005859375,224.59701538085938,12.479999542236328,12.538999938964844,1.3939267878912411
2024-07-08,1059.0386962890625,226.98023986816406,12.369999885559082,12.528499937057495,1.3399900989489246
2024-07-09,1041.915283203125,225.6864776611328,12.510000228881836,12.542999935150146,1.2496968541629763
2024-07-10,1080.2313232421875,231.83424377441406,12.850000381469727,12.548499965667725,1.3481407697823358
2024-07-11,1044.40234375,227.3693389892578,12.920000076293945,12.551999950408936,1.215197847502683
2024-07-12,1066.7747802734375,232.0579833984375,12.460000038146973,12.572999954223633,1.2376754690425824
2024-07-15,1045.5130615234375,231.24087524414062,13.119999885559082,12.631999969482422,1.1004209658078894
2024-07-16,1049.9952392578125,236.69798278808594,13.1899995803833,12.658499956130981,0.9610354503438442
2024-07-17,916.1840209960938,229.18836975097656,14.479999542236328,12.744999933242799,0.17261208737697709
2024-07-18,908.4088745117188,232.47625732421875,15.930000305175781,12.926499938964843,0.00818529641519457
2024-07-19,880.1190185546875,224.91802978515625,16.520000457763672,13.088499975204467,0.03165983221024258
2024-07-22,925.2274169921875,233.4976348876953,14.90999984741211,13.173999977111816,0.10481261604976103
2024-07-23,916.9213256835938,224.0425567626953,14.720000267028809,13.243499994277954,0.34216594531088873
2024-07-24,857.8843383789062,218.49790954589844,18.040000915527344,13.503500032424927,0.06538680425372725
2024-07-25,847.9367065429688,214.89874267578125,18.459999084472656,13.798999977111816,0.10362591353054358
2024-07-26,873.2579956054688,220.25857543945312,16.389999389648438,14.00649995803833,0.12737216376027558
2024-07-29,857.3073120117188,221.20216369628906,16.600000381469727,14.214499998092652,-0.02517369103355408
2024-07-30,847.1542358398438,218.45901489257812,17.690000534057617,14.488000011444091,-0.015776063486138116
2024-07-31,922.4511108398438,225.07366943359375,16.360000610351562,14.70450005531311,0.35179138190669235
2024-08-01,870.2671508789062,212.95327758789062,18.59000015258789,15.029500055313111,0.33707434385689694
2024-08-02,797.0382690429688,202.2919921875,23.389999389648438,15.575000047683716,0.11427131934388055
2024-08-05,807.8709106445312,195.09365844726562,38.56999969482422,16.885000038146973,0.42672397619566493
2024-08-06,830.1863403320312,199.2959442138672,27.709999084472656,17.644999980926514,0.46425411015658347
2024-08-07,823.6275634765625,195.82322692871094,27.850000381469727,18.394999980926514,0.5244905147966281
2024-08-08,863.3145751953125,207.81716918945312,23.790000915527344,18.938500022888185,0.4472648065233726
2024-08-09,847.4594116210938,205.55067443847656,20.3700008392334,19.334000062942504,0.39769213973013606
2024-08-12,839.8863525390625,206.2996826171875,20.709999084472656,19.713500022888184,0.3156793978133442
2024-08-13,856.2634887695312,212.06805419921875,18.1200008392334,19.96000008583069,0.25772740445276826
2024-08-14,866.199951171875,209.451416015625,16.190000534057617,20.045500135421754,0.41737300575885317
2024-08-15,914.1295776367188,217.57383728027344,15.229999542236328,20.01050009727478,0.5267524549629877
2024-08-16,904.6854858398438,217.10690307617188,14.800000190734863,19.92450008392334,0.4690983450151538
2024-08-19,918.955078125,219.79165649414062,14.649999618530273,19.91150007247925,0.49317330034863244
2024-08-20,912.0911254882812,217.3987274169922,15.880000114440918,19.969500064849854,0.5166753628479399
2024-08-21,929.2559204101562,221.29940795898438,16.270000457763672,19.88100004196167,0.5242572681060468
2024-08-22,893.902099609375,215.86178588867188,17.549999237060547,19.835500049591065,0.4259439100488077
2024-08-23,893.4589233398438,222.1651611328125,15.859999656677246,19.809000062942506,0.22178098954326902
2024-08-26,869.8732299804688,219.46092224121094,16.149999618530273,19.786500024795533,0.12678379393678013
2024-08-27,876.3433837890625,225.52113342285156,15.430000305175781,19.67350001335144,-0.016543661282230417
2024-08-28,874.6199340820312,220.97842407226562,17.110000610351562,19.71100001335144,0.11490430513490595
2024-08-29,874.206298828125,224.59701538085938,15.649999618530273,19.56399998664856,-0.003522641993012509
2024-08-30,890.1204223632812,228.43934631347656,15.0,19.144500017166138,-0.0036868390918593065
2024-09-03,832.5300903320312,213.58575439453125,20.719999313354492,18.25199999809265,0.02712912331679801
2024-09-04,799.1358642578125,216.60333251953125,21.31999969482422,17.932500028610228,-0.32542973434014416
2024-09-05,783.4974975585938,213.92752075195312,19.899999618530273,17.534999990463255,-0.3603009574435122
2024-09-06,741.338623046875,208.63449096679688,22.3799991607666,17.46449990272522,-0.5154788091816284
2024-09-09,738.413818359375,213.43923950195312,19.450000762939453,17.41849989891052,-0.6909687936024549
2024-09-10,739.9501342773438,213.5955047607422,19.079999923706055,17.336999940872193,-0.6841476564848903
2024-09-11,787.9684448242188,219.7967529296875,17.690000534057617,17.315499925613402,-0.5128986940894494
2024-09-12,787.9979248046875,216.3396453857422,17.06999969482422,17.359499883651733,-0.40256504344097704
2024-09-13,803.941650390625,220.13851928710938,16.559999465942383,17.425999879837036,-0.40111782594632434
2024-09-16,790.8242797851562,218.0486602783203,17.139999389648438,17.542999839782716,-0.4352914229378177
2024-09-17,793.4340209960938,220.07015991210938,17.610000610351562,17.690999889373778,-0.47963377725158013
2024-09-18,775.8555297851562,217.4236602783203,18.229999542236328,17.80849986076355,-0.5303377320885769
2024-09-19,815.5621337890625,227.98036193847656,16.329999923706055,17.81149983406067,-0.5616375402855172
2024-09-20,783.182373046875,221.46669006347656,16.149999618530273,17.741499853134155,-0.6028399701106977
2024-09-23,791.2772827148438,220.71470642089844,15.890000343322754,17.742999887466432,-0.5167249181511225
2024-09-24,801.6175537109375,222.00376892089844,15.390000343322754,17.704999923706055,-0.4783730169347487
2024-09-25,805.7340087890625,221.3299560546875,15.40999984741211,17.70399990081787,-0.4253001436289597
2024-09-26,839.4727783203125,227.01358032226562,15.369999885559082,17.616999864578247,-0.34722459999360966
2024-09-27,828.7385864257812,226.61318969726562,16.959999084472656,17.682499837875366,-0.4169053941146334
2024-09-30,820.5748291015625,224.77723693847656,16.729999542236328,17.768999814987183,-0.42112459557130977
2024-10-01,809.8405151367188,218.42955017089844,19.260000228881836,17.69599986076355,-0.3013877244010273
2024-10-02,819.5308227539062,222.39439392089844,18.899999618530273,17.574999856948853,-0.35324958847138227
2024-10-03,819.7474365234375,221.25180053710938,20.489999771118164,17.604499864578248,-0.31519504133180604
2024-10-04,820.3284912109375,222.8826904296875,19.209999084472656,17.44599986076355,-0.36267592240537017
2024-10-07,804.8181762695312,221.20298767089844,22.639999389648438,17.605499792099,-0.428289380568731
2024-10-08,811.7214965820312,224.02525329589844,21.420000076293945,17.722499799728393,-0.46516328805827023
2024-10-09,833.0322875976562,227.7753143310547,20.860000610351562,17.88099980354309,-0.4209451137420255
2024-10-10,821.2838745117188,225.29481506347656,20.93000030517578,18.07399983406067,-0.4321641145139835
2024-10-11,827.901611328125,227.4042205810547,20.459999084472656,18.268999814987183,-0.44852689444662114
2024-10-14,859.001220703125,230.8905487060547,19.700000762939453,18.396999883651734,-0.3207358821514336
2024-10-15,719.3187866210938,220.57798767089844,20.639999389648438,18.548499822616577,-1.064974565710062
2024-10-16,673.1223754882812,222.1600341796875,19.579999923706055,18.615999841690062,-1.47012657984492
2024-10-17,689.942626953125,222.01353454589844,19.110000610351562,18.75499987602234,-1.3362897931567272
2024-10-18,712.2578735351562,222.98036193847656,18.030000686645508,18.8489999294281,-1.1957132281995844
2024-10-21,703.2372436523438,220.38267517089844,18.3700008392334,18.97299995422363,-1.1822518960505557
2024-10-22,709.943603515625,219.3572540283203,18.200000762939453,19.11349997520447,-1.0980913326720914
2024-10-23,697.8406372070312,221.5350341796875,19.239999771118164,19.30499997138977,-1.2603971415203108
2024-10-24,699.997314453125,224.2987060546875,19.079999923706055,19.49049997329712,-1.3318566320641407
2024-10-25,700.8737182617188,224.77723693847656,20.329999923706055,19.65900001525879,-1.3403672885808595
2024-10-28,697.8702392578125,224.7479248046875,19.799999237060547,19.8125,-1.3624988779549498
2024-10-29,705.8960571289062,229.71868896484375,19.34000015258789,19.816499996185303,-1.4591812583469526
2024-10-30,674.9908447265625,224.72837829589844,20.350000381469727,19.889000034332277,-1.5375782611660926
2024-10-31,663.8565063476562,217.88262939453125,23.15999984741211,20.022500038146973,-1.4050503246445059
2024-11-01,666.0084228515625,220.19711303710938,21.8799991607666,20.15600004196167,-1.4622399399501658
2024-11-04,662.4845581054688,218.93734741210938,21.979999542236328,20.123000049591063,-1.4491784543359592
2024-11-05,667.7161254882812,212.50173950195312,20.489999771118164,20.076500034332277,-1.2040316151742294
2024-11-06,652.8802490234375,220.94906616210938,16.270000457763672,19.84700002670288,-1.5870068884776867
2024-11-07,668.4563598632812,222.43345642089844,15.199999809265137,19.56050000190735,-1.5146675399573013
2024-11-08,660.81640625,220.50961303710938,14.9399995803833,19.28450002670288,-1.5120649241824098
2024-11-11,662.6326293945312,215.30450439453125,14.970000267028809,19.048000001907347,-1.332336990995511
2024-11-12,660.5300903320312,214.40606689453125,14.710000038146973,18.751500034332274,-1.3198685903137832
2024-11-13,664.7054443359375,207.85325622558594,14.020000457763672,18.473500061035157,-1.0791000711626906
2024-11-14,684.0027465820312,207.26730346679688,14.3100004196167,18.233500051498414,-0.9122444374753438
2024-11-15,650.1165161132812,201.5153350830078,16.139999389648438,18.13899998664856,-0.9892756767702389
2024-11-18,656.6311645507812,204.73802185058594,15.579999923706055,17.99949994087219,-1.0418876097278493
2024-11-19,653.6008911132812,205.49972534179688,16.350000381469727,17.906999921798707,-1.089418444492335
2024-11-20,649.9190063476562,206.06614685058594,17.15999984741211,17.802999925613403,-1.1357336777539484
2024-11-21,663.4715576171875,208.94703674316406,16.8700008392334,17.692499971389772,-1.123412082046981
2024-11-22,664.1823120117188,209.562255859375,15.239999771118164,17.437999963760376,-1.1375482968109958
2024-11-25,675.6224365234375,218.34164428710938,14.600000381469727,17.178000020980836,-1.3293134690499144
2024-11-26,663.2840576171875,213.9177703857422,14.100000381469727,16.916000032424925,-1.2831675286740039
2024-11-27,661.8132934570312,212.08181762695312,14.100000381469727,16.603500032424925,-1.2359880002671024
2024-11-29,677.7348022460938,212.9412078857422,13.510000228881836,16.121000051498413,-1.1410902160190295
2024-12-02,702.2734985351562,217.89239501953125,13.34000015258789,15.694000101089477,-1.110338701662564
2024-12-03,708.7782592773438,216.34942626953125,13.300000190734863,15.260000133514405,-1.011242665961522
2024-12-04,710.6142578125,213.18533325195312,13.449999809265137,14.908000135421753,-0.8963682617975073
2024-12-05,702.3031005859375,209.52320861816406,13.539999961853027,14.77150011062622,-0.8435566975820831
2024-12-06,699.8157348632812,213.08770751953125,12.770000457763672,14.650000143051148,-0.9761860055190508
2024-12-09,697.387451171875,214.81373596191406,14.1899995803833,14.612500143051147,-1.0498071690513264
2024-12-10,696.1536865234375,211.4499053955078,14.180000305175781,14.573000144958495,-0.9521454126963568
2024-12-11,705.1952514648438,212.93077087402344,13.579999923706055,14.51650013923645,-0.9298757382898263
2024-12-12,703.8824462890625,213.51919555664062,13.920000076293945,14.511500120162964,-0.9586984549842017
2024-12-13,709.2915649414062,212.43060302734375,13.8100004196167,14.486500120162964,-0.8824880547994826
2024-12-16,713.0425415039062,212.13641357421875,14.6899995803833,14.414000129699707,-0.8443126959788766
2024-12-17,725.6868896484375,209.6944580078125,15.869999885559082,14.428500127792358,-0.6694354908023374
2024-12-18,710.1898193359375,203.76116943359375,27.6200008392334,14.992000150680543,-0.5994725167098004
2024-12-19,701.0791625976562,203.77098083496094,24.09000015258789,15.338500165939331,-0.669750142393595
2024-12-20,696.5582885742188,207.6938018798828,18.360000610351562,15.41300015449524,-0.8294081363729265
2024-12-23,711.7197875976562,210.74380493164062,16.780000686645508,15.490000200271606,-0.8101168281934906
2024-12-24,710.406982421875,213.88204956054688,14.270000457763672,15.473500204086303,-0.920150118542823
2024-12-26,706.6068115234375,213.85264587402344,14.729999542236328,15.505000162124634,-0.9483969741797744
2024-12-27,704.3660888671875,212.80328369140625,15.949999809265137,15.597500133514405,-0.9321828715035267
2024-12-30,687.1515502929688,208.45877075195312,17.399999618530273,15.792000102996827,-0.9260109278755564
2024-12-31,684.1212158203125,208.3607177734375,17.350000381469727,15.992500114440919,-0.9461593895968122
2025-01-02,691.3663940429688,207.27210998535156,17.93000030517578,16.224000120162962,-0.855848514445084
2025-01-03,705.1260986328125,211.21453857421875,16.1299991607666,16.358000087738038,-0.8757455996313309
2025-01-06,758.5761108398438,213.7937774658203,16.040000915527344,16.483000135421754,-0.5474246717608504
2025-01-07,747.7875366210938,211.7048797607422,17.81999969482422,16.73550009727478,-0.5637449326450734
2025-01-08,734.36328125,216.1867218017578,17.700000762939453,16.911000156402586,-0.8095808533118929
2025-01-10,729.4574584960938,208.2724151611328,19.540000915527344,17.179000186920167,-0.5951880698601619
2025-01-13,718.0073852539062,208.84124755859375,19.190000534057617,17.459500217437743,-0.7012357632111402
2025-01-14,726.7726440429688,210.50840759277344,18.709999084472656,17.69900016784668,-0.6870213718482516
2025-01-15,716.9117431640625,214.00955200195312,16.1200008392334,17.814500188827516,-0.8742578096090827
2025-01-16,740.5818481445312,210.8712921142578,16.600000381469727,17.910000228881835,-0.5925315206762961
2025-01-17,746.5536499023438,214.93141174316406,15.970000267028809,17.915000247955323,-0.6759840809633159
2025-01-21,753.1373901367188,217.17723083496094,15.0600004196167,17.287000226974488,-0.6969526456704028
2025-01-22,756.799560546875,219.7564697265625,15.100000381469727,16.837500238418578,-0.7509766221319115
2025-01-23,736.5941162109375,223.94410705566406,15.020000457763672,16.670500230789184,-1.039518288269221
2025-01-24,722.784912109375,213.1759490966797,14.850000381469727,16.574000215530397,-0.8026050432633969
2025-01-27,681.2290649414062,211.26356506347656,17.899999618530273,16.755500173568727,-1.0608239438154337
2025-01-28,674.5169677734375,205.4774169921875,16.40999984741211,16.839500188827515,-0.9280832705910586
2025-01-29,703.4382934570312,205.85989379882812,16.559999465942383,16.870000171661378,-0.7181641377987
2025-01-30,727.463623046875,208.30181884765625,15.84000015258789,16.792000198364256,-0.6114361897582347
2025-01-31,729.7537231445312,207.8016815185547,16.43000030517578,16.74600019454956,-0.5779202638889037
2025-02-03,721.6102294921875,201.27999877929688,18.6200008392334,16.780500221252442,-0.43274554076777144
2025-02-04,721.9557495117188,202.0351104736328,17.209999084472656,16.834500217437743,-0.454142080085537
2025-02-05,732.9913330078125,205.7519989013672,15.770000457763672,16.821000194549562,-0.4877756592481026
2025-02-06,729.5759887695312,203.82003784179688,15.5,16.70500020980835,-0.4524716817493211
2025-02-07,718.293701171875,201.25057983398438,16.540000915527344,16.647000217437743,-0.45727778527179025
2025-02-10,734.4620361328125,200.90733337402344,15.8100004196167,16.46050019264221,-0.3221810860842136
2025-02-11,744.8184814453125,199.53433227539062,16.020000457763672,16.302000188827513,-0.19891949294748895
2025-02-12,747.9739379882812,201.17210388183594,15.890000343322754,16.16100025177002,-0.22684947709152337
2025-02-13,768.5681762695312,205.3008575439453,15.100000381469727,16.110000228881837,-0.20019524079028703
2025-02-14,743.4039916992188,210.46920776367188,14.770000457763672,16.018500232696532,-0.5580527174550748
2025-02-18,736.1534423828125,215.97096252441406,15.350000381469727,15.98750023841858,-0.7889615084684735
2025-02-19,736.7271728515625,236.99729919433594,15.270000457763672,15.998000240325927,-1.4542345513372255
2025-02-20,735.0357055664062,239.1156005859375,15.65999984741211,16.026000213623046,-1.5346910556203839
2025-02-21,729.2194213867188,234.30035400390625,18.209999084472656,16.185500144958496,-1.4259937601190262
2025-02-24,727.9829711914062,232.4174041748047,18.979999542236328,16.392000102996825,-1.3755179867841703
2025-02-25,722.2755126953125,230.760009765625,19.43000030517578,16.4685001373291,-1.3665610821655836
2025-02-26,738.8341064453125,229.22030639648438,19.100000381469727,16.603000164031982,-1.1903608036833067
2025-02-27,690.1376953125,219.53091430664062,21.1299991607666,16.831500148773195,-1.2557214745389336
2025-02-28,701.3944091796875,225.62109375,19.6299991607666,17.021000099182128,-1.3632450964010843
2025-03-03,692.2742919921875,224.12063598632812,22.780000686645508,17.338500118255617,-1.3854940063511438
2025-03-04,700.5436401367188,222.7810516357422,23.510000228881836,17.583000087738036,-1.2793245490670377
2025-03-05,731.7318725585938,226.02162170410156,21.93000030517578,17.819000148773192,-1.1430256783037058
2025-03-06,707.0919189453125,219.42230224609375,24.8700008392334,18.27400016784668,-1.122062552312851
2025-03-07,724.2833862304688,222.46585083007812,23.3700008392334,18.66750020980835,-1.0869765647938348
2025-03-10,675.7057495117188,213.01011657714844,27.860000610351562,19.23350019454956,-1.158867002416888
2025-03-11,682.7288818359375,205.93801879882812,26.920000076293945,19.78900017738342,-0.8796899651938072
2025-03-12,695.7462158203125,203.51498413085938,24.229999542236328,20.199500131607056,-0.7025510432264981
2025-03-13,687.0613403320312,200.7373809814453,24.65999984741211,20.638000106811525,-0.6807810381007562
2025-03-14,706.2610473632812,205.61297607421875,21.770000457763672,20.97150011062622,-0.6886226319144818
2025-03-17,722.4140014648438,208.4989471435547,20.510000228881836,21.25850009918213,-0.6564931189447607
2025-03-18,723.1854858398438,206.01683044433594,21.700000762939453,21.576000118255614,-0.5715142606215131
2025-03-19,726.9443359375,206.8146514892578,19.899999618530273,21.807500076293945,-0.568058461140384
2025-03-20,726.1035766601562,202.80581665039062,19.799999237060547,22.014500045776366,-0.4468355419229064
2025-03-21,708.4568481445312,201.32835388183594,19.280000686645508,22.06800012588501,-0.535296801827483
2025-03-24,719.9509887695312,209.14903259277344,17.479999542236328,21.99300012588501,-0.6961127017853991
2025-03-25,718.8629150390625,210.37039184570312,17.149999618530273,21.879000091552733,-0.7433682673456931
2025-03-26,698.1102905273438,207.36624145507812,18.329999923706055,21.84050006866455,-0.8070569166977715
2025-03-27,683.1443481445312,205.80010986328125,18.690000534057617,21.7185001373291,-0.8721070634292208
2025-03-28,667.2682495117188,198.53103637695312,21.649999618530273,21.819500160217284,-0.7625107058444273
2025-03-31,655.4478149414062,198.63938903808594,22.280000686645508,21.794500160217286,-0.8567365184635618
2025-04-01,660.1068115234375,196.18679809570312,21.770000457763672,21.707500171661376,-0.7428439562567609
2025-04-02,661.7586669921875,196.59063720703125,21.510000228881836,21.68650016784668,-0.7430206465796123
2025-04-03,616.4649047851562,178.1618194580078,30.020000457763672,21.944000148773192,-0.5039041085554972
2025-04-04,598.9865112304688,162.12646484375,45.310001373291016,23.041000175476075,-0.1274105911308982
2025-04-07,609.1649780273438,168.76516723632812,46.97999954223633,23.99700012207031,-0.2606847930503681
2025-04-08,588.9168090820312,163.59405517578125,52.33000183105469,25.26750020980835,-0.2514827677790432
2025-04-09,679.810791015625,193.6751251220703,33.619998931884766,25.73700017929077,-0.5115319625355172
2025-04-10,642.5095825195312,175.67967224121094,40.720001220703125,26.540000247955323,-0.2248392095298574
2025-04-11,661.5608520507812,176.46763610839844,37.560001373291016,27.32950029373169,-0.10363158244103246
2025-04-14,665.5767822265625,175.91604614257812,30.889999389648438,27.84850025177002,-0.05522343071125568
2025-04-15,675.7551879882812,176.84194946289062,30.1200008392334,28.269500255584717,-0.006548120720404349
2025-04-16,628.0480346679688,173.28616333007812,32.63999938964844,28.906500244140624,-0.25966428588039947
2025-04-17,633.2213134765625,173.62107849121094,29.649999618530273,29.399000263214113,-0.23060306853680848
2025-04-21,617.9190063476562,172.3603057861328,33.81999969482422,30.126000213623048,-0.30796186058580466
2025-04-22,631.767333984375,175.8175811767578,30.56999969482422,30.780500221252442,-0.31172646392296227
2025-04-23,650.84814453125,180.35829162597656,28.450000762939453,31.3455002784729,-0.30981520192209155
2025-04-24,667.6836547851562,192.296142578125,26.469999313354492,31.75250024795532,-0.5607421542712872
2025-04-25,669.9290771484375,191.665771484375,24.84000015258789,32.06000022888183,-0.523421445780668
2025-04-28,667.5289306640625,190.808837890625,25.149999618530273,32.23500022888184,-0.5145603963709411
2025-04-29,660.9306640625,189.77462768554688,24.170000076293945,32.32950019836426,-0.5322925634674381
2025-04-30,662.8853759765625,191.99081420898438,24.700000762939453,32.476000213623045,-0.587865890839746
2025-05-01,661.535888671875,190.82855224609375,24.600000381469727,32.63050022125244,-0.5612117558414361
2025-05-02,684.9623413085938,195.6056671142578,22.68000030517578,32.26350021362305,-0.5334575778347704
2025-05-05,678.0464477539062,194.7487335205078,23.639999389648438,31.18000011444092,-0.5592751330657133
2025-05-06,674.7026977539062,192.66058349609375,24.760000228881836,30.069000148773192,-0.5184468032660712
2025-05-07,694.9441528320312,196.8565673828125,23.549999237060547,28.630000019073485,-0.49664301094952334
2025-05-08,702.5247192382812,199.73268127441406,22.479999542236328,28.073000049591066,-0.5300310604338329
2025-05-09,700.7188720703125,204.3916015625,21.899999618530273,27.131999969482422,-0.6922834676464268
2025-05-12,744.3668212890625,219.7965850830078,18.389999389648438,26.173499870300294,-0.8477312921669017
2025-05-13,757.9602661132812,223.27352905273438,18.219999313354492,25.539999866485594,-0.8540796988826816
2025-05-14,762.9313354492188,223.4114227294922,18.6200008392334,24.964999866485595,-0.8202963036253774
2025-05-15,752.4633178710938,223.70692443847656,17.829999923706055,24.224499893188476,-0.9100968621221616
2025-05-16,742.2830810546875,223.69708251953125,17.239999771118164,23.603999900817872,-0.9879623611879511
2025-05-19,743.3051147460938,221.16567993164062,18.139999389648438,22.81999988555908,-0.8994896810289315
2025-05-20,742.9380493164062,221.116455078125,18.09000015258789,22.195999908447266,-0.9007407653212471
2025-05-21,731.4380493164062,218.88055419921875,20.8700008392334,21.816999912261963,-0.9178424262931923
2025-05-22,734.9407348632812,208.7451934814453,20.280000686645508,21.507499980926514,-0.568137108603808
2025-05-23,726.7944946289062,207.30714416503906,22.290000915527344,21.380000019073485,-0.5848948265433721
2025-05-27,750.9055786132812,213.6306610107422,18.959999084472656,21.070499992370607,-0.60113521375917
2025-05-28,740.7055053710938,212.37974548339844,19.309999465942383,20.82749996185303,-0.6396254319039333
2025-05-29,741.2611694335938,212.50779724121094,19.18000030517578,20.551499938964845,-0.6394366076055346
2025-05-30,731.041259765625,210.76438903808594,18.56999969482422,20.249999904632567,-0.6623934976908765
2025-06-02,740.725341796875,212.2122802734375,18.360000610351562,20.033999919891357,-0.634139409727572
2025-06-03,741.439697265625,215.1475067138672,17.690000534057617,19.736499977111816,-0.7221391191447037
2025-06-04,737.0045166015625,216.1963348388672,17.610000610351562,19.378999996185303,-0.7896037010277142
2025-06-05,741.94580078125,215.74118041992188,18.479999542236328,19.125500011444093,-0.7371607356905381
2025-06-06,747.1648559570312,219.91668701171875,16.770000457763672,18.840000057220458,-0.8300690216976626
2025-06-09,764.2113037109375,225.259765625,17.15999984741211,18.60300006866455,-0.8693356660301654
2025-06-10,778.8663940429688,230.8798828125,16.950000762939453,18.5310001373291,-0.9357902490920043
2025-06-11,777.9932861328125,230.0883026123047,17.260000228881836,18.483000183105467,-0.9172838073510757
2025-06-12,780.0968017578125,229.6727294921875,18.020000457763672,18.453000164031984,-0.8878940843770637
2025-06-13,755.082763671875,222.65748596191406,20.81999969482422,18.60250015258789,-0.8565567465586894
2025-06-16,769.2021484375,229.35610961914062,19.110000610351562,18.696000194549562,-0.9614751986530828
2025-06-17,753.9517211914062,225.04208374023438,21.600000381469727,18.869000244140626,-0.9411908933262114
2025-06-18,755.7178955078125,227.22877502441406,20.139999389648438,18.971500205993653,-0.9972726824629384
2025-06-20,750.6475830078125,225.9425048828125,20.6200008392334,18.959000205993654,-0.9952429602283458
2025-06-23,773.6572265625,228.5447540283203,19.829999923706055,18.93650016784668,-0.9014212037822787
2025-06-24,807.0357055664062,232.50257873535156,17.479999542236328,18.69600009918213,-0.7711465958016568
2025-06-25,808.9010620117188,232.20574951171875,16.760000228881836,18.586000156402587,-0.7473677499025112
2025-06-26,791.8844604492188,234.79812622070312,16.59000015258789,18.450000190734862,-0.9606124456925252
2025-06-27,789.7611083984375,234.46173095703125,16.31999969482422,18.307000160217285,-0.9662046605705966
2025-06-30,795.1587524414062,235.5105438232422,16.729999542236328,18.21500015258789,-0.9581577424086639
2025-07-01,784.3236083984375,238.10292053222656,16.829999923706055,18.138500118255614,-1.1239320378230229
2025-07-02,793.372802734375,242.56536865234375,16.639999389648438,18.086000061035158,-1.1965657873283069
2025-07-03,788.3223876953125,243.0897674560547,16.3799991607666,18.02449998855591,-1.2520522225819655
2025-07-07,778.985595703125,239.2605743408203,17.790000915527344,17.99000005722046,-1.2017959504619304
2025-07-08,787.9254150390625,242.56536865234375,16.809999465942383,17.992000007629393,-1.2383989106783981
2025-07-09,793.6109619140625,240.16098022460938,15.9399995803833,17.930999994277954,-1.1181582001075847
2025-07-10,795.8533325195312,242.5455780029297,15.779999732971191,17.87249994277954,-1.1768862770985284
2025-07-11,795.694580078125,242.10031127929688,16.399999618530273,17.829499912261962,-1.1639238767796665
2025-07-14,800.457275390625,240.8931884765625,17.200000762939453,17.788499927520753,-1.088902540084181
2025-07-15,816.6205444335938,237.88523864746094,17.3799991607666,17.61649990081787,-0.8689751875464313
2025-07-16,748.583740234375,238.0732421875,17.15999984741211,17.5189998626709,-1.3974505205044263
2025-07-17,739.1178588867188,238.429443359375,16.520000457763672,17.264999866485596,-1.481488439985945
2025-07-18,728.8682861328125,239.3001708984375,16.40999984741211,17.07849988937378,-1.5879321289441164
2025-07-21,714.0841064453125,237.94459533691406,16.649999618530273,16.879999828338622,-1.6582925432379865
2025-07-22,699.9945068359375,233.01708984375,16.5,16.71349983215332,-1.6095546423407547
2025-07-23,711.35546875,225.6753387451172,15.369999885559082,16.60799984931946,-1.2884769825818594
2025-07-24,719.4420776367188,223.9833526611328,15.390000343322754,16.539499855041505,-1.1724870378765588
2025-07-25,705.7196655273438,225.4180908203125,14.930000305175781,16.4564998626709,-1.3235638136628385
2025-07-28,724.3139038085938,228.33697509765625,15.029999732971191,16.391999864578246,-1.2737347696670822
2025-07-29,714.711669921875,228.3171844482422,15.979999542236328,16.354499864578248,-1.3468446424163243
2025-07-30,717.6561279296875,228.67340087890625,15.479999542236328,16.28699984550476,-1.335578052881491
2025-07-31,691.0567626953125,222.26171875,16.719999313354492,16.290999841690063,-1.335638357139353
2025-08-01,686.1924438476562,219.37249755859375,20.3799991607666,16.490999841690062,-1.2809734682599987
2025-08-04,695.6822509765625,220.0552215576172,17.520000457763672,16.47749981880188,-1.2298410922998855
2025-08-05,686.0034790039062,218.3533477783203,17.850000381469727,16.52949986457825,-1.2499651764280875
2025-08-06,687.3264770507812,218.3632354736328,16.770000457763672,16.570999908447266,-1.240120153370807
2025-08-07,709.3699340820312,220.7676239013672,16.56999969482422,16.610499906539918,-1.1474164388948225
2025-08-08,718.521484375,221.5888671875,15.149999618530273,16.547999906539918,-1.1032934752481487
2025-08-11,717.516845703125,221.70762634277344,16.25,16.500499868392943,-1.1147910048408691
2025-08-12,737.88916015625,229.5935821533203,14.729999542236328,16.367999887466432,-1.2095061614272629
2025-08-13,751.5967407226562,235.12464904785156,14.489999771118164,16.234499883651733,-1.2804009197862
2025-08-14,751.2385864257812,233.71963500976562,14.829999923706055,16.149999856948853,-1.2384023192688036
2025-08-15,738.2572021484375,229.1879119873047,15.09000015258789,16.08399987220764,-1.1937593838582796
2025-08-18,743.6188354492188,229.10874938964844,14.989999771118164,16.000999879837035,-1.1500635182175487
2025-08-19,739.6995849609375,228.0104522705078,15.569999694824219,15.954499864578247,-1.1451810872957664
2025-08-20,745.5486450195312,242.28831481933594,15.6899995803833,15.970499849319458,-1.5550065772573016
2025-08-21,731.5327758789062,244.34637451171875,16.600000381469727,16.030999851226806,-1.728189450971162
2025-08-22,750.9202270507812,249.541015625,14.220000267028809,15.995499849319458,-1.744750733424545
2025-08-25,750.4925537109375,251.806884765625,14.789999961853027,15.98349986076355,-1.8202019169324783
2025-08-26,759.1866455078125,252.93487548828125,14.619999885559082,15.915499877929687,-1.7893617607080188
2025-08-27,765.9508056640625,252.8062286376953,14.850000381469727,15.883999919891357,-1.7333191630404268
2025-08-28,759.4451904296875,251.56942749023438,14.430000305175781,15.769499969482421,-1.743887388665198
2025-08-29,738.71484375,248.66041564941406,15.359999656677246,15.518499994277954,-1.8104350741252984
2025-09-02,722.032958984375,246.67367553710938,17.170000076293945,15.500999975204468,-1.8752665870809033
2025-09-03,732.9453735351562,242.9286651611328,16.350000381469727,15.425999975204467,-1.6721880504636988
2025-09-04,749.468017578125,244.4783172607422,15.300000190734863,15.352499961853027,-1.5946583750580996
2025-09-05,777.5892944335938,245.43197631835938,15.180000305175781,15.282999992370605,-1.4090750917131498
2025-09-08,792.062744140625,247.32928466796875,15.109999656677246,15.280999994277954,-1.3583548592713113
2025-09-09,800.8960571289062,246.5345916748047,15.039999961853027,15.220499992370605,-1.2652089784185299
2025-09-10,788.9691772460938,245.57102966308594,15.350000381469727,15.251500034332276,-1.3261122546663502
2025-09-11,799.93115234375,246.59420776367188,14.710000038146973,15.262500047683716,-1.2745176932629072
2025-09-12,809.590087890625,243.5843048095703,14.760000228881836,15.259000062942505,-1.1044780556828637
2025-09-15,862.7391357421875,243.28628540039062,15.6899995803833,15.289000034332275,-0.6868290463622724
2025-09-16,873.8006591796875,242.48165893554688,16.360000610351562,15.357500076293945,-0.5762552839343621
2025-09-17,867.6830444335938,244.68695068359375,15.720000267028809,15.365000104904174,-0.6934729163444922
2025-09-18,922.9209594726562,247.39883422851562,15.699999809265137,15.365500116348267,-0.35564648858229425
2025-09-19,927.2481689453125,243.7034912109375,15.449999809265137,15.308000087738037,-0.20472080716599336
2025-09-22,952.76318359375,245.70016479492188,16.100000381469727,15.402000093460083,-0.07237179638368287
2025-09-23,958.4432373046875,245.14389038085938,16.639999389648438,15.494500064849854,-0.011034838111833077
2025-09-24,941.9603881835938,246.96176147460938,16.18000030517578,15.572500085830688,-0.19551294900393518
2025-09-25,944.5565795898438,245.888916015625,16.739999771118164,15.66700005531311,-0.14140591372601358
2025-09-26,946.5162353515625,245.91871643066406,15.289999961853027,15.710000038146973,-0.12730589913681592
2025-09-29,957.5479125976562,243.1670684814453,16.1200008392334,15.74800009727478,0.045050384314978896
2025-09-30,962.9991455078125,244.071044921875,16.280000686645508,15.703500127792358,0.05812180976580545
2025-10-01,997.994140625,237.69361877441406,16.290000915527344,15.70050015449524,0.5299833360288484
2025-10-02,1024.752685546875,240.0677490234375,16.6299991607666,15.767000102996827,0.6598601985160266
2025-10-03,1026.7918701171875,240.38563537597656,16.649999618530273,15.84050006866455,0.6653955507950883
2025-10-06,1037.8135986328125,240.8922576904297,16.3700008392334,15.903500127792359,0.7339010479604388
2025-10-07,997.0292358398438,232.2002716064453,17.239999771118164,16.013500118255614,0.6975339057895876
2025-10-08,982.6154174804688,236.35255432128906,16.299999237060547,16.061000061035156,0.4545949631084788
2025-10-09,975.3836059570312,236.30288696289062,16.43000030517578,16.147000074386597,0.4006402687547935
2025-10-10,931.2669067382812,223.82615661621094,21.65999984741211,16.49200005531311,0.459224840339181
2025-10-13,979.4819946289062,233.11416625976562,19.030000686645508,16.65900011062622,0.5336730406809939
2025-10-14,978.0098266601562,233.8393096923828,20.809999465942383,16.881500053405762,0.49927207177101834
2025-10-15,1004.499755859375,236.5710906982422,20.639999389648438,17.127500009536742,0.6156950948160212
2025-10-16,1014.228271484375,240.00816345214844,25.309999465942383,17.607999992370605,0.5809359080839818
2025-10-17,1023.857421875,241.25979614257812,20.780000686645508,17.874500036239624,0.6150188923614472
2025-10-20,1036.669677734375,244.5876007080078,18.229999542236328,17.980999994277955,0.6074213782900653
2025-10-21,1019.6297607421875,244.73658752441406,17.8700008392334,18.042500066757203,0.4718184582282754
2025-10-22,1006.25048828125,238.7664337158203,18.600000381469727,18.1635000705719,0.5592191662412257
2025-10-23,1030.9598388671875,241.67701721191406,17.299999237060547,18.19150004386902,0.6562734896404536
2025-10-24,1027.667236328125,236.4320068359375,16.3700008392334,18.245500087738037,0.7980391323853375
2025-10-27,1054.4058837890625,241.39886474609375,15.789999961853027,18.229000043869018,0.8451860283314382
2025-10-28,1046.9453125,237.7631378173828,16.420000076293945,18.23600001335144,0.9036888985595531
2025-10-29,1067.0986328125,233.48170471191406,16.920000076293945,18.26749997138977,1.194817630767137
2025-10-30,1071.6925048828125,231.35589599609375,16.90999984741211,18.281500005722044,1.2978022091701946
2025-10-31,1055.529296875,232.57774353027344,17.440000534057617,18.321000051498412,1.1347618487260809
2025-11-03,1063.0926513671875,232.06118774414062,17.170000076293945,18.36100001335144,1.2092965643371414
2025-11-04,1026.5408935546875,227.8592529296875,19.0,18.44900002479553,1.0624276072783192
2025-11-05,1040.103271484375,234.4353485107422,18.010000228881836,18.534500074386596,0.9571340924003966
2025-11-06,1025.6041259765625,231.33604431152344,19.5,18.68800005912781,0.9444995355517607
2025-11-07,1013.4069213867188,226.9652099609375,19.079999923706055,18.559000062942506,0.9900403368414091
2025-11-10,1035.16064453125,230.46188354492188,17.600000381469727,18.487500047683717,1.0457302729881077
2025-11-11,1018.8477783203125,231.86251831054688,17.280000686645508,18.311000108718872,0.8758463250912263
2025-11-12,1033.705810546875,239.8392791748047,17.510000228881836,18.15450015068054,0.7358922311890117
2025-11-13,1016.2967529296875,235.9552001953125,20.0,17.889000177383423,0.7259057626112921
2025-11-14,1003.4617919921875,233.33270263671875,19.829999923706055,17.84150013923645,0.7108652148631059
2025-11-17,1016.436279296875,228.41552734375,22.3799991607666,18.049000120162965,0.9671123097583473
2025-11-18,1000.552001953125,228.60427856445312,24.690000534057617,18.390000104904175,0.8391176274935374
2025-11-19,1035.69873046875,230.66055297851562,23.65999984741211,18.643000078201293,1.0435349663963347
2025-11-20,977.6123657226562,223.7069549560547,26.420000076293945,19.099000120162962,0.8189305401929282
2025-11-21,963.1929931640625,230.77975463867188,23.43000030517578,19.452000093460082,0.48293184358367797
2025-11-24,984.3687133789062,237.81280517578125,20.520000457763672,19.688500118255615,0.421551062565262
2025-11-25,999.7149047851562,250.34915161132812,18.559999465942383,19.795500087738038,0.14012510941121695
2025-11-26,1037.3330078125,256.21002197265625,17.190000534057617,19.809000110626222,0.24234672496028498
2025-11-28,1056.2965087890625,263.580810546875,16.350000381469727,19.7810001373291,0.15322044439303578
2025-12-01,1084.188720703125,264.7430725097656,17.239999771118164,19.771000099182128,0.33040072227981754
2025-12-02,1104.9061279296875,271.1602478027344,16.59000015258789,19.742000102996826,0.28511567298074736
2025-12-03,1136.933837890625,276.3952941894531,16.079999923706055,19.596000099182127,0.36433815892543564
2025-12-04,1106.2015380859375,275.42181396484375,15.779999732971191,19.484500074386595,0.1593348631045098
2025-12-05,1095.6285400390625,279.42510986328125,15.40999984741211,19.280000066757204,-0.04936340329016592
2025-12-08,1115.7779541015625,278.25872802734375,16.65999984741211,19.159000062942503,0.14252240379072575
2025-12-09,1107.5567626953125,275.37774658203125,16.93000030517578,19.12550005912781,0.17114581353625913
2025-12-10,1115.4093017578125,280.6911315917969,15.770000457763672,19.050000047683717,0.06222042747159504
2025-12-11,1118.9169921875,282.5054626464844,14.850000381469727,18.91700005531311,0.031372081698515235
2025-12-12,1077.07373046875,278.4481506347656,15.739999771118164,18.70400004386902,-0.16073906041979147
2025-12-15,1084.019287109375,279.56463623046875,16.5,18.537500047683714,-0.14296031797598008
2025-12-16,1072.29052734375,277.531005859375,16.479999542236328,18.242500066757202,-0.16826095691400478
2025-12-17,1011.8822631835938,270.1940002441406,17.6200008392334,17.88900008201599,-0.39848501846372714
2025-12-18,1032.689453125,274.0618896484375,16.8700008392334,17.549500131607054,-0.3618870187255965
2025-12-19,1052.3304443359375,273.5833740234375,14.90999984741211,16.974000120162962,-0.19581385384127362
2025-12-22,1053.287109375,274.9590759277344,14.079999923706055,16.50650010108948,-0.23228262329012095
2025-12-23,1058.130126953125,275.8662414550781,14.0,16.180500078201295,-0.2239835483097914
2025-12-24,1061.7972412109375,276.6936340332031,13.470000267028809,15.926000118255615,-0.22217407219997337
2025-12-26,1069.001953125,275.9758605957031,13.600000381469727,15.74650011062622,-0.14398485815335169
2025-12-29,1062.275634765625,274.7696533203125,14.199999809265137,15.639000082015992,-0.15722237028937805
2025-12-30,1068.3941650390625,273.9621887207031,14.329999923706055,15.493500089645385,-0.08451784851858823
2025-12-31,1066.1220703125,270.3534851074219,14.949999809265137,15.411500072479248,0.012969161347163421
2026-01-02,1159.7139892578125,272.88555908203125,14.510000228881836,15.333000087738037,0.6510613760059096
2026-01-05,1223.8988037109375,276.4244689941406,14.899999618530273,15.289000082015992,1.0312549659596066
2026-01-06,1237.8499755859375,292.025634765625,14.75,15.256000089645386,0.6415029199450456
2026-01-07,1224.1778564453125,291.9757995605469,15.380000114440918,15.192000102996825,0.5380953360273703
2026-01-08,1190.147216796875,298.2262268066406,15.449999809265137,15.118000078201295,0.07768441722988773
2026-01-09,1269.4293212890625,299.9906921386719,14.489999771118164,15.054000043869019,0.6303326259475176
2026-01-12,1276.7535400390625,292.9427490234375,15.119999885559082,15.067500019073487,0.9110525366468903
2026-01-13,1265.722412109375,295.285400390625,15.979999542236328,15.079500007629395,0.7517268216583084
2026-01-14,1259.3048095703125,297.0598449707031,16.75,15.092000007629395,0.6459277189209295
2026-01-15,1326.9476318359375,301.15704345703125,15.84000015258789,15.060000038146972,1.0348957922711546
2026-01-16,1353.8233642578125,299.31280517578125,15.859999656677246,14.971999979019165,1.3000256604930225
2026-01-20,1321.4368896484375,294.74713134765625,20.09000015258789,15.13299994468689,1.1967288442218436
2026-01-21,1355.3380126953125,304.01806640625,16.899999618530273,15.232499933242797,1.1617970067865733
2026-01-22,1390.1260986328125,307.5569763183594,15.640000343322754,15.310499954223634,1.3162389082490138
2026-01-23,1384.18701171875,304.6461181640625,16.09000015258789,15.414999961853027,1.3633392607655932
2026-01-26,1408.4119873046875,303.0610656738281,16.149999618530273,15.548999929428101,1.5998577395669529
2026-01-27,1449.5079345703125,302.8816223144531,16.350000381469727,15.6864999294281,1.9211685713135362
2026-01-28,1417.9486083984375,316.6385498046875,16.350000381469727,15.79399995803833,1.2406575386385126
2026-01-29,1450.0760498046875,317.7052307128906,16.8799991607666,15.921499919891357,1.453406403005751
2026-01-30,1418.0283203125,309.9096374511719,17.440000534057617,16.04599995613098,1.4555823987245313
2026-02-02,1436.35400390625,315.8709411621094,16.34000015258789,16.137499952316283,1.4064494443432125
2026-02-03,1391.0030517578125,310.318359375,18.0,16.29249997138977,1.2350246953626673
2026-02-04,1334.4512939453125,319.4397888183594,18.639999389648438,16.48699994087219,0.5102231453494223
2026-02-05,1345.4427490234375,321.1145324707031,21.770000457763672,16.80649995803833,0.5412920394528892
2026-02-06,1408.0731201171875,319.44976806640625,20.3700008392334,17.052500009536743,1.0752829025297526
2026-02-09,1424.49560546875,321.9618835449219,17.360000610351562,17.196000051498412,1.1213894021079098
2026-02-10,1410.5390625,324.1450500488281,17.790000915527344,17.329500102996825,0.9446775292662982
2026-02-11,1432.5010986328125,335.9480895996094,17.649999618530273,17.413000106811523,0.7374133274068468
2026-02-12,1403.8038330078125,330.32568359375,20.81999969482422,17.616500091552734,0.6961041562773826
2026-02-13,1403.5443115234375,336.04779052734375,20.600000381469727,17.854500102996827,0.5118647336854342
2026-02-17,1416.6856689453125,336.4565124511719,20.290000915527344,18.07600016593933,0.5997659675276225
2026-02-18,1465.5189208984375,345.2888488769531,19.6200008392334,18.052500200271606,0.6934743275540359
2026-02-19,1455.7503662109375,344.22216796875,20.229999542236328,18.21900019645691,0.6524301624651425
2026-02-20,1466.3870849609375,353.92181396484375,19.09000015258789,18.391500186920165,0.425185475541446
2026-02-23,1482.7513427734375,354.04144287109375,21.010000228881836,18.637500190734862,0.5470443969208458
2026-02-24,1494.53564453125,354.978515625,19.549999237060547,18.807500171661378,0.6076964173071193
2026-02-25,1523.18310546875,359.6737976074219,17.93000030517578,18.88650016784668,0.6781515810297531
2026-02-26,1460.6097412109375,353.24395751953125,18.6299991607666,19.000500106811522,0.40240787114180915
2026-02-27,1447.398681640625,354.679443359375,19.860000610351562,19.149500179290772,0.2552342054083153
2026-03-02,1420.4375,351.30999755859375,21.440000534057617,19.34950017929077,0.15550153277649306
2026-03-03,1357.973876953125,338.989990234375,23.56999969482422,19.711000156402587,0.06819965245848342
2026-03-04,1396.3201904296875,341.510009765625,21.149999618530273,19.8685001373291,0.28241808568290017
2026-03-05,1365.377685546875,329.7200012207031,23.75,20.12400016784668,0.4203018954543151
2026-03-06,1289.982421875,315.80999755859375,29.489999771118164,20.510000133514403,0.284332335983699
2026-03-09,1354.461669921875,319.7099914550781,25.5,20.766500091552736,0.6552866676782687
2026-03-10,1380.385009765625,318.80999755859375,24.93000030517578,21.145000076293947,0.8830289105402277
2026-03-11,1383.6578369140625,319.2200012207031,24.229999542236328,21.467000007629395,0.895104107253212
2026-03-12,1348.63427734375,307.2699890136719,27.290000915527344,21.949000072479247,1.0067435671815002
2026-03-13,1342.757080078125,306.07000732421875,27.190000534057617,22.267500114440917,0.9998285843822896
2026-03-16,1372.5621337890625,310.9200134277344,23.510000228881836,22.413000106811523,1.0742455716382713
2026-03-17,1386.1324462890625,313.6600036621094,22.3700008392334,22.517000102996825,1.0911911526853313
2026-03-18,1352.216552734375,308.5899963378906,25.09000015258789,22.79050006866455,0.9922119751753142
2026-03-19,1363.4119873046875,310.44000244140625,24.059999465942383,22.982000064849853,1.019265299239306
2026-03-20,1314.379150390625,309.42999267578125,26.780000686645508,23.366500091552734,0.6748867813843158
2026-03-23,1366.635009765625,312.19000244140625,26.149999618530273,23.623500061035156,0.9882797645545205
2026-03-24,1396.3701171875,321.8299865722656,26.950000762939453,23.9935001373291,0.9096010388253746
2026-03-25,1390.85205078125,322.0299987792969,25.329999923706055,24.363500118255615,0.8608548441681648
2026-03-26,1326.6024169921875,313.4200134277344,27.440000534057617,24.804000186920167,0.6416748580276954
2026-03-27,1299.63134765625,307.44000244140625,31.049999237060547,25.363500118255615,0.6250115341405116
2026-03-30,1251.22705078125,303.1000061035156,30.610000610351562,25.822000122070314,0.39151839516712394
2026-03-31,1317.9512939453125,318.1400146484375,25.25,25.9060001373291,0.42490886921333854
2026-04-01,1356.7965087890625,320.5799865722656,24.540000915527344,26.075500202178954,0.6455080860895044
2026-04-02,1314.359130859375,318.3399963378906,23.8700008392334,26.081500244140624,0.3909535890946703
2026-04-06,1301.16796875,327.3599853515625,24.170000076293945,25.815500259399414,0.0023698440417813473
2026-04-07,1303.6026611328125,327.4100036621094,25.780000686645508,25.82950029373169,0.01947396395121388
2026-04-08,1417.9530029296875,346.2099914550781,21.040000915527344,25.63500032424927,0.2988546897382266
2026-04-09,1445.4827880859375,351.3599853515625,19.489999771118164,25.39800033569336,0.3462443189006496
2026-04-10,1475.0582275390625,350.1400146484375,19.229999542236328,24.995000267028807,0.612223911821577
2026-04-13,1496.9302978515625,350.010009765625,19.1200008392334,24.591500282287598,0.7843307073529283
2026-04-14,1514.990966796875,348.6000061035156,18.360000610351562,24.334000301361083,0.9679352723000377
2026-04-15,1478.54052734375,347.94000244140625,18.170000076293945,24.12400026321411,0.7090355359856373
2026-04-16,1407.755126953125,353.79998779296875,17.940000534057617,23.7665002822876,-0.02119756573243083
2026-04-17,1456.6185302734375,371.45001220703125,17.479999542236328,23.437500286102296,-0.20809690034565578
2026-04-20,1473.2821044921875,381.04998779296875,18.8700008392334,23.04200029373169,-0.38588399479199337
2026-04-21,1455.790283203125,375.2699890136719,19.5,22.709500312805176,-0.33612188603004634
2026-04-22,1440.513671875,381.4200134277344,18.920000076293945,22.3080002784729,-0.6493137724819865
2026-04-23,1414.7100830078125,403.8800048828125,19.309999465942383,22.007000255584718,-1.5628122360872445
2026-04-24,1454.52294921875,399.57000732421875,18.709999084472656,21.57050018310547,-1.119798583124565
2026-04-27,1432.43994140625,392.5899963378906,18.020000457763672,20.919000244140626,-1.0670745870513227
2026-04-28,1384.56005859375,383.260009765625,17.829999923706055,20.28000020980835,-1.1376116399999674
2026-04-29,1394.0799560546875,389.30999755859375,18.809999465942383,19.95800018310547,-1.2571930293316296
2026-04-30,1438.989990234375,402.260009765625,16.889999389648438,19.575500106811525,-1.3247590043255177
