Date,GOOGL,TXN,VIX,AvgVIX,zscore
2024-01-30,150.2184600830078,152.04049682617188,13.3100004196167,13.347500038146972,-0.312874364009886
2024-01-31,138.95155334472656,150.22972106933594,14.350000381469727,13.405000066757202,-0.4710375939393297
2024-02-01,140.0028839111328,149.82626342773438,13.880000114440918,13.397000074386597,-0.44375858112915134
2024-02-02,141.21286010742188,149.3665313720703,13.850000381469727,13.383000087738036,-0.4124639440986321
2024-02-05,142.50221252441406,149.08506774902344,13.670000076293945,13.399000072479248,-0.383675254533516
2024-02-06,142.9187774658203,148.58779907226562,13.0600004196167,13.39800009727478,-0.3654864838016418
2024-02-07,144.3469696044922,148.96311950683594,12.829999923706055,13.40150008201599,-0.34862650816154667
2024-02-08,144.71395874023438,150.3141632080078,12.789999961853027,13.406500101089478,-0.37173596661267183
2024-02-09,147.7786102294922,152.36886596679688,12.930000305175781,13.431000137329102,-0.3628839205570553
2024-02-12,146.32066345214844,151.1304473876953,13.930000305175781,13.492500162124633,-0.36138769606497606
2024-02-13,143.95025634765625,147.16168212890625,15.850000381469727,13.593000173568726,-0.3161873716504369
2024-02-14,144.74368286132812,148.11868286132812,14.380000114440918,13.57250018119812,-0.3231926157081863
2024-02-15,141.5996856689453,150.78326416015625,14.010000228881836,13.566500186920166,-0.4366620229923201
2024-02-16,139.3681182861328,150.47366333007812,14.239999771118164,13.613500165939332,-0.4690612814253229
2024-02-20,139.9632110595703,152.6879119873047,15.420000076293945,13.725000190734864,-0.5070476176627671
2024-02-21,141.38150024414062,153.94509887695312,15.34000015258789,13.864500188827515,-0.5096504776334345
2024-02-22,142.9088592529297,155.21170043945312,14.539999961853027,13.934500169754028,-0.5105447402495567
2024-02-23,142.7799072265625,153.57920837402344,13.75,13.949500179290771,-0.47710086842663774
2024-02-26,136.44232177734375,154.15151977539062,13.739999771118164,13.973500156402588,-0.6008638704104191
2024-02-27,137.74156188964844,154.7519989013672,13.430000305175781,13.96500015258789,-0.5911922961032394
2024-02-28,135.26206970214844,152.96932983398438,13.84000015258789,13.99150013923645,-0.595723102008039
2024-02-29,137.32504272460938,156.99436950683594,13.399999618530273,13.944000101089477,-0.647550763334265
2024-03-01,136.0158233642578,160.484619140625,13.109999656677246,13.905500078201294,-0.7468737471669916
2024-03-04,132.2568817138672,161.7887420654297,13.489999771118164,13.887500047683716,-0.8413801775629997
2024-03-05,131.58248901367188,160.09994506835938,14.460000038146973,13.927000045776367,-0.816278978087955
2024-03-06,130.32290649414062,161.25393676757812,14.5,13.999000024795532,-0.8636298602209869
2024-03-07,133.2784423828125,164.44393920898438,14.4399995803833,14.079500007629395,-0.8815254770536038
2024-03-08,134.3000030517578,161.65740966796875,14.739999771118164,14.17699999809265,-0.8026442457104698
2024-03-11,136.54148864746094,163.43063354492188,15.220000267028809,14.291499996185303,-0.8020846218552997
2024-03-12,137.3647003173828,164.00296020507812,13.84000015258789,14.286999988555909,-0.8001530905110522
2024-03-13,138.6441192626953,162.01390075683594,13.75,14.181999969482423,-0.7341886336312483
2024-03-14,141.92697143554688,160.5690460205078,14.399999618530273,14.18299994468689,-0.6449608769159879
2024-03-15,140.022705078125,161.86380004882812,14.40999984741211,14.202999925613403,-0.7067069052608114
2024-03-18,146.46945190429688,158.7582550048828,14.329999923706055,14.207499933242797,-0.5256185190554244
2024-03-19,145.8247833251953,156.45956420898438,13.819999694824219,14.127499914169311,-0.486655399234055
2024-03-20,147.520751953125,159.48068237304688,13.039999961853027,14.012499904632568,-0.5229664508949402
2024-03-21,146.39007568359375,161.92947387695312,12.920000076293945,13.931499910354614,-0.5963756877033369
2024-03-22,149.53411865234375,161.82627868652344,13.0600004196167,13.896999931335449,-0.5389305072383275
2024-03-25,148.83984375,160.2969512939453,13.1899995803833,13.869499921798706,-0.5176663721305614
2024-03-26,149.43492126464844,157.53854370117188,13.239999771118164,13.859999895095825,-0.4468863922224971
2024-03-27,149.63328552246094,162.19216918945312,12.779999732971191,13.80699987411499,-0.5451929108157394
2024-03-28,149.6927947998047,163.44940185546875,13.010000228881836,13.787499904632568,-0.5716477005138004
2024-04-01,154.21542358398438,162.4736328125,13.649999618530273,13.81449990272522,-0.4709181839770291
2024-04-02,153.29302978515625,159.8372039794922,14.609999656677246,13.870499897003175,-0.42944270711854987
2024-04-03,153.6500701904297,159.81846618652344,14.329999923706055,13.863999891281129,-0.4227656568004697
2024-04-04,149.29608154296875,158.12025451660156,16.350000381469727,13.956499910354614,-0.46204719541933426
2024-04-05,151.2499237060547,157.15386962890625,16.030000686645508,14.035999965667724,-0.4066133499723112
2024-04-08,153.5806427001953,158.99281311035156,15.1899995803833,14.058499956130982,-0.40592487548595474
2024-04-09,155.3163299560547,162.7457275390625,14.979999542236328,14.046499919891357,-0.457545270027907
2024-04-10,154.86007690429688,158.4861602783203,15.800000190734863,14.144499921798706,-0.3723847334468953
2024-04-11,158.10328674316406,160.6253204345703,14.90999984741211,14.202499914169312,-0.36224574900413475
2024-04-12,156.43702697753906,156.05612182617188,17.309999465942383,14.347999906539917,-0.2915521498784804
2024-04-15,153.59060668945312,156.0749053955078,19.229999542236328,14.588999891281128,-0.34192677158791346
2024-04-16,153.1343231201172,157.23829650878906,18.399999618530273,14.792499876022339,-0.3753827834961083
2024-04-17,154.19557189941406,155.4650421142578,18.209999084472656,15.01199984550476,-0.3179681998344572
2024-04-18,154.7311553955078,153.56044006347656,18.0,15.259999847412109,-0.2669077626427684
2024-04-19,152.82687377929688,149.81687927246094,18.709999084472656,15.549499797821046,-0.21845132926172564
2024-04-22,154.9989471435547,153.3352508544922,16.940000534057617,15.743499803543092,-0.25728161311390824
2024-04-23,156.9627227783203,155.24925231933594,15.6899995803833,15.868499803543092,-0.26467590525959633
2024-04-24,157.8255615234375,164.01231384277344,15.970000267028809,16.004999828338622,-0.44120419855493287
2024-04-25,154.72122192382812,164.42515563964844,15.369999885559082,16.13449983596802,-0.504725337957591
2024-04-26,170.54049682617188,166.5174102783203,15.029999732971191,16.235499811172485,-0.2728102717545965
2024-04-29,164.78802490234375,168.2156219482422,14.670000076293945,16.28649983406067,-0.41092940474355605
2024-04-30,161.44564819335938,165.5229034423828,15.649999618530273,16.33849983215332,-0.41070113910813133
2024-05-01,162.51678466796875,164.37826538085938,15.390000343322754,16.391499853134157,-0.36686267862328575
2024-05-02,165.2541961669922,164.9412078857422,14.680000305175781,16.307999849319458,-0.33112556569252477
2024-05-03,165.86911010742188,167.85910034179688,13.489999771118164,16.18099980354309,-0.38415473178151616
2024-05-06,166.7220458984375,170.44862365722656,13.489999771118164,16.095999813079835,-0.4258234572753955
2024-05-07,169.84622192382812,172.6221160888672,13.229999542236328,16.008499813079833,-0.418524844161482
2024-05-08,167.9915771484375,173.8317108154297,13.0,15.868499803543092,-0.4775371713868464
2024-05-09,168.56678771972656,175.12637329101562,12.6899995803833,15.75749979019165,-0.4957584555597329
2024-05-10,167.26751708984375,176.7611846923828,12.550000190734863,15.519499826431275,-0.5543229286336238
2024-05-13,167.7535400390625,177.4888458251953,13.600000381469727,15.237999868392944,-0.5617077573352308
2024-05-14,168.9436798095703,180.6167755126953,13.420000076293945,14.988999891281129,-0.6092340029350861
2024-05-15,171.09591674804688,184.7747344970703,12.449999809265137,14.700999927520751,-0.662402132733211
2024-05-16,172.752197265625,184.24554443359375,12.420000076293945,14.42199993133545,-0.6217541785417037
2024-05-17,174.61679077148438,184.29278564453125,11.989999771118164,14.085999965667725,-0.5900579093335554
2024-05-20,175.46975708007812,188.24285888671875,12.149999618530273,13.846499919891357,-0.6614853184521894
2024-05-21,176.39212036132812,188.06329345703125,11.859999656677246,13.654999923706054,-0.6413672731925624
2024-05-22,174.9341583251953,191.3991241455078,12.289999961853027,13.470999908447265,-0.7399235707330869
2024-05-23,172.1273651123047,186.43792724609375,12.770000457763672,13.340999937057495,-0.6806758245281436
2024-05-24,173.55557250976562,188.2239532470703,11.930000305175781,13.185999965667724,-0.6946718513694846
2024-05-28,174.9540252685547,188.62086486816406,12.920000076293945,13.098499965667724,-0.6788061594656637
2024-05-29,174.45809936523438,184.1888427734375,14.279999732971191,13.02999997138977,-0.5905699149062594
2024-05-30,170.69920349121094,184.91647338867188,14.470000267028809,12.983999967575073,-0.6724659633072646
2024-05-31,171.08596801757812,184.28334045410156,12.920000076293945,12.895999956130982,-0.6518285350676314
2024-06-03,171.75047302246094,183.06430053710938,13.109999656677246,12.876999950408935,-0.6135003690968284
2024-06-04,172.36538696289062,182.66738891601562,13.15999984741211,12.860499954223632,-0.5940250430334978
2024-06-05,173.9721221923828,185.2944793701172,12.630000114440918,12.830499982833862,-0.6232838836692858
2024-06-06,175.28131103515625,185.4456787109375,12.579999923706055,12.809499979019165,-0.6036106100864996
2024-06-07,173.02989196777344,184.850341796875,12.220000267028809,12.78600001335144,-0.6301084423840073
2024-06-10,173.7746124267578,186.74977111816406,12.739999771118164,12.795499992370605,-0.6585823120176504
2024-06-11,175.37322998046875,186.5796661376953,12.850000381469727,12.757999992370605,-0.6268007715335308
2024-06-12,176.5349884033203,188.03494262695312,12.039999961853027,12.68899998664856,-0.6382393667675659
2024-06-13,173.9235382080078,185.4834747314453,11.9399995803833,12.663499975204468,-0.6282705709550015
2024-06-14,175.5420684814453,183.234375,12.65999984741211,12.675499963760377,-0.5506657828005066
2024-06-17,175.98887634277344,184.1793670654297,12.75,12.713499975204467,-0.5634926268145477
2024-06-18,173.85401916503906,185.45510864257812,12.300000190734863,12.721000003814698,-0.6288704026605341
2024-06-20,175.0554962158203,182.15707397460938,13.279999732971191,12.792000007629394,-0.5356429459202942
2024-06-21,178.36199951171875,184.7747344970703,13.199999809265137,12.8375,-0.5348591662177818
2024-06-24,177.9549102783203,183.2438507080078,13.329999923706055,12.86549997329712,-0.5085199621479226
2024-06-25,182.73095703125,183.7730255126953,12.84000015258789,12.910999965667724,-0.4362596886946568
2024-06-26,182.58200073242188,182.47837829589844,12.550000190734863,12.892499971389771,-0.41055661397796084
2024-06-27,184.10121154785156,182.7902374267578,12.239999771118164,12.79049997329712,-0.3907108848366745
2024-06-28,180.86419677734375,183.82974243164062,12.4399995803833,12.688999938964844,-0.4702678606094801
2024-07-01,181.6982879638672,183.8958740234375,12.220000267028809,12.653999948501587,-0.4570733874630055
2024-07-02,183.93238830566406,187.5057830810547,12.029999732971191,12.599999952316285,-0.4968170928920529
2024-07-03,184.50830078125,187.99716186523438,12.09000015258789,12.546499967575073,-0.4974558849095179
2024-07-05,189.25457763671875,187.85540771484375,12.479999542236328,12.538999938964844,-0.4110429832405773
2024-07-08,187.6956329345703,190.38800048828125,12.369999885559082,12.528499937057495,-0.4938026789646496
2024-07-09,187.64599609375,189.15005493164062,12.510000228881836,12.542999935150146,-0.46759646214295625
2024-07-10,189.8304443359375,192.41973876953125,12.850000381469727,12.548499965667725,-0.5007699966361748
2024-07-11,184.2600860595703,188.98941040039062,12.920000076293945,12.551999950408936,-0.5235162334078768
2024-07-12,183.7635955810547,190.76597595214844,12.460000038146973,12.572999954223633,-0.5710899293000388
2024-07-15,185.2133026123047,190.6620330810547,13.119999885559082,12.631999969482422,-0.5433694037098497
2024-07-16,182.6217041015625,195.25469970703125,13.1899995803833,12.658499956130981,-0.6893153331949405
2024-07-17,179.74220275878906,193.02450561523438,14.479999542236328,12.744999933242799,-0.6910788922376951
2024-07-18,176.43568420410156,194.54595947265625,15.930000305175781,12.926499938964843,-0.7823975171159494
2024-07-19,176.40591430664062,188.1483612060547,16.520000457763672,13.088499975204467,-0.6429858266773631
2024-07-22,180.38760375976562,194.55540466308594,14.90999984741211,13.173999977111816,-0.713235297171734
2024-07-23,180.5067596435547,187.3828887939453,14.720000267028809,13.243499994277954,-0.5542597615859707
2024-07-24,171.4114227294922,187.37344360351562,18.040000915527344,13.503500032424927,-0.7137053885947078
2024-07-25,166.09915161132812,186.3056182861328,18.459999084472656,13.798999977111816,-0.7835962454793117
2024-07-26,165.8211669921875,190.87939453125,16.389999389648438,14.00649995803833,-0.8885176714660283
2024-07-29,168.3332977294922,190.7754364013672,16.600000381469727,14.214499998092652,-0.8421478818003196
2024-07-30,169.0879364013672,189.9344024658203,17.690000534057617,14.488000011444091,-0.8105056820483466
2024-07-31,170.3291015625,193.85313415527344,16.360000610351562,14.70450005531311,-0.874433429342321
2024-08-01,169.55462646484375,183.8851318359375,18.59000015258789,15.029500055313111,-0.6699984807325337
2024-08-02,165.48355102539062,178.3018798828125,23.389999389648438,15.575000047683716,-0.6193367574028361
2024-08-05,158.1258544921875,172.3381805419922,38.56999969482422,16.885000038146973,-0.6180442337591249
2024-08-06,157.17263793945312,177.81678771972656,27.709999084472656,17.644999980926514,-0.7546094450810026
2024-08-07,157.81805419921875,175.0775146484375,27.850000381469727,18.394999980926514,-0.6833643875049525
2024-08-08,160.88623046875,183.8565673828125,23.790000915527344,18.938500022888185,-0.8215317362417305
2024-08-09,162.51467895507812,182.81983947753906,20.3700008392334,19.334000062942504,-0.7702709811948897
2024-08-12,161.1444091796875,182.6771697998047,20.709999084472656,19.713500022888184,-0.7912029890504547
2024-08-13,163.00120544433594,187.6136016845703,18.1200008392334,19.96000008583069,-0.8665845332496764
2024-08-14,159.2379608154297,186.05374145507812,16.190000534057617,20.045500135421754,-0.898522778988608
2024-08-15,160.16139221191406,192.06497192382812,15.229999542236328,20.01050009727478,-1.0137968575092935
2024-08-16,161.80967712402344,190.7333984375,14.800000190734863,19.92450008392334,-0.9557387717609984
2024-08-19,165.4934844970703,190.85702514648438,14.649999618530273,19.91150007247925,-0.8937802620646238
2024-08-20,165.9998779296875,192.6451416015625,15.880000114440918,19.969500064849854,-0.924002793407763
2024-08-21,164.67930603027344,198.19033813476562,16.270000457763672,19.88100004196167,-1.0684727693118934
2024-08-22,162.64373779296875,193.81507873535156,17.549999237060547,19.835500049591065,-1.008503733344893
2024-08-23,164.4508819580078,199.62657165527344,15.859999656677246,19.809000062942506,-1.1038969831473588
2024-08-26,164.987060546875,198.07620239257812,16.149999618530273,19.786500024795533,-1.060574210714965
2024-08-27,163.51751708984375,200.3970489501953,15.430000305175781,19.67350001335144,-1.137133117874432
2024-08-28,161.700439453125,197.59112548828125,17.110000610351562,19.71100001335144,-1.1076548558472643
2024-08-29,160.63800048828125,200.77745056152344,15.649999618530273,19.56399998664856,-1.195998333335962
2024-08-30,162.22671508789062,203.86868286132812,15.0,19.144500017166138,-1.235725637746045
2024-09-03,156.24920654296875,191.9698486328125,20.719999313354492,18.25199999809265,-1.0803875893237063
2024-09-04,155.3456268310547,194.03384399414062,21.31999969482422,17.932500028610228,-1.1413939352206992
2024-09-05,156.13006591796875,191.70352172851562,19.899999618530273,17.534999990463255,-1.0766535370197958
2024-09-06,149.8546600341797,187.80381774902344,22.3799991607666,17.46449990272522,-1.1015089898824622
2024-09-09,147.85621643066406,191.34210205078125,19.450000762939453,17.41849989891052,-1.213980720289555
2024-09-10,147.80648803710938,190.03904724121094,19.079999923706055,17.336999940872193,-1.1863519800922107
2024-09-11,150.29212951660156,192.5215301513672,17.690000534057617,17.315499925613402,-1.197020216747172
2024-09-12,153.80189514160156,186.40565490722656,17.06999969482422,17.359499883651733,-1.0016404788109894
2024-09-13,156.55596923828125,190.16265869140625,16.559999465942383,17.425999879837036,-1.0354743769117014
2024-09-16,157.1525115966797,188.77403259277344,17.139999389648438,17.542999839782716,-0.9946298250894656
2024-09-17,158.40528869628906,191.5513458251953,17.610000610351562,17.690999889373778,-1.0333875747229664
2024-09-18,158.89247131347656,190.90455627441406,18.229999542236328,17.80849986076355,-1.0106887778985278
2024-09-19,161.20909118652344,197.4579620361328,16.329999923706055,17.81149983406067,-1.1133669122537146
2024-09-20,162.65077209472656,193.3680419921875,16.149999618530273,17.741499853134155,-0.9986022535146807
2024-09-23,160.9207763671875,193.89117431640625,15.890000343322754,17.742999887466432,-1.0404116446162788
2024-09-24,161.3582305908203,194.9279327392578,15.390000343322754,17.704999923706055,-1.0554098743719813
2024-09-25,160.56283569335938,195.04205322265625,15.40999984741211,17.70399990081787,-1.071867745834254
2024-09-26,161.79571533203125,199.03684997558594,15.369999885559082,17.616999864578247,-1.1376046966624889
2024-09-27,163.0087127685547,198.9227294921875,16.959999084472656,17.682499837875366,-1.1138165664640092
2024-09-30,164.8978271484375,196.47828674316406,16.729999542236328,17.768999814987183,-1.0271894377565416
2024-10-01,166.03125,191.7510986328125,19.260000228881836,17.69599986076355,-0.9038967701321323
2024-10-02,164.90773010253906,193.49168395996094,18.899999618530273,17.574999856948853,-0.9616898424961645
2024-10-03,164.90773010253906,191.8176727294922,20.489999771118164,17.604499864578248,-0.925074304655137
2024-10-04,166.10084533691406,192.806884765625,19.209999084472656,17.44599986076355,-0.9257682904540128
2024-10-07,162.04425048828125,191.4372100830078,22.639999389648438,17.605499792099,-0.967015685749824
2024-10-08,163.4362335205078,192.331298828125,21.420000076293945,17.722499799728393,-0.9621382808394977
2024-10-09,160.93069458007812,194.95645141601562,20.860000610351562,17.88099980354309,-1.0635382844181804
2024-10-10,161.14944458007812,192.57858276367188,20.93000030517578,18.07399983406067,-1.007687557983943
2024-10-11,162.3027801513672,195.089599609375,20.459999084472656,18.268999814987183,-1.042366140740216
2024-10-14,164.01290893554688,198.46617126464844,19.700000762939453,18.396999883651734,-1.0862034473174815
2024-10-15,164.51002502441406,190.0770721435547,20.639999389648438,18.548499822616577,-0.893983256937158
2024-10-16,164.2117462158203,190.8855743408203,19.579999923706055,18.615999841690062,-0.9169033185116369
2024-10-17,161.9945526123047,188.6123046875,19.110000610351562,18.75499987602234,-0.9060990718276526
2024-10-18,162.48175048828125,188.77403259277344,18.030000686645508,18.8489999294281,-0.9010846564461106
2024-10-21,163.12803649902344,186.2059326171875,18.3700008392334,18.97299995422363,-0.8335683898563
2024-10-22,164.19186401367188,184.49383544921875,18.200000762939453,19.11349997520447,-0.7774462291556982
2024-10-23,161.8454132080078,191.88427734375,19.239999771118164,19.30499997138977,-0.9802845881428836
2024-10-24,161.7857666015625,196.51632690429688,19.079999923706055,19.49049997329712,-1.082648092856631
2024-10-25,164.3211212158203,196.82069396972656,20.329999923706055,19.65900001525879,-1.0448019201675862
2024-10-28,165.76280212402344,195.7744598388672,19.799999237060547,19.8125,-0.9966116037617242
2024-10-29,168.70579528808594,201.02479553222656,19.34000015258789,19.816499996185303,-1.0597929195603326
2024-10-30,173.4583740234375,197.77183532714844,20.350000381469727,19.889000034332277,-0.9052181938043242
2024-10-31,170.12759399414062,194.507080078125,23.15999984741211,20.022500038146973,-0.8922742472290233
2024-11-01,170.30654907226562,196.19210815429688,21.8799991607666,20.15600004196167,-0.9259895224585414
2024-11-04,168.26834106445312,194.98577880859375,21.979999542236328,20.123000049591063,-0.9353806221035657
2024-11-05,168.7654571533203,193.83689880371094,20.489999771118164,20.076500034332277,-0.9015252695461746
2024-11-06,175.49658203125,205.8140869140625,16.270000457763672,19.84700002670288,-1.0453487729543054
2024-11-07,179.71224975585938,208.2746124267578,15.199999809265137,19.56050000190735,-1.0251692491262014
2024-11-08,177.32603454589844,210.90750122070312,14.9399995803833,19.28450002670288,-1.1246439535418498
2024-11-11,179.31454467773438,206.6757354736328,14.970000267028809,19.048000001907347,-0.9971781131326855
2024-11-12,180.57723999023438,203.71734619140625,14.710000038146973,18.751500034332274,-0.9103051215604449
2024-11-13,177.8529815673828,196.95802307128906,14.020000457763672,18.473500061035157,-0.8102783292230213
2024-11-14,174.57192993164062,197.2261199951172,14.3100004196167,18.233500051498414,-0.8737353343135533
2024-11-15,171.49966430664062,192.55397033691406,16.139999389648438,18.13899998664856,-0.8254697884321142
2024-11-18,174.29354858398438,198.35586547851562,15.579999923706055,17.99949994087219,-0.9033326652056113
2024-11-19,177.0973358154297,192.50611877441406,16.350000381469727,17.906999921798707,-0.7261661156684899
2024-11-20,174.96961975097656,189.74879455566406,17.15999984741211,17.802999925613403,-0.7032035585478625
2024-11-21,166.66758728027344,189.7583465576172,16.8700008392334,17.692499971389772,-0.8491396824332949
2024-11-22,163.8140411376953,189.56686401367188,15.239999771118164,17.437999963760376,-0.8950402487512046
2024-11-25,166.6874542236328,194.28688049316406,14.600000381469727,17.178000020980836,-0.9478432798387008
2024-11-26,168.14903259277344,192.39120483398438,14.100000381469727,16.916000032424925,-0.8807239205923321
2024-11-27,168.25839233398438,190.70616149902344,14.100000381469727,16.603500032424925,-0.8419474654076267
2024-11-29,167.97998046875,192.46780395507812,13.510000228881836,16.121000051498413,-0.8853667730157241
2024-12-02,170.5054168701172,193.1858673095703,13.34000015258789,15.694000101089477,-0.8567434484452527
2024-12-03,170.35629272460938,188.82965087890625,13.300000190734863,15.260000133514405,-0.7640778173758842
2024-12-04,173.368896484375,188.2743377685547,13.449999809265137,14.908000135421753,-0.6990506693497479
2024-12-05,171.64881896972656,184.77024841308594,13.539999961853027,14.77150011062622,-0.6525988084847328
2024-12-06,173.70693969726562,184.87554931640625,12.770000457763672,14.650000143051148,-0.618775454089695
2024-12-09,174.56295776367188,185.21063232421875,14.1899995803833,14.612500143051147,-0.6110788508295242
2024-12-10,184.31788635253906,182.0799102783203,14.180000305175781,14.573000144958495,-0.3713706106463934
2024-12-11,194.5007781982422,183.53517150878906,13.579999923706055,14.51650013923645,-0.22445915942592082
2024-12-12,191.07662963867188,183.54476928710938,13.920000076293945,14.511500120162964,-0.2847738378482024
2024-12-13,188.94647216796875,183.4298858642578,13.8100004196167,14.486500120162964,-0.3196520694108825
2024-12-16,195.75498962402344,181.3905792236328,14.6899995803833,14.414000129699707,-0.15553521550803107
2024-12-17,194.52069091796875,180.10765075683594,15.869999885559082,14.428500127792358,-0.1491396909897261
2024-12-18,187.5330047607422,177.1205596923828,27.6200008392334,14.992000150680543,-0.20645946070661128
2024-12-19,187.6425018310547,176.6131134033203,24.09000015258789,15.338500165939331,-0.19343809790052524
2024-12-20,190.52914428710938,178.91087341308594,18.360000610351562,15.41300015449524,-0.19302705439682524
2024-12-23,193.7343292236328,182.0416259765625,16.780000686645508,15.490000200271606,-0.20524456415587694
2024-12-24,195.20753479003906,184.24366760253906,14.270000457763672,15.473500204086303,-0.2275502118480351
2024-12-26,194.69989013671875,183.56387329101562,14.729999542236328,15.505000162124634,-0.22159190097375694
2024-12-27,191.8729248046875,183.0373077392578,15.949999809265137,15.597500133514405,-0.259696640494118
2024-12-30,190.3599395751953,179.95448303222656,17.399999618530273,15.792000102996827,-0.2188239424200852
2024-12-31,188.42884826660156,179.5236358642578,17.350000381469727,15.992500114440919,-0.24329687258006732
2025-01-02,188.55825805664062,178.98748779296875,17.93000030517578,16.224000120162962,-0.229298185724701
2025-01-03,190.90740966796875,182.39585876464844,16.1299991607666,16.358000087738038,-0.2626141444681545
2025-01-06,195.96401977539062,183.99473571777344,16.040000915527344,16.483000135421754,-0.2088266127149929
2025-01-07,194.5903778076172,184.02346801757812,17.81999969482422,16.73550009727478,-0.2335668775324941
2025-01-08,193.0574493408203,183.49688720703125,17.700000762939453,16.911000156402586,-0.24895680206543605
2025-01-10,191.15625,182.0511932373047,19.540000915527344,17.179000186920167,-0.25070735516252396
2025-01-13,190.1309814453125,182.95115661621094,19.190000534057617,17.459500217437743,-0.28838893382781783
2025-01-14,188.78720092773438,185.25851440429688,18.709999084472656,17.69900016784668,-0.36244526063550936
2025-01-15,194.65011596679688,189.09771728515625,16.1200008392334,17.814500188827516,-0.34350700338041795
2025-01-16,192.02224731445312,179.3896026611328,16.600000381469727,17.910000228881835,-0.17728953947457166
2025-01-17,195.09803771972656,184.22451782226562,15.970000267028809,17.915000247955323,-0.22905337337042542
2025-01-21,197.13861083984375,186.9148406982422,15.0600004196167,17.287000226974488,-0.2520800515967257
2025-01-22,197.45713806152344,188.65731811523438,15.100000381469727,16.837500238418578,-0.2846019754589037
2025-01-23,197.0689239501953,192.06568908691406,15.020000457763672,16.670500230789184,-0.36596744809597465
2025-01-24,199.2886505126953,177.618408203125,14.850000381469727,16.574000215530397,-0.010999728106221383
2025-01-27,190.9273223876953,179.0640869140625,17.899999618530273,16.755500173568727,-0.18938898547112915
2025-01-28,194.4012451171875,172.87924194335938,16.40999984741211,16.839500188827515,0.006870165441558864
2025-01-29,194.5107421875,172.59201049804688,16.559999465942383,16.870000171661378,0.01507478341480057
2025-01-30,199.94561767578125,177.3790283203125,15.84000015258789,16.792000198364256,0.00576808498979801
2025-01-31,203.08111572265625,178.05418395996094,16.43000030517578,16.74600019454956,0.04603845812407424
2025-02-03,200.303955078125,174.5145263671875,18.6200008392334,16.780500221252442,0.07471311456374215
2025-02-04,205.43026733398438,174.14801025390625,17.209999084472656,16.834500217437743,0.17271305533553757
2025-02-05,190.44952392578125,175.1414337158203,15.770000457763672,16.821000194549562,-0.11197593886255919
2025-02-06,190.71827697753906,176.77142333984375,15.5,16.70500020980835,-0.14291112031043585
2025-02-07,184.48709106445312,173.60787963867188,16.540000915527344,16.647000217437743,-0.1830923568921973
2025-02-10,185.6118927001953,173.90689086914062,15.8100004196167,16.46050019264221,-0.16988874764836817
2025-02-11,184.4672088623047,172.884521484375,16.020000457763672,16.302000188827513,-0.16761938759859124
2025-02-12,182.76504516601562,173.5982666015625,15.890000343322754,16.16100025177002,-0.21310949875049387
2025-02-13,185.2834014892578,174.37948608398438,15.100000381469727,16.110000228881837,-0.1859918620144945
2025-02-14,184.37757873535156,176.53030395507812,14.770000457763672,16.018500232696532,-0.2489366435257988
2025-02-18,182.92431640625,179.8385009765625,15.350000381469727,15.98750023841858,-0.34680601680753403
2025-02-19,184.41741943359375,189.3483428955078,15.270000457763672,15.998000240325927,-0.5286054369602434
2025-02-20,183.71067810058594,196.71702575683594,15.65999984741211,16.026000213623046,-0.7021857221776013
2025-02-21,178.83323669433594,194.82664489746094,18.209999084472656,16.185500144958496,-0.7464522249879879
2025-02-24,178.42510986328125,193.61138916015625,18.979999542236328,16.392000102996825,-0.7270349457451443
2025-02-25,174.61273193359375,192.8783721923828,19.43000030517578,16.4685001373291,-0.7779211263147423
2025-02-26,171.9351043701172,191.20016479492188,19.100000381469727,16.603000164031982,-0.7882147243341487
2025-02-27,167.72457885742188,184.50662231445312,21.1299991607666,16.831500148773195,-0.715715483433742
2025-02-28,169.4963836669922,189.0300750732422,19.6299991607666,17.021000099182128,-0.7835558338701216
2025-03-03,166.24143981933594,187.4868927001953,22.780000686645508,17.338500118255617,-0.8069365706156517
2025-03-04,170.13345336914062,187.92091369628906,23.510000228881836,17.583000087738036,-0.7481126112129021
2025-03-05,172.2238006591797,188.625,21.93000030517578,17.819000148773192,-0.7268207714738539
2025-03-06,171.55686950683594,182.61622619628906,24.8700008392334,18.27400016784668,-0.6070980286630683
2025-03-07,173.05992126464844,183.75430297851562,23.3700008392334,18.66750020980835,-0.6056077471031183
2025-03-10,165.2968292236328,179.86741638183594,27.860000610351562,19.23350019454956,-0.656857198726305
2025-03-11,163.47314453125,171.0423583984375,26.920000076293945,19.78900017738342,-0.49583877705777835
2025-03-12,166.53256225585938,169.46058654785156,24.229999542236328,20.199500131607056,-0.407538229688356
2025-03-13,162.1975860595703,167.4351806640625,24.65999984741211,20.638000106811525,-0.4393293414689612
2025-03-14,164.9181671142578,170.155029296875,21.770000457763672,20.97150011062622,-0.4510655228657496
2025-03-17,163.7222900390625,173.5982666015625,20.510000228881836,21.25850009918213,-0.5473706898921061
2025-03-18,160.1147918701172,173.0774383544922,21.700000762939453,21.576000118255614,-0.5993017660713603
2025-03-19,163.32366943359375,175.28611755371094,19.899999618530273,21.807500076293945,-0.5912860082149363
2025-03-20,162.23744201660156,174.2637481689453,19.799999237060547,22.014500045776366,-0.5879905512191491
2025-03-21,163.42333984375,172.64340209960938,19.280000686645508,22.06800012588501,-0.5317325323005516
2025-03-24,167.1005859375,178.92222595214844,17.479999542236328,21.99300012588501,-0.6045214174027188
2025-03-25,169.9706268310547,177.4368896484375,17.149999618530273,21.879000091552733,-0.5216543668393767
2025-03-26,164.4896240234375,177.93844604492188,18.329999923706055,21.84050006866455,-0.6288339872329294
2025-03-27,161.6793975830078,174.34091186523438,18.690000534057617,21.7185001373291,-0.5994738103621075
2025-03-28,153.79673767089844,170.06822204589844,21.649999618530273,21.819500160217284,-0.6443834115406214
2025-03-31,154.1056365966797,173.3185577392578,22.280000686645508,21.794500160217286,-0.7100556279311308
2025-04-01,156.52725219726562,171.6692657470703,21.770000457763672,21.707500171661376,-0.6314736818892498
2025-04-02,156.49734497070312,171.86216735839844,21.510000228881836,21.68650016784668,-0.6362179735560257
2025-04-03,150.19920349121094,158.3689727783203,30.020000457763672,21.944000148773192,-0.45163471811690376
2025-04-04,145.0968780517578,146.01388549804688,45.310001373291016,23.041000175476075,-0.2709548170444396
2025-04-07,146.24290466308594,148.5312042236328,46.97999954223633,23.99700012207031,-0.30589953600434494
2025-04-08,144.1999969482422,140.82493591308594,52.33000183105469,25.26750020980835,-0.17320039189351014
2025-04-09,158.1615753173828,163.4807586669922,33.619998931884766,25.73700017929077,-0.4236794114652887
2025-04-10,152.29193115234375,151.0388641357422,40.720001220703125,26.540000247955323,-0.25456967618507514
2025-04-11,156.59701538085938,142.3584747314453,37.560001373291016,27.32950029373169,0.010863894174533987
2025-04-14,158.52035522460938,145.61843872070312,30.889999389648438,27.84850025177002,-0.026680325300702933
2025-04-15,155.76988220214844,145.81134033203125,30.1200008392334,28.269500255584717,-0.07917923847332409
2025-04-16,152.8001708984375,141.34576416015625,32.63999938964844,28.906500244140624,-0.033631904924763915
2025-04-17,150.63766479492188,143.16864013671875,29.649999618530273,29.399000263214113,-0.1114624425825905
2025-04-21,147.1597137451172,140.4391326904297,33.81999969482422,30.126000213623048,-0.11280925768672644
2025-04-22,150.94659423828125,141.54827880859375,30.56999969482422,30.780500221252442,-0.07059768682363432
2025-04-23,154.81320190429688,146.74688720703125,28.450000762939453,31.3455002784729,-0.1164351895782914
2025-04-24,158.7296142578125,156.37246704101562,26.469999313354492,31.75250024795532,-0.2582293167814793
2025-04-25,161.40036010742188,157.07656860351562,24.84000015258789,32.06000022888183,-0.22674996179264448
2025-04-28,160.05502319335938,156.6714630126953,25.149999618530273,32.23500022888184,-0.24150407476222446
2025-04-29,159.60658264160156,155.06080627441406,24.170000076293945,32.32950019836426,-0.21414584995491867
2025-04-30,158.2512664794922,155.68331909179688,24.700000762939453,32.476000213623045,-0.2515521606481782
2025-05-01,160.74261474609375,153.942138671875,24.600000381469727,32.63050022125244,-0.16973631397999894
2025-05-02,163.46319580078125,160.02163696289062,22.68000030517578,32.26350021362305,-0.25495789198197355
2025-05-05,163.64259338378906,157.98866271972656,23.639999389648438,31.18000011444092,-0.2073417789802591
2025-05-06,162.6659698486328,156.69493103027344,24.760000228881836,30.069000148773192,-0.19618693379973803
2025-05-07,150.85690307617188,160.2939910888672,23.549999237060547,28.630000019073485,-0.4821957883915034
2025-05-08,153.7469024658203,161.1208038330078,22.479999542236328,28.073000049591066,-0.4495518869208228
2025-05-09,152.22216796875,167.56991577148438,21.899999618530273,27.131999969482422,-0.6173768510510499
2025-05-12,157.91244506835938,182.17041015625,18.389999389648438,26.173499870300294,-0.8368499643870717
2025-05-13,158.97874450683594,183.06529235839844,18.219999313354492,25.539999866485594,-0.837706702289474
2025-05-14,164.79856872558594,182.22874450683594,18.6200008392334,24.964999866485595,-0.7172524375245156
2025-05-15,163.3934326171875,182.70538330078125,17.829999923706055,24.224499893188476,-0.7523425544958191
2025-05-16,165.61573791503906,183.3571014404297,17.239999771118164,23.603999900817872,-0.7275889847166258
2025-05-19,165.96450805664062,183.2014617919922,18.139999389648438,22.81999988555908,-0.718062658643305
2025-05-20,163.4133758544922,183.56138610839844,18.09000015258789,22.195999908447266,-0.770715780228981
2025-05-21,167.97755432128906,180.36114501953125,20.8700008392334,21.816999912261963,-0.6206012028667779
2025-05-22,170.27955627441406,175.2932891845703,20.280000686645508,21.507499980926514,-0.4693448357850302
2025-05-23,167.88784790039062,171.48995971679688,22.290000915527344,21.380000019073485,-0.42813698291052743
2025-05-27,172.3025360107422,178.24061584472656,18.959999084472656,21.070499992370607,-0.498301761018749
2025-05-28,171.76441955566406,179.12579345703125,19.309999465942383,20.82749996185303,-0.5271088558570902
2025-05-29,171.26612854003906,179.94288635253906,19.18000030517578,20.551499938964845,-0.5537276744522623
2025-05-30,171.1465606689453,177.8612518310547,18.56999969482422,20.249999904632567,-0.5102950172425762
2025-06-02,168.44593811035156,179.1841583251953,18.360000610351562,20.033999919891357,-0.5866354181914099
2025-06-03,165.6057586669922,182.9485626220703,17.690000534057617,19.736499977111816,-0.7188282096252194
2025-06-04,167.46929931640625,185.51654052734375,17.610000610351562,19.378999996185303,-0.7422863297845346
2025-06-05,167.6287841796875,185.29283142089844,18.479999542236328,19.125500011444093,-0.7345936862928448
2025-06-06,173.07984924316406,187.170166015625,16.770000457763672,18.840000057220458,-0.6799728955681648
2025-06-09,175.69395446777344,193.77490234375,17.15999984741211,18.60300006866455,-0.7785519616957356
2025-06-10,178.19833374023438,196.7708740234375,16.950000762939453,18.5310001373291,-0.8001227963945506
2025-06-11,176.95114135742188,194.24180603027344,17.260000228881836,18.483000183105467,-0.7666968689741525
2025-06-12,175.30482482910156,194.21263122558594,18.020000457763672,18.453000164031984,-0.7949568451841168
2025-06-13,174.27716064453125,189.6797637939453,20.81999969482422,18.60250015258789,-0.7138485228427933
2025-06-16,176.3724365234375,193.78465270996094,19.110000610351562,18.696000194549562,-0.7668557030939582
2025-06-17,175.5542755126953,192.29638671875,21.600000381469727,18.869000244140626,-0.7486642983243547
2025-06-18,172.93020629882812,192.93838500976562,20.139999389648438,18.971500205993653,-0.8087674830328103
2025-06-20,166.26522827148438,192.79246520996094,20.6200008392334,18.959000205993654,-0.9225674467789771
2025-06-23,164.81846618652344,195.8954315185547,19.829999923706055,18.93650016784668,-1.0158337220873597
2025-06-24,166.3949432373047,200.19482421875,17.479999542236328,18.69600009918213,-1.082201847767626
2025-06-25,170.29612731933594,199.77658081054688,16.760000228881836,18.586000156402587,-1.0045753928130539
2025-06-26,173.1497039794922,200.68118286132812,16.59000015258789,18.450000190734862,-0.9742723070116951
2025-06-27,178.12847900390625,201.43019104003906,16.31999969482422,18.307000160217285,-0.9032619056788772
2025-06-30,175.83363342285156,201.9554443359375,16.729999542236328,18.21500015258789,-0.9550326081922071
2025-07-01,175.44451904296875,204.70823669433594,16.829999923706055,18.138500118255614,-1.0220744554115415
2025-07-02,178.23822021484375,209.70799255371094,16.639999389648438,18.086000061035158,-1.0823954063653967
2025-07-03,179.126220703125,210.12628173828125,16.3799991607666,18.02449998855591,-1.0759573726689187
2025-07-07,176.3923797607422,207.58749389648438,17.790000915527344,17.99000005722046,-1.0684142754700847
2025-07-08,173.9678497314453,210.71963500976562,16.809999465942383,17.992000007629393,-1.1794816406085114
2025-07-09,176.22276306152344,210.48619079589844,15.9399995803833,17.930999994277954,-1.1347945975879052
2025-07-10,177.22052001953125,213.66697692871094,15.779999732971191,17.87249994277954,-1.1868539017418496
2025-07-11,179.78475952148438,215.21359252929688,16.399999618530273,17.829499912261962,-1.1756723277179584
2025-07-14,181.1516571044922,214.04632568359375,17.200000762939453,17.788499927520753,-1.1261473569575484
2025-07-15,181.59066772460938,212.40243530273438,17.3799991607666,17.61649990081787,-1.0824846115300855
2025-07-16,182.55850219726562,210.7293701171875,17.15999984741211,17.5189998626709,-1.0289011793906981
2025-07-17,183.1671142578125,210.68072509765625,16.520000457763672,17.264999866485596,-1.0171540839850541
2025-07-18,184.643798828125,210.70989990234375,16.40999984741211,17.07849988937378,-0.9918716905860514
2025-07-21,189.67247009277344,208.71585083007812,16.649999618530273,16.879999828338622,-0.8599867395004169
2025-07-22,190.90966796875,209.0562744140625,16.5,16.71349983215332,-0.8457160268439314
2025-07-23,189.8021697998047,181.1685028076172,15.369999885559082,16.60799984931946,-0.2551687588827496
2025-07-24,191.73777770996094,180.623779296875,15.390000343322754,16.539499855041505,-0.20927795447042882
2025-07-25,192.74551391601562,179.94288635253906,14.930000305175781,16.4564998626709,-0.176695837782711
2025-07-28,192.14686584472656,184.08665466308594,15.029999732971191,16.391999864578246,-0.2778403964774218
2025-07-29,195.30975341796875,186.15853881835938,15.979999542236328,16.354499864578248,-0.2676398008570805
2025-07-30,196.08799743652344,184.34927368164062,15.479999542236328,16.28699984550476,-0.21440519430116337
2025-07-31,191.46839904785156,177.39306640625,16.719999313354492,16.290999841690063,-0.14334123946843053
2025-08-01,188.7046356201172,177.1971435546875,20.3799991607666,16.490999841690062,-0.1875687097416567
2025-08-04,194.60133361816406,179.0292510986328,17.520000457763672,16.47749981880188,-0.12413638897164943
2025-08-05,194.23216247558594,181.64517211914062,17.850000381469727,16.52949986457825,-0.18783439086480822
2025-08-06,195.64898681640625,182.1448516845703,16.770000457763672,16.570999908447266,-0.17389405550759682
2025-08-07,196.07801818847656,182.1448516845703,16.56999969482422,16.610499906539918,-0.16636318423874547
2025-08-08,200.9669952392578,183.42831420898438,15.149999618530273,16.547999906539918,-0.108619109081079
2025-08-11,200.54794311523438,179.98941040039062,16.25,16.500499868392943,-0.040755895226368966
2025-08-12,202.88267517089844,189.06185913085938,14.729999542236328,16.367999887466432,-0.19821496453548565
2025-08-13,201.5057830810547,189.37538146972656,14.489999771118164,16.234499883651733,-0.22924147322320848
2025-08-14,202.48358154296875,189.78688049316406,14.829999923706055,16.149999856948853,-0.221078677449736
2025-08-15,203.44140625,190.6294708251953,15.09000015258789,16.08399987220764,-0.22269571680392336
2025-08-18,203.0423126220703,190.3943328857422,14.989999771118164,16.000999879837035,-0.22455792829032267
2025-08-19,201.11666870117188,191.97171020507812,15.569999694824219,15.954499864578247,-0.29286100187851927
2025-08-20,198.87171936035156,196.7039031982422,15.6899995803833,15.970499849319458,-0.43577398201845785
2025-08-21,199.30075073242188,196.64511108398438,16.600000381469727,16.030999851226806,-0.4269571546907825
2025-08-22,205.62649536132812,201.8867645263672,14.220000267028809,15.995499849319458,-0.4305704686064267
2025-08-25,208.02108764648438,201.798583984375,14.789999961853027,15.98349986076355,-0.3866089564381733
2025-08-26,206.6741180419922,201.80838012695312,14.619999885559082,15.915499877929687,-0.41046684674106215
2025-08-27,207.01336669921875,201.3087158203125,14.850000381469727,15.883999919891357,-0.39358282435484593
2025-08-28,211.16400146484375,199.95664978027344,14.430000305175781,15.769499969482421,-0.2911522717726251
2025-08-29,212.43116760253906,198.3792724609375,15.359999656677246,15.518499994277954,-0.23440758701453115
2025-09-02,210.8746795654297,195.76333618164062,17.170000076293945,15.500999975204468,-0.20451072215427
2025-09-03,230.14125061035156,191.77578735351562,16.350000381469727,15.425999975204467,0.220898547368256
2025-09-04,231.7775421142578,183.4969024658203,15.300000190734863,15.352499961853027,0.4307041970742786
2025-09-05,234.4714813232422,184.12393188476562,15.180000305175781,15.282999992370605,0.464276463559945
2025-09-08,233.72247314453125,182.05667114257812,15.109999656677246,15.280999994277954,0.4963460356745696
2025-09-09,239.30490112304688,181.28268432617188,15.039999961853027,15.220499992370605,0.6112648445606452
2025-09-10,238.84552001953125,180.2833251953125,15.350000381469727,15.251500034332276,0.6250601552607855
2025-09-11,240.0438995361328,180.616455078125,14.710000038146973,15.262500047683716,0.6388090163388918
2025-09-12,240.4733123779297,178.9019012451172,14.760000228881836,15.259000062942505,0.6838489071472443
2025-09-15,251.26864624023438,174.59100341796875,15.6899995803833,15.289000034332275,0.967633491265772
2025-09-16,250.8192596435547,174.03256225585938,16.360000610351562,15.357500076293945,0.9719600676823466
2025-09-17,249.19146728515625,176.6484832763672,15.720000267028809,15.365000104904174,0.8861692423510115
2025-09-18,251.68807983398438,177.9417266845703,15.699999809265137,15.365500116348267,0.9017057406344895
2025-09-19,254.3744354248047,175.7373046875,15.449999809265137,15.308000087738037,0.9970770414926863
2025-09-22,252.18740844726562,175.9822235107422,16.100000381469727,15.402000093460083,0.9533306374673518
2025-09-23,251.31858825683594,178.3532257080078,16.639999389648438,15.494500064849854,0.8862192918386805
2025-09-24,246.80471801757812,180.70462036132812,16.18000030517578,15.572500085830688,0.7555545470033473
2025-09-25,245.45652770996094,178.3532257080078,16.739999771118164,15.66700005531311,0.7833214008623235
2025-09-26,246.2055206298828,180.81239318847656,15.289999961853027,15.710000038146973,0.7426794105270198
2025-09-29,243.71890258789062,179.5191192626953,16.1200008392334,15.74800009727478,0.7273190152784037
2025-09-30,242.77020263671875,180.00900268554688,16.280000686645508,15.703500127792358,0.6999511122101882
2025-10-01,244.5677490234375,176.7366485595703,16.290000915527344,15.70050015449524,0.803079781335125
2025-10-02,245.356689453125,178.6275634765625,16.6299991607666,15.767000102996827,0.7755683484700054
2025-10-03,245.0171356201172,176.66806030273438,16.649999618530273,15.84050006866455,0.8124681782705514
2025-10-06,250.09024047851562,178.1278839111328,16.3700008392334,15.903500127792359,0.8695867502898463
2025-10-07,245.42657470703125,173.46429443359375,17.239999771118164,16.013500118255614,0.8897309030524531
2025-10-08,244.2881317138672,177.92214965820312,16.299999237060547,16.061000061035156,0.7722412164479102
2025-10-09,241.2023162841797,175.3356170654297,16.43000030517578,16.147000074386597,0.7746503546967837
2025-10-10,236.24905395507812,168.22262573242188,21.65999984741211,16.49200005531311,0.8432867687785449
2025-10-13,243.8187713623047,171.56358337402344,19.030000686645508,16.65900011062622,0.9030829460020613
2025-10-14,245.11700439453125,170.4172821044922,20.809999465942383,16.881500053405762,0.9509440558512011
2025-10-15,250.68943786621094,171.7203369140625,20.639999389648438,17.127500009536742,1.0202564339653049
2025-10-16,251.1188507080078,171.92608642578125,25.309999465942383,17.607999992370605,1.0232936556724481
2025-10-17,252.95635986328125,173.0038299560547,20.780000686645508,17.874500036239624,1.031974398360149
2025-10-20,256.2019348144531,175.95285034179688,18.229999542236328,17.980999994277955,1.0244408784013102
2025-10-21,250.12020874023438,177.17752075195312,17.8700008392334,18.042500066757203,0.890900020070777
2025-10-22,251.34854125976562,167.25270080566406,18.600000381469727,18.1635000705719,1.1295461158102262
2025-10-23,252.7366485595703,168.70272827148438,17.299999237060547,18.19150004386902,1.1221954780617966
2025-10-24,259.5674133300781,165.70469665527344,16.3700008392334,18.245500087738037,1.3076729719156108
2025-10-27,268.9046630859375,165.97901916503906,15.789999961853027,18.229000043869018,1.465571297940275
2025-10-28,267.1071472167969,163.5296630859375,16.420000076293945,18.23600001335144,1.4875937565092474
2025-10-29,274.197509765625,157.01431274414062,16.920000076293945,18.26749997138977,1.75456210252152
2025-10-30,281.09814453125,157.25927734375,16.90999984741211,18.281500005722044,1.8703321945019238
2025-10-31,280.80853271484375,159.6020050048828,17.440000534057617,18.321000051498412,1.8140062533929524
2025-11-03,283.3350830078125,159.6020050048828,17.170000076293945,18.36100001335144,1.8583552829727938
2025-11-04,277.1634826660156,157.5261688232422,19.0,18.44900002479553,1.7954286083048898
2025-11-05,283.9242858886719,161.68772888183594,18.010000228881836,18.534500074386596,1.8230767743919314
2025-11-06,284.36370849609375,159.52291870117188,19.5,18.68800005912781,1.8781407961253882
2025-11-07,278.4516906738281,158.7024688720703,19.079999923706055,18.559000062942506,1.7923116406565114
2025-11-10,289.7064208984375,158.73211669921875,17.600000381469727,18.487500047683717,1.9892196282458912
2025-11-11,290.9147644042969,157.89190673828125,17.280000686645508,18.311000108718872,2.0288077746086257
2025-11-12,286.3210144042969,161.21324157714844,17.510000228881836,18.15450015068054,1.8755254467113465
2025-11-13,278.19207763671875,160.36312866210938,20.0,17.889000177383423,1.75143109977139
2025-11-14,276.0350036621094,157.49652099609375,19.829999923706055,17.84150013923645,1.7762686814486213
2025-11-17,284.63330078125,153.20645141601562,22.3799991607666,18.049000120162965,2.0210326766493276
2025-11-18,283.8943176269531,155.50965881347656,24.690000534057617,18.390000104904175,1.957683257023359
2025-11-19,292.4127502441406,155.28228759765625,23.65999984741211,18.643000078201293,2.112182240222215
2025-11-20,289.05731201171875,151.5655517578125,26.420000076293945,19.099000120162962,2.1345794983698774
2025-11-21,299.2534484863281,157.56568908691406,23.43000030517578,19.452000093460082,2.1823136583477685
2025-11-24,318.14776611328125,159.404296875,20.520000457763672,19.688500118255615,2.473753549580032
2025-11-25,323.0011901855469,159.90843200683594,18.559999465942383,19.795500087738038,2.5479197333180976
2025-11-26,319.5159606933594,163.44723510742188,17.190000534057617,19.809000110626222,2.4093388128606303
2025-11-28,319.74560546875,166.33363342285156,16.350000381469727,19.7810001373291,2.3502358113217863
2025-12-01,314.4627990722656,166.2248992919922,17.239999771118164,19.771000099182128,2.259884015824509
2025-12-02,315.38153076171875,173.24319458007812,16.59000015258789,19.742000102996826,2.1224999796934116
2025-12-03,319.1963806152344,180.4987335205078,16.079999923706055,19.596000099182127,2.030762855145911
2025-12-04,317.1890869140625,178.04727172851562,15.779999732971191,19.484500074386595,2.0491491006748763
2025-12-05,320.8341064453125,180.4394073486328,15.40999984741211,19.280000066757204,2.0608078132110985
2025-12-08,313.49932861328125,178.8578338623047,16.65999984741211,19.159000062942503,1.9666526819025079
2025-12-09,316.85693359375,177.45416259765625,16.93000030517578,19.12550005912781,2.0562917858404206
2025-12-10,319.9847412109375,179.5794219970703,15.770000457763672,19.050000047683717,2.0647091429428985
2025-12-11,312.210205078125,179.5794219970703,14.850000381469727,18.91700005531311,1.9282411953690113
2025-12-12,309.07244873046875,177.35533142089844,15.739999771118164,18.70400004386902,1.9218109341087621
2025-12-15,308.003173828125,175.92201232910156,16.5,18.537500047683714,1.934392637883867
2025-12-16,306.3543395996094,175.5167236328125,16.479999542236328,18.242500066757202,1.9143151824724642
2025-12-17,296.5112609863281,172.4820556640625,17.6200008392334,17.88900008201599,1.8079147991206062
2025-12-18,302.2472229003906,174.16249084472656,16.8700008392334,17.549500131607054,1.871843207743149
2025-12-19,306.9439392089844,174.26133728027344,14.90999984741211,16.974000120162962,1.9521235226415812
2025-12-22,309.56207275390625,176.76222229003906,14.079999923706055,16.50650010108948,1.9433784371089
2025-12-23,314.1288757324219,175.04225158691406,14.0,16.180500078201295,2.061161225984357
2025-12-24,313.8690490722656,175.0916748046875,13.470000267028809,15.926000118255615,2.0555194071919844
2025-12-26,313.2894592285156,174.8445587158203,13.600000381469727,15.74650011062622,2.05075090773684
2025-12-29,313.33941650390625,173.66824340820312,14.199999809265137,15.639000082015992,2.077357285091474
2025-12-30,313.6292419433594,173.40135192871094,14.329999923706055,15.493500089645385,2.088282347326208
2025-12-31,312.7798156738281,171.49356079101562,14.949999809265137,15.411500072479248,2.1151011929276287
2026-01-02,314.9283142089844,175.47718811035156,14.510000228881836,15.333000087738037,2.0656805872821153
2026-01-05,316.3173522949219,175.13121032714844,14.899999618530273,15.289000082015992,2.097630192810984
2026-01-06,314.1188659667969,189.88941955566406,14.75,15.256000089645386,1.7362343915042269
2026-01-07,321.7535095214844,183.5729522705078,15.380000114440918,15.192000102996825,2.008406452010529
2026-01-08,325.2110595703125,186.28140258789062,15.449999809265137,15.118000078201295,2.009855745568848
2026-01-09,328.3388671875,188.12001037597656,14.489999771118164,15.054000043869019,2.0245430145636356
2026-01-12,331.62652587890625,186.89427185058594,15.119999885559082,15.067500019073487,2.1090624265262172
2026-01-13,335.7336730957031,186.36048889160156,15.979999542236328,15.079500007629395,2.1928313815320335
2026-01-14,335.603759765625,191.22386169433594,16.75,15.092000007629395,2.0841747532239556
2026-01-15,332.5458984375,186.94369506835938,15.84000015258789,15.060000038146972,2.1241193213824134
2026-01-16,329.7678527832031,189.37539672851562,15.859999656677246,14.971999979019165,2.022167293811823
2026-01-20,321.77349853515625,187.4082794189453,20.09000015258789,15.13299994468689,1.9248674639142005
2026-01-21,328.1490173339844,192.17282104492188,16.899999618530273,15.232499933242797,1.9325636811666496
2026-01-22,330.3074951171875,192.74615478515625,15.640000343322754,15.310499954223634,1.957911370971639
2026-01-23,327.6993103027344,191.08547973632812,16.09000015258789,15.414999961853027,1.9484532311448093
2026-01-26,333.02557373046875,194.32772827148438,16.149999618530273,15.548999929428101,1.9710286813497018
2026-01-27,334.31463623046875,194.36727905273438,16.350000381469727,15.6864999294281,1.9927907549364
2026-01-28,335.7736511230469,213.6824188232422,16.350000381469727,15.79399995803833,1.595922342361539
2026-01-29,338.0120544433594,216.4501953125,16.8799991607666,15.921499919891357,1.5746740783827187
2026-01-30,337.7622375488281,214.46031188964844,17.440000534057617,16.04599995613098,1.6138135833433613
2026-02-02,343.4482421875,223.8724822998047,16.34000015258789,16.137499952316283,1.507749344648179
2026-02-03,339.47100830078125,224.0714874267578,18.0,16.29249997138977,1.4335833571992898
2026-02-04,332.80572509765625,221.79306030273438,18.639999389648438,16.48699994087219,1.366422229468771
2026-02-05,331.0169677734375,222.8477020263672,21.770000457763672,16.80649995803833,1.311955714380996
2026-02-06,322.63287353515625,220.32054138183594,20.3700008392334,17.052500009536743,1.2200644936264566
2026-02-09,324.09185791015625,217.66404724121094,17.360000610351562,17.196000051498412,1.3037796527287169
2026-02-10,318.3558654785156,219.80316162109375,17.790000915527344,17.329500102996825,1.1563059514221314
2026-02-11,310.7412414550781,225.41465759277344,17.649999618530273,17.413000106811523,0.8999050889472381
2026-02-12,308.7826232910156,221.87265014648438,20.81999969482422,17.616500091552734,0.9429991792278379
2026-02-13,305.50494384765625,225.0166778564453,20.600000381469727,17.854500102996827,0.8166963214424116
2026-02-17,301.8075256347656,224.54905700683594,20.290000915527344,18.07600016593933,0.7620230592966113
2026-02-18,303.1166076660156,222.1910400390625,19.6200008392334,18.052500200271606,0.8365783817273653
2026-02-19,302.636962890625,216.9476776123047,20.229999542236328,18.21900019645691,0.9428468059620949
2026-02-20,314.7584228515625,218.6191864013672,19.09000015258789,18.391500186920165,1.1190563523660149
2026-02-23,311.2708740234375,218.74851989746094,21.010000228881836,18.637500190734862,1.055009825175464
2026-02-24,310.6813049316406,212.2714385986328,19.549999237060547,18.807500171661378,1.1863337784318075
2026-02-25,312.67987060546875,212.8186492919922,17.93000030517578,18.88650016784668,1.2094458875135716
2026-02-26,307.1637878417969,211.55508422851562,18.6299991607666,19.000500106811522,1.1402588877307522
2026-02-27,311.54071044921875,211.03770446777344,19.860000610351562,19.149500179290772,1.228404476653554
2026-03-02,306.3043518066406,208.75929260253906,21.440000534057617,19.34950017929077,1.186325206399571
2026-03-03,303.3664245605469,201.6454315185547,23.56999969482422,19.711000156402587,1.2903562138787257
2026-03-04,302.9167785644531,201.36683654785156,21.149999618530273,19.8685001373291,1.2885571796180972
2026-03-05,300.6683349609375,196.97914123535156,23.75,20.12400016784668,1.3450615827153787
2026-03-06,298.30999755859375,192.25314331054688,29.489999771118164,20.510000133514403,1.4070366693982386
2026-03-09,306.3599853515625,195.2081298828125,25.5,20.766500091552736,1.4837054461639658
2026-03-10,307.0400085449219,196.46177673339844,24.93000030517578,21.145000076293947,1.4682210904438613
2026-03-11,308.70001220703125,197.6656494140625,24.229999542236328,21.467000007629395,1.4710272299905434
2026-03-12,303.54998779296875,189.0892333984375,27.290000915527344,21.949000072479247,1.5682192329495699
2026-03-13,302.2799987792969,189.81553649902344,27.190000534057617,22.267500114440917,1.5300404882618472
2026-03-16,305.55999755859375,193.1486053466797,23.510000228881836,22.413000106811523,1.5147109496487714
2026-03-17,310.9200134277344,193.46697998046875,22.3700008392334,22.517000102996825,1.6018325650938328
2026-03-18,307.69000244140625,189.81553649902344,25.09000015258789,22.79050006866455,1.625003336658591
2026-03-19,307.1300048828125,187.33811950683594,24.059999465942383,22.982000064849853,1.6693619697690014
2026-03-20,301.0,186.24368286132812,26.780000686645508,23.366500091552734,1.585699340616215
2026-03-23,302.05999755859375,187.67640686035156,26.149999618530273,23.623500061035156,1.5729678062438166
2026-03-24,290.44000244140625,193.6460723876953,26.950000762939453,23.9935001373291,1.238425665333442
2026-03-25,290.92999267578125,195.77525329589844,25.329999923706055,24.363500118255615,1.200455125043621
2026-03-26,280.9200134277344,192.4322509765625,27.440000534057617,24.804000186920167,1.097869279355723
2026-03-27,274.3399963378906,189.36781311035156,31.049999237060547,25.363500118255615,1.049397205732615
2026-03-30,273.5,185.47756958007812,30.610000610351562,25.822000122070314,1.1197436279098434
2026-03-31,287.55999755859375,193.15855407714844,25.25,25.9060001373291,1.1985358344979007
2026-04-01,297.3900146484375,195.30763244628906,24.540000915527344,26.075500202178954,1.3240773896078695
2026-04-02,295.7699890136719,193.88485717773438,23.8700008392334,26.081500244140624,1.3267610341112046
2026-04-06,299.989990234375,198.41184997558594,24.170000076293945,25.815500259399414,1.3018169212576738
2026-04-07,305.4599914550781,198.73023986816406,25.780000686645508,25.82950029373169,1.3908687972543874
2026-04-08,317.32000732421875,207.84393310546875,21.040000915527344,25.63500032424927,1.399706752290761
2026-04-09,318.489990234375,213.8931884765625,19.489999771118164,25.39800033569336,1.2879287243342443
2026-04-10,317.239990234375,213.6444549560547,19.229999542236328,24.995000267028807,1.2714277627561175
2026-04-13,321.30999755859375,215.6144561767578,19.1200008392334,24.591500282287598,1.2997796868587717
2026-04-14,332.9100036621094,217.76351928710938,18.360000610351562,24.334000301361083,1.4563905377548945
2026-04-15,337.1199951171875,215.19656372070312,18.170000076293945,24.12400026321411,1.5864361887947525
2026-04-16,336.0199890136719,221.97215270996094,17.940000534057617,23.7665002822876,1.4189255537958676
2026-04-17,341.67999267578125,228.65818786621094,17.479999542236328,23.437500286102296,1.3720334924868647
2026-04-20,337.4200134277344,232.5185546875,18.8700008392334,23.04200029373169,1.2128196964374816
2026-04-21,332.2900085449219,231.97132873535156,19.5,22.709500312805176,1.134741158527566
2026-04-22,339.32000732421875,235.1153564453125,18.920000076293945,22.3080002784729,1.189370984990798
2026-04-23,338.8900146484375,280.80322265625,19.309999465942383,22.007000255584718,0.1824955389319729
2026-04-24,344.3999938964844,275.7389831542969,18.709999084472656,21.57050018310547,0.3899830567172646
2026-04-27,350.3399963378906,268.1375732421875,18.020000457763672,20.919000244140626,0.660514217365088
2026-04-28,349.7799987792969,263.66033935546875,17.829999923706055,20.28000020980835,0.7486147142360728
2026-04-29,349.94000244140625,267.8590087890625,18.809999465942383,19.95800018310547,0.6595860685744146
2026-04-30,384.79998779296875,279.6590270996094,16.889999389648438,19.575500106811525,1.0133891572564357
