Date,KO,GOOGL,VIX,AvgVIX,zscore
2024-01-30,56.073490142822266,150.2184600830078,13.3100004196167,13.347500038146972,-1.4112167562222255
2024-01-31,55.6896858215332,138.95155334472656,14.350000381469727,13.405000066757202,-1.3303218341575078
2024-02-01,57.084495544433594,140.0028839111328,13.880000114440918,13.397000074386597,-1.0311399180030636
2024-02-02,56.672603607177734,141.21286010742188,13.850000381469727,13.383000087738036,-1.1420958110988466
2024-02-05,56.20454788208008,142.50221252441406,13.670000076293945,13.399000072479248,-1.2669082689622175
2024-02-06,56.110931396484375,142.9187774658203,13.0600004196167,13.39800009727478,-1.2942314992874446
2024-02-07,56.157737731933594,144.3469696044922,12.829999923706055,13.40150008201599,-1.304902080776745
2024-02-08,56.00796127319336,144.71395874023438,12.789999961853027,13.406500101089478,-1.3441637040124945
2024-02-09,55.755210876464844,147.7786102294922,12.930000305175781,13.431000137329102,-1.4467768465420088
2024-02-12,55.886268615722656,146.32066345214844,13.930000305175781,13.492500162124633,-1.395519305672651
2024-02-13,55.558624267578125,143.95025634765625,15.850000381469727,13.593000173568726,-1.4342256311888644
2024-02-14,55.5024528503418,144.74368286132812,14.380000114440918,13.57250018119812,-1.4587007064008062
2024-02-15,55.60543441772461,141.5996856689453,14.010000228881836,13.566500186920166,-1.388711178277788
2024-02-16,55.596065521240234,139.3681182861328,14.239999771118164,13.613500165939332,-1.3576459254734976
2024-02-20,56.822383880615234,139.9632110595703,15.420000076293945,13.725000190734864,-1.0897095824193772
2024-02-21,57.327884674072266,141.38150024414062,15.34000015258789,13.864500188827515,-0.99670394930631
2024-02-22,57.24363708496094,142.9088592529297,14.539999961853027,13.934500169754028,-1.0384283216275725
2024-02-23,57.290443420410156,142.7799072265625,13.75,13.949500179290771,-1.025946654081854
2024-02-26,56.83173751831055,136.44232177734375,13.739999771118164,13.973500156402588,-1.035248427640316
2024-02-27,56.48537826538086,137.74156188964844,13.430000305175781,13.96500015258789,-1.132740572388922
2024-02-28,56.54155349731445,135.26206970214844,13.84000015258789,13.99150013923645,-1.0831955300325862
2024-02-29,56.18582534790039,137.32504272460938,13.399999618530273,13.944000101089477,-1.1941577578016012
2024-03-01,55.72712326049805,136.0158233642578,13.109999656677246,13.905500078201294,-1.2782224504627007
2024-03-04,55.98923873901367,132.2568817138672,13.489999771118164,13.887500047683716,-1.163172588773325
2024-03-05,55.7177619934082,131.58248901367188,14.460000038146973,13.927000045776367,-1.2144187141749727
2024-03-06,55.74584197998047,130.32290649414062,14.5,13.999000024795532,-1.1893529789794954
2024-03-07,55.64287185668945,133.2784423828125,14.4399995803833,14.079500007629395,-1.2565378052674039
2024-03-08,55.7177619934082,134.3000030517578,14.739999771118164,14.17699999809265,-1.2548238116466965
2024-03-11,56.39176559448242,136.54148864746094,15.220000267028809,14.291499996185303,-1.13602611156569
2024-03-12,56.635154724121094,137.3647003173828,13.84000015258789,14.286999988555909,-1.0933321617752887
2024-03-13,57.21555709838867,138.6441192626953,13.75,14.181999969482423,-0.9813561961371352
2024-03-14,57.08816909790039,141.92697143554688,14.399999618530273,14.18299994468689,-1.058918895162781
2024-03-15,56.50312805175781,140.022705078125,14.40999984741211,14.202999925613403,-1.1626513416070352
2024-03-18,56.739036560058594,146.46945190429688,14.329999923706055,14.207499933242797,-1.2052587891334599
2024-03-19,56.83338928222656,145.8247833251953,13.819999694824219,14.127499914169311,-1.1743778504778972
2024-03-20,57.32406997680664,147.520751953125,13.039999961853027,14.012499904632568,-1.0888458167206538
2024-03-21,57.05985641479492,146.39007568359375,12.920000076293945,13.931499910354614,-1.1316684071120129
2024-03-22,57.078731536865234,149.53411865234375,13.0600004196167,13.896999931335449,-1.1741551268779677
2024-03-25,56.99380874633789,148.83984375,13.1899995803833,13.869499921798706,-1.1829997433160966
2024-03-26,57.125911712646484,149.43492126464844,13.239999771118164,13.859999895095825,-1.1620314862355934
2024-03-27,57.58827590942383,149.63328552246094,12.779999732971191,13.80699987411499,-1.0606235996318194
2024-03-28,57.72981643676758,149.6927947998047,13.010000228881836,13.787499904632568,-1.0295622063053358
2024-04-01,57.25801467895508,154.21542358398438,13.649999618530273,13.81449990272522,-1.20329381741475
2024-04-02,56.757904052734375,153.29302978515625,14.609999656677246,13.870499897003175,-1.302456043674825
2024-04-03,56.45594787597656,153.6500701904297,14.329999923706055,13.863999891281129,-1.3759172497284309
2024-04-04,55.95583724975586,149.29608154296875,16.350000381469727,13.956499910354614,-1.4240571363062648
2024-04-05,56.15399169921875,151.2499237060547,16.030000686645508,14.035999965667724,-1.4083834863126334
2024-04-08,55.92753601074219,153.5806427001953,15.1899995803833,14.058499956130982,-1.4941494144198089
2024-04-09,56.35215377807617,155.3163299560547,14.979999542236328,14.046499919891357,-1.4241185713399864
2024-04-10,55.59726333618164,154.86007690429688,15.800000190734863,14.144499921798706,-1.5877162788637122
2024-04-11,55.719932556152344,158.10328674316406,14.90999984741211,14.202499914169312,-1.6082507540409416
2024-04-12,54.99336624145508,156.43702697753906,17.309999465942383,14.347999906539917,-1.7474647360835176
2024-04-15,54.86125183105469,153.59060668945312,19.229999542236328,14.588999891281128,-1.7349617015111518
2024-04-16,54.7857666015625,153.1343231201172,18.399999618530273,14.792499876022339,-1.7452147781626397
2024-04-17,55.21038818359375,154.19557189941406,18.209999084472656,15.01199984550476,-1.6651552501315265
2024-04-18,55.587833404541016,154.7311553955078,18.0,15.259999847412109,-1.5879277909147471
2024-04-19,56.776771545410156,152.82687377929688,18.709999084472656,15.549499797821046,-1.2912665873812923
2024-04-22,57.135345458984375,154.9989471435547,16.940000534057617,15.743499803543092,-1.2426304425064696
2024-04-23,57.22026443481445,156.9627227783203,15.6899995803833,15.868499803543092,-1.2526621372371147
2024-04-24,58.07894515991211,157.8255615234375,15.970000267028809,16.004999828338622,-1.0716838734758978
2024-04-25,58.258235931396484,154.72122192382812,15.369999885559082,16.13449983596802,-0.9850607312252766
2024-04-26,58.258235931396484,170.54049682617188,15.029999732971191,16.235499811172485,-1.2202681065702072
2024-04-29,58.541316986083984,164.78802490234375,14.670000076293945,16.28649983406067,-1.0708456255039507
2024-04-30,58.28654479980469,161.44564819335938,15.649999618530273,16.33849983215332,-1.0786528073781998
2024-05-01,58.43751907348633,162.51678466796875,15.390000343322754,16.391499853134157,-1.0605034660844097
2024-05-02,58.494140625,165.2541961669922,14.680000305175781,16.307999849319458,-1.0884247211340832
2024-05-03,58.66398620605469,165.86911010742188,13.489999771118164,16.18099980354309,-1.0592327574292586
2024-05-06,58.83383560180664,166.7220458984375,13.489999771118164,16.095999813079835,-1.0335789378458928
2024-05-07,59.08860778808594,169.84622192382812,13.229999542236328,16.008499813079833,-1.0225274599844132
2024-05-08,59.305641174316406,167.9915771484375,13.0,15.868499803543092,-0.9459666430374913
2024-05-09,59.333946228027344,168.56678771972656,12.6899995803833,15.75749979019165,-0.9481305549102981
2024-05-10,59.6925163269043,167.26751708984375,12.550000190734863,15.519499826431275,-0.8478819249770967
2024-05-13,59.994476318359375,167.7535400390625,13.600000381469727,15.237999868392944,-0.786954864757233
2024-05-14,59.54153823852539,168.9436798095703,13.420000076293945,14.988999891281129,-0.9068800824793259
2024-05-15,59.56985092163086,171.09591674804688,12.449999809265137,14.700999927520751,-0.9324901380260011
2024-05-16,59.7491340637207,172.752197265625,12.420000076293945,14.42199993133545,-0.9166515424875173
2024-05-17,59.47549057006836,174.61679077148438,11.989999771118164,14.085999965667725,-1.0061373841255277
2024-05-20,59.04143142700195,175.46975708007812,12.149999618530273,13.846499919891357,-1.1167883271957826
2024-05-21,59.36225509643555,176.39212036132812,11.859999656677246,13.654999923706054,-1.058091352124946
2024-05-22,59.44717788696289,174.9341583251953,12.289999961853027,13.470999908447265,-1.0172464066866258
2024-05-23,58.588497161865234,172.1273651123047,12.770000457763672,13.340999937057495,-1.1693211694354602
2024-05-24,58.503578186035156,173.55557250976562,11.930000305175781,13.185999965667724,-1.209722849884757
2024-05-28,58.33372116088867,174.9540252685547,12.920000076293945,13.098499965667724,-1.2688529466963492
2024-05-29,58.220497131347656,174.45809936523438,14.279999732971191,13.02999997138977,-1.2870343867302463
2024-05-30,58.47526168823242,170.69920349121094,14.470000267028809,12.983999967575073,-1.1736443348654417
2024-05-31,59.381134033203125,171.08596801757812,12.920000076293945,12.895999956130982,-0.9749362903854606
2024-06-03,59.381134033203125,171.75047302246094,13.109999656677246,12.876999950408935,-0.9848164194727242
2024-06-04,60.334171295166016,172.36538696289062,13.15999984741211,12.860499954223632,-0.7788553029158067
2024-06-05,60.31529998779297,173.9721221923828,12.630000114440918,12.830499982833862,-0.8070042132595048
2024-06-06,60.53232955932617,175.28131103515625,12.579999923706055,12.809499979019165,-0.7774854147489495
2024-06-07,60.30586242675781,173.02989196777344,12.220000267028809,12.78600001335144,-0.795124844465822
2024-06-10,60.003910064697266,173.7746124267578,12.739999771118164,12.795499992370605,-0.8743493733152055
2024-06-11,59.96615982055664,175.37322998046875,12.850000381469727,12.757999992370605,-0.9066386300663353
2024-06-12,59.333946228027344,176.5349884033203,12.039999961853027,12.68899998664856,-1.0666049844008747
2024-06-13,59.43775177001953,173.9235382080078,11.9399995803833,12.663499975204468,-1.0043476063461898
2024-06-14,59.480533599853516,175.5420684814453,12.65999984741211,12.675499963760377,-1.0187565574377364
2024-06-17,59.547096252441406,175.98887634277344,12.75,12.713499975204467,-1.010376449526317
2024-06-18,59.556610107421875,173.85401916503906,12.300000190734863,12.721000003814698,-0.9764872188694161
2024-06-20,59.12868881225586,175.0554962158203,13.279999732971191,12.792000007629394,-1.0909346264254791
2024-06-21,59.68973922729492,178.36199951171875,13.199999809265137,12.8375,-1.0134659766565866
2024-06-24,60.83085632324219,177.9549102783203,13.329999923706055,12.86549997329712,-0.7498590150428776
2024-06-25,60.707237243652344,182.73095703125,12.84000015258789,12.910999965667724,-0.8487724759428098
2024-06-26,60.90692901611328,182.58200073242188,12.550000190734863,12.892499971389771,-0.8014865889295685
2024-06-27,60.77379608154297,184.10121154785156,12.239999771118164,12.79049997329712,-0.8541234072634937
2024-06-28,60.52655792236328,180.86419677734375,12.4399995803833,12.688999938964844,-0.8617966962795404
2024-07-01,60.17470932006836,181.6982879638672,12.220000267028809,12.653999948501587,-0.9536117844392163
2024-07-02,60.05108642578125,183.93238830566406,12.029999732971191,12.599999952316285,-1.0147314193217578
2024-07-03,60.222259521484375,184.50830078125,12.09000015258789,12.546499967575073,-0.9846599412824282
2024-07-05,60.63115310668945,189.25457763671875,12.479999542236328,12.538999938964844,-0.9629407655511915
2024-07-08,59.87041473388672,187.6956329345703,12.369999885559082,12.528499937057495,-1.1114631066151524
2024-07-09,59.61365509033203,187.64599609375,12.510000228881836,12.542999935150146,-1.1686766523680299
2024-07-10,59.746795654296875,189.8304443359375,12.850000381469727,12.548499965667725,-1.1711056123958177
2024-07-11,60.003543853759766,184.2600860595703,12.920000076293945,12.551999950408936,-1.0303342899195322
2024-07-12,60.574100494384766,183.7635955810547,12.460000038146973,12.572999954223633,-0.8941756020898203
2024-07-15,60.298336029052734,185.2133026123047,13.119999885559082,12.631999969482422,-0.9779714547402064
2024-07-16,61.11612319946289,182.6217041015625,13.1899995803833,12.658499956130981,-0.7548610421449667
2024-07-17,62.010005950927734,179.74220275878906,14.479999542236328,12.744999933242799,-0.510294930068716
2024-07-18,61.9909782409668,176.43568420410156,15.930000305175781,12.926499938964843,-0.4654268972290002
2024-07-19,62.08607482910156,176.40591430664062,16.520000457763672,13.088499975204467,-0.44352062759069594
2024-07-22,61.591590881347656,180.38760375976562,14.90999984741211,13.173999977111816,-0.6143287850970052
2024-07-23,61.772274017333984,180.5067596435547,14.720000267028809,13.243499994277954,-0.5753196153979427
2024-07-24,62.5805549621582,171.4114227294922,18.040000915527344,13.503500032424927,-0.25765457959596494
2024-07-25,62.82780838012695,166.09915161132812,18.459999084472656,13.798999977111816,-0.12286360735106061
2024-07-26,63.75971984863281,165.8211669921875,16.389999389648438,14.00649995803833,0.09160531915563092
2024-07-29,63.550506591796875,168.3332977294922,16.600000381469727,14.214499998092652,0.0070337661573246744
2024-07-30,64.35880279541016,169.0879364013672,17.690000534057617,14.488000011444091,0.17824882633883904
2024-07-31,63.46491622924805,170.3291015625,16.360000610351562,14.70450005531311,-0.041958701962523146
2024-08-01,64.62504577636719,169.55462646484375,18.59000015258789,15.029500055313111,0.2314018791933938
2024-08-02,65.9278335571289,165.48355102539062,23.389999389648438,15.575000047683716,0.5859761187395052
2024-08-05,64.7581787109375,158.1258544921875,38.56999969482422,16.885000038146973,0.4313780594765834
2024-08-06,64.71064758300781,157.17263793945312,27.709999084472656,17.644999980926514,0.43482292366536585
2024-08-07,65.10050964355469,157.81805419921875,27.850000381469727,18.394999980926514,0.5132198698821416
2024-08-08,65.3572769165039,160.88623046875,23.790000915527344,18.938500022888185,0.5255542729255197
2024-08-09,65.30972290039062,162.51467895507812,20.3700008392334,19.334000062942504,0.4906087315423486
2024-08-12,64.82474517822266,161.1444091796875,20.709999084472656,19.713500022888184,0.40152125675081923
2024-08-13,65.10050964355469,163.00120544433594,18.1200008392334,19.96000008583069,0.4361546815024146
2024-08-14,65.21463012695312,159.2379608154297,16.190000534057617,20.045500135421754,0.5178655239197543
2024-08-15,65.28119659423828,160.16139221191406,15.229999542236328,20.01050009727478,0.5191598613913716
2024-08-16,65.78518676757812,161.80967712402344,14.800000190734863,19.92450008392334,0.6084048726921136
2024-08-19,65.59500122070312,165.4934844970703,14.649999618530273,19.91150007247925,0.5107069796706865
2024-08-20,65.97537231445312,165.9998779296875,15.880000114440918,19.969500064849854,0.589028828469758
2024-08-21,66.15604400634766,164.67930603027344,16.270000457763672,19.88100004196167,0.6494418699922668
2024-08-22,65.9278335571289,162.64373779296875,17.549999237060547,19.835500049591065,0.6281996100809952
2024-08-23,66.3652572631836,164.4508819580078,15.859999656677246,19.809000062942506,0.7000583489396149
2024-08-26,67.36371612548828,164.987060546875,16.149999618530273,19.786500024795533,0.9174419515700145
2024-08-27,67.99134063720703,163.51751708984375,15.430000305175781,19.67350001335144,1.080948806347715
2024-08-28,68.22906494140625,161.700439453125,17.110000610351562,19.71100001335144,1.1616210737938155
2024-08-29,68.51435089111328,160.63800048828125,15.649999618530273,19.56399998664856,1.2418079011994707
2024-08-30,68.91373443603516,162.22671508789062,15.0,19.144500017166138,1.3083285392502142
2024-09-03,69.42723083496094,156.24920654296875,20.719999313354492,18.25199999809265,1.5131025199388106
2024-09-04,68.99931335449219,155.3456268310547,21.31999969482422,17.932500028610228,1.4299548084441593
2024-09-05,67.67753601074219,156.13006591796875,19.899999618530273,17.534999990463255,1.1199615950250328
2024-09-06,67.64900207519531,149.8546600341797,22.3799991607666,17.46449990272522,1.2068266560783671
2024-09-09,68.32416534423828,147.85621643066406,19.450000762939453,17.41849989891052,1.3889270789866879
2024-09-10,68.03888702392578,147.80648803710938,19.079999923706055,17.336999940872193,1.3252781275220853
2024-09-11,67.59196472167969,150.29212951660156,17.690000534057617,17.315499925613402,1.1874486490251472
2024-09-12,67.7345962524414,153.80189514160156,17.06999969482422,17.359499883651733,1.1674564793152602
2024-09-13,68.37129974365234,156.55596923828125,16.559999465942383,17.425999879837036,1.2702140386179313
2024-09-16,69.03192901611328,157.1525115966797,17.139999389648438,17.542999839782716,1.4104507862195372
2024-09-17,68.74468994140625,158.40528869628906,17.610000610351562,17.690999889373778,1.3269931071967156
2024-09-18,68.69683074951172,158.89247131347656,18.229999542236328,17.80849986076355,1.3089474889348276
2024-09-19,67.61490631103516,161.20909118652344,16.329999923706055,17.81149983406067,1.030308847395135
2024-09-20,68.59149932861328,162.65077209472656,16.149999618530273,17.741499853134155,1.229293876364572
2024-09-23,68.67767333984375,160.9207763671875,15.890000343322754,17.742999887466432,1.2744659336869304
2024-09-24,68.29469299316406,161.3582305908203,15.390000343322754,17.704999923706055,1.1815216586325432
2024-09-25,68.40959167480469,160.56283569335938,15.40999984741211,17.70399990081787,1.2192809533887519
2024-09-26,68.3617172241211,161.79571533203125,15.369999885559082,17.616999864578247,1.1901445663459116
2024-09-27,68.73512268066406,163.0087127685547,16.959999084472656,17.682499837875366,1.2563881719828174
2024-09-30,68.8021469116211,164.8978271484375,16.729999542236328,17.768999814987183,1.2434276633011436
2024-10-01,68.65853118896484,166.03125,19.260000228881836,17.69599986076355,1.1941608937763264
2024-10-02,67.98831176757812,164.90773010253906,18.899999618530273,17.574999856948853,1.0595949305128993
2024-10-03,67.5191650390625,164.90773010253906,20.489999771118164,17.604499864578248,0.9537068423415977
2024-10-04,67.18405151367188,166.10084533691406,19.209999084472656,17.44599986076355,0.8603308059602873
2024-10-07,66.07342529296875,162.04425048828125,22.639999389648438,17.605499792099,0.6699736032284149
2024-10-08,66.2361831665039,163.4362335205078,21.420000076293945,17.722499799728393,0.686012068649198
2024-10-09,66.60958099365234,160.93069458007812,20.860000610351562,17.88099980354309,0.8075426546469439
2024-10-10,66.30320739746094,161.14944458007812,20.93000030517578,18.07399983406067,0.7351405789477411
2024-10-11,66.60958099365234,162.3027801513672,20.459999084472656,18.268999814987183,0.7871419316072462
2024-10-14,67.3468246459961,164.01290893554688,19.700000762939453,18.396999883651734,0.9281135644943086
2024-10-15,67.3468246459961,164.51002502441406,20.639999389648438,18.548499822616577,0.9207222414895552
2024-10-16,67.56703186035156,164.2117462158203,19.579999923706055,18.615999841690062,0.9748587242835633
2024-10-17,66.92555236816406,161.9945526123047,19.110000610351562,18.75499987602234,0.8630406482983375
2024-10-18,67.44257354736328,162.48175048828125,18.030000686645508,18.8489999294281,0.9724903155577643
2024-10-21,66.49469757080078,163.12803649902344,18.3700008392334,18.97299995422363,0.7489420886989204
2024-10-22,66.49469757080078,164.19186401367188,18.200000762939453,19.11349997520447,0.7331246710811801
2024-10-23,65.11598205566406,161.8454132080078,19.239999771118164,19.30499997138977,0.4568316463260227
2024-10-24,64.4361801147461,161.7857666015625,19.079999923706055,19.49049997329712,0.30428477602310117
2024-10-25,64.07234954833984,164.3211212158203,20.329999923706055,19.65900001525879,0.18447024336887854
2024-10-28,63.83298873901367,165.76280212402344,19.799999237060547,19.8125,0.10901016122594921
2024-10-29,62.770225524902344,168.70579528808594,19.34000015258789,19.816499996185303,-0.1746168950520232
2024-10-30,63.114898681640625,173.4583740234375,20.350000381469727,19.889000034332277,-0.16748619773787074
2024-10-31,62.53085708618164,170.12759399414062,23.15999984741211,20.022500038146973,-0.24978308255610618
2024-11-01,62.24363708496094,170.30654907226562,21.8799991607666,20.15600004196167,-0.3172704366387221
2024-11-04,62.33937454223633,168.26834106445312,21.979999542236328,20.123000049591063,-0.26535725066954036
2024-11-05,62.58831787109375,168.7654571533203,20.489999771118164,20.076500034332277,-0.2165611773790767
2024-11-06,60.98937225341797,175.49658203125,16.270000457763672,19.84700002670288,-0.6775299864820892
2024-11-07,60.951080322265625,179.71224975585938,15.199999809265137,19.56050000190735,-0.7488528639962925
2024-11-08,61.20001220703125,177.32603454589844,14.9399995803833,19.28450002670288,-0.657188838129947
2024-11-11,60.663841247558594,179.31454467773438,14.970000267028809,19.048000001907347,-0.8077705066726343
2024-11-12,60.510650634765625,180.57723999023438,14.710000038146973,18.751500034332274,-0.8611204382331927
2024-11-13,60.319156646728516,177.8529815673828,14.020000457763672,18.473500061035157,-0.8638359379049321
2024-11-14,59.8883056640625,174.57192993164062,14.3100004196167,18.233500051498414,-0.9122965374673343
2024-11-15,59.1127815246582,171.49966430664062,16.139999389648438,18.13899998664856,-1.0416554113827527
2024-11-18,59.2276725769043,174.29354858398438,15.579999923706055,17.99949994087219,-1.0572646926072358
2024-11-19,59.92660903930664,177.0973358154297,16.350000381469727,17.906999921798707,-0.9412000849616937
2024-11-20,60.30958938598633,174.96961975097656,17.15999984741211,17.802999925613403,-0.8231243134462295
2024-11-21,61.046817779541016,166.66758728027344,16.8700008392334,17.692499971389772,-0.533291262837429
2024-11-22,61.20001220703125,163.8140411376953,15.239999771118164,17.437999963760376,-0.4562870569269035
2024-11-25,61.640438079833984,166.6874542236328,14.600000381469727,17.178000020980836,-0.39960443576966664
2024-11-26,61.80320739746094,168.14903259277344,14.100000381469727,16.916000032424925,-0.3845981589848254
2024-11-27,61.68830871582031,168.25839233398438,14.100000381469727,16.603500032424925,-0.41215720565810854
2024-11-29,61.81855010986328,167.97998046875,13.510000228881836,16.121000051498413,-0.3786217187986872
2024-12-02,61.403724670410156,170.5054168701172,13.34000015258789,15.694000101089477,-0.5097985079922435
2024-12-03,61.2783088684082,170.35629272460938,13.300000190734863,15.260000133514405,-0.5358880632643129
2024-12-04,60.0145378112793,173.368896484375,13.449999809265137,14.908000135421753,-0.8659183043738939
2024-12-05,60.69948196411133,171.64881896972656,13.539999961853027,14.77150011062622,-0.6857491607046965
2024-12-06,60.32324981689453,173.70693969726562,12.770000457763672,14.650000143051148,-0.8012670679496686
2024-12-09,60.390769958496094,174.56295776367188,14.1899995803833,14.612500143051147,-0.7987551541385838
2024-12-10,60.68983459472656,184.31788635253906,14.180000305175781,14.573000144958495,-0.8762954225910571
2024-12-11,60.42936706542969,194.5007781982422,13.579999923706055,14.51650013923645,-1.0864872251250064
2024-12-12,61.587013244628906,191.07662963867188,13.920000076293945,14.511500120162964,-0.7742907326010315
2024-12-13,60.89242172241211,188.94647216796875,13.8100004196167,14.486500120162964,-0.8993904714126295
2024-12-16,60.3425407409668,195.75498962402344,14.6899995803833,14.414000129699707,-1.1247323584990032
2024-12-17,61.16254425048828,194.52069091796875,15.869999885559082,14.428500127792358,-0.9213025925532763
2024-12-18,60.63195037841797,187.5330047607422,27.6200008392334,14.992000150680543,-0.9371637768898764
2024-12-19,60.246070861816406,187.6425018310547,24.09000015258789,15.338500165939331,-1.0258862053690314
2024-12-20,60.3425407409668,190.52914428710938,18.360000610351562,15.41300015449524,-1.0470323771002368
2024-12-23,60.17853927612305,193.7343292236328,16.780000686645508,15.490000200271606,-1.1317040776103955
2024-12-24,60.62230682373047,195.20753479003906,14.270000457763672,15.473500204086303,-1.0534483770070142
2024-12-26,60.36183547973633,194.69989013671875,14.729999542236328,15.505000162124634,-1.1046898214343244
2024-12-27,60.246070861816406,191.8729248046875,15.949999809265137,15.597500133514405,-1.088785844598366
2024-12-30,59.84089279174805,190.3599395751953,17.399999618530273,15.792000102996827,-1.1577403025142896
2024-12-31,60.06277084350586,188.42884826660156,17.350000381469727,15.992500114440919,-1.0789493893317985
2025-01-02,59.65760040283203,188.55825805664062,17.93000030517578,16.224000120162962,-1.1723219184746874
2025-01-03,59.57077407836914,190.90740966796875,16.1299991607666,16.358000087738038,-1.2268470652369101
2025-01-06,58.66394805908203,195.96401977539062,16.040000915527344,16.483000135421754,-1.5067046523448007
2025-01-07,58.69288635253906,194.5903778076172,17.81999969482422,16.73550009727478,-1.4797493122340053
2025-01-08,59.53218460083008,193.0574493408203,17.700000762939453,16.911000156402586,-1.2675245069762457
2025-01-10,58.914772033691406,191.15625,19.540000915527344,17.179000186920167,-1.378608922690258
2025-01-13,59.474308013916016,190.1309814453125,19.190000534057617,17.459500217437743,-1.2370755509452842
2025-01-14,59.85054016113281,188.78720092773438,18.709999084472656,17.69900016784668,-1.1321787427661971
2025-01-15,59.590065002441406,194.65011596679688,16.1200008392334,17.814500188827516,-1.2781411054545047
2025-01-16,60.05312728881836,192.02224731445312,16.600000381469727,17.910000228881835,-1.1345540839216344
2025-01-17,60.49689483642578,195.09803771972656,15.970000267028809,17.915000247955323,-1.0801262626644599
2025-01-21,60.217124938964844,197.13861083984375,15.0600004196167,17.287000226974488,-1.1736113915275217
2025-01-22,59.59971237182617,197.45713806152344,15.100000381469727,16.837500238418578,-1.3176995992593137
2025-01-23,59.35853958129883,197.0689239501953,15.020000457763672,16.670500230789184,-1.366361032996283
2025-01-24,59.73477554321289,199.2886505126953,14.850000381469727,16.574000215530397,-1.3144470279009508
2025-01-27,61.61595153808594,190.9273223876953,17.899999618530273,16.755500173568727,-0.7655392960862712
2025-01-28,60.159244537353516,194.4012451171875,16.40999984741211,16.839500188827515,-1.1459749440516418
2025-01-29,60.61266326904297,194.5107421875,16.559999465942383,16.870000171661378,-1.04526476751563
2025-01-30,61.78960418701172,199.94561767578125,15.84000015258789,16.792000198364256,-0.8604329351559723
2025-01-31,61.23971939086914,203.08111572265625,16.43000030517578,16.74600019454956,-1.0311637455711553
2025-02-03,61.11430358886719,200.303955078125,18.6200008392334,16.780500221252442,-1.018178591600108
2025-02-04,60.45830535888672,205.43026733398438,17.209999084472656,16.834500217437743,-1.2424598127003115
2025-02-05,60.89242172241211,190.44952392578125,15.770000457763672,16.821000194549562,-0.9217384526662004
2025-02-06,61.12395477294922,190.71827697753906,15.5,16.70500020980835,-0.8734765472563709
2025-02-07,61.587013244628906,184.48709106445312,16.540000915527344,16.647000217437743,-0.6763148087774598
2025-02-10,62.2719612121582,185.6118927001953,15.8100004196167,16.46050019264221,-0.5384436175756138
2025-02-11,65.21431732177734,184.4672088623047,16.020000457763672,16.302000188827513,0.14267626195056074
2025-02-12,66.28514099121094,182.76504516601562,15.890000343322754,16.16100025177002,0.4096734374909874
2025-02-13,67.0472640991211,185.2834014892578,15.100000381469727,16.110000228881837,0.5442433983078132
2025-02-14,66.43950653076172,184.37757873535156,14.770000457763672,16.018500232696532,0.4205384886706474
2025-02-18,66.61315155029297,182.92431640625,15.350000381469727,15.98750023841858,0.4813384801634837
2025-02-19,67.59715270996094,184.41741943359375,15.270000457763672,15.998000240325927,0.6812309883388936
2025-02-20,67.5682144165039,183.71067810058594,15.65999984741211,16.026000213623046,0.6852076282909562
2025-02-21,68.83197784423828,178.83323669433594,18.209999084472656,16.185500144958496,1.0429633075437148
2025-02-24,68.09879302978516,178.42510986328125,18.979999542236328,16.392000102996825,0.8835490773615804
2025-02-25,68.96703338623047,174.61273193359375,19.43000030517578,16.4685001373291,1.1361979957971178
2025-02-26,68.30138397216797,171.9351043701172,19.100000381469727,16.603000164031982,1.0257706006092784
2025-02-27,68.3689193725586,167.72457885742188,21.1299991607666,16.831500148773195,1.1036173768376645
2025-02-28,68.69691467285156,169.4963836669922,19.6299991607666,17.021000099182128,1.151303174453787
2025-03-03,69.76774597167969,166.24143981933594,22.780000686645508,17.338500118255617,1.4413894350910166
2025-03-04,67.7129135131836,170.13345336914062,23.510000228881836,17.583000087738036,0.9197383968584302
2025-03-05,67.60680389404297,172.2238006591797,21.93000030517578,17.819000148773192,0.8647089490715383
2025-03-06,67.973388671875,171.55686950683594,24.8700008392334,18.27400016784668,0.9573646415793321
2025-03-07,68.90914916992188,173.05992126464844,23.3700008392334,18.66750020980835,1.1462211388007906
2025-03-10,68.92845153808594,165.2968292236328,27.860000610351562,19.23350019454956,1.2660025433313307
2025-03-11,68.53292846679688,163.47314453125,26.920000076293945,19.78900017738342,1.2038468582773507
2025-03-12,67.47174072265625,166.53256225585938,24.229999542236328,20.199500131607056,0.9188443437457433
2025-03-13,67.16304016113281,162.1975860595703,24.65999984741211,20.638000106811525,0.9136237059429639
2025-03-14,67.21162414550781,164.9181671142578,21.770000457763672,20.97150011062622,0.8841385852039829
2025-03-17,68.14458465576172,163.7222900390625,20.510000228881836,21.25850009918213,1.112491880332554
2025-03-18,67.42542266845703,160.1147918701172,21.700000762939453,21.576000118255614,1.00381219883164
2025-03-19,67.3282470703125,163.32366943359375,19.899999618530273,21.807500076293945,0.9341684310620189
2025-03-20,67.74613189697266,162.23744201660156,19.799999237060547,22.014500045776366,1.0446369937636386
2025-03-21,66.73542785644531,163.42333984375,19.280000686645508,22.06800012588501,0.7988850823510104
2025-03-24,67.00753021240234,167.1005859375,17.479999542236328,21.99300012588501,0.8056247718599218
2025-03-25,66.8714828491211,169.9706268310547,17.149999618530273,21.879000091552733,0.7322454688087315
2025-03-26,68.04740142822266,164.4896240234375,18.329999923706055,21.84050006866455,1.0791482476877408
2025-03-27,68.74710845947266,161.6793975830078,18.690000534057617,21.7185001373291,1.2788582006160527
2025-03-28,68.38753509521484,153.79673767089844,21.649999618530273,21.819500160217284,1.3149037858759673
2025-03-31,69.6023178100586,154.1056365966797,22.280000686645508,21.794500160217286,1.5844917387001962
2025-04-01,69.84528350830078,156.52725219726562,21.770000457763672,21.707500171661376,1.603324402603143
2025-04-02,69.32049560546875,156.49734497070312,21.510000228881836,21.68650016784668,1.4853225758787367
2025-04-03,71.11837005615234,150.19920349121094,30.020000457763672,21.944000148773192,1.9847525591315491
2025-04-04,67.95993041992188,145.0968780517578,45.310001373291016,23.041000175476075,1.3477449175000202
2025-04-07,66.44387817382812,146.24290466308594,46.97999954223633,23.99700012207031,0.9885269369194195
2025-04-08,66.49246978759766,144.1999969482422,52.33000183105469,25.26750020980835,1.0298690151754875
2025-04-09,67.97935485839844,158.1615753173828,33.619998931884766,25.73700017929077,1.1578778811693722
2025-04-10,68.76654815673828,152.29193115234375,40.720001220703125,26.540000247955323,1.422822456011353
2025-04-11,69.41766357421875,156.59701538085938,37.560001373291016,27.32950029373169,1.5057717926727725
2025-04-14,70.40892791748047,158.52035522460938,30.889999389648438,27.84850025177002,1.700906692322663
2025-04-15,69.83556365966797,155.76988220214844,30.1200008392334,28.269500255584717,1.6123914814449232
2025-04-16,69.66062927246094,152.8001708984375,32.63999938964844,28.906500244140624,1.617063035356393
2025-04-17,70.94344329833984,150.63766479492188,29.649999618530273,29.399000263214113,1.9387517466947846
2025-04-21,70.71991729736328,147.1597137451172,33.81999969482422,30.126000213623048,1.9400127142870316
2025-04-22,71.8180923461914,150.94659423828125,30.56999969482422,30.780500221252442,2.1315698652526707
2025-04-23,71.23500061035156,154.81320190429688,28.450000762939453,31.3455002784729,1.9424736968113945
2025-04-24,70.47696685791016,158.7296142578125,26.469999313354492,31.75250024795532,1.7131519756829323
2025-04-25,69.8841552734375,161.40036010742188,24.84000015258789,32.06000022888183,1.5396425597746988
2025-04-28,69.76753234863281,160.05502319335938,25.149999618530273,32.23500022888184,1.5333233633138357
2025-04-29,70.31175231933594,159.60658264160156,24.170000076293945,32.32950019836426,1.6628233451672743
2025-04-30,70.50611877441406,158.2512664794922,24.700000762939453,32.476000213623045,1.7268439352797043
2025-05-01,69.28162384033203,160.74261474609375,24.600000381469727,32.63050022125244,1.4134286925085346
2025-05-02,69.63148498535156,163.46319580078125,22.68000030517578,32.26350021362305,1.4519429003618345
2025-05-05,69.68006896972656,163.64259338378906,23.639999389648438,31.18000011444092,1.4602411229387422
2025-05-06,69.69950103759766,162.6659698486328,24.760000228881836,30.069000148773192,1.4791478434847656
2025-05-07,70.3603515625,150.85690307617188,23.549999237060547,28.630000019073485,1.8038861409815798
2025-05-08,69.16499328613281,153.7469024658203,22.479999542236328,28.073000049591066,1.4911198395877596
2025-05-09,68.53330993652344,152.22216796875,21.899999618530273,27.131999969482422,1.3712170259137808
2025-05-12,67.57120513916016,157.91244506835938,18.389999389648438,26.173499870300294,1.0694612045927037
2025-05-13,67.01725006103516,158.97874450683594,18.219999313354492,25.539999866485594,0.9285773985661687
2025-05-14,67.21162414550781,164.79856872558594,18.6200008392334,24.964999866485595,0.8859168224031361
2025-05-15,69.59259796142578,163.3934326171875,17.829999923706055,24.224499893188476,1.4442032277298795
2025-05-16,69.97161865234375,165.61573791503906,17.239999771118164,23.603999900817872,1.4967074144033892
2025-05-19,69.90357971191406,165.96450805664062,18.139999389648438,22.81999988555908,1.4761651276480865
2025-05-20,69.67035675048828,163.4133758544922,18.09000015258789,22.195999908447266,1.4614571393560398
2025-05-21,69.82584381103516,167.97755432128906,20.8700008392334,21.816999912261963,1.4286890720670344
2025-05-22,69.13584899902344,170.27955627441406,20.280000686645508,21.507499980926514,1.2387276887890337
2025-05-23,69.74809265136719,167.88784790039062,22.290000915527344,21.380000019073485,1.412474149642935
2025-05-27,69.7578125,172.3025360107422,18.959999084472656,21.070499992370607,1.3490285863259708
2025-05-28,69.14556884765625,171.76441955566406,19.309999465942383,20.82749996185303,1.2188439456267526
2025-05-29,69.47598266601562,171.26612854003906,19.18000030517578,20.551499938964845,1.3008283139685033
2025-05-30,70.06879425048828,171.1465606689453,18.56999969482422,20.249999904632567,1.4364057841922018
2025-06-02,69.97161865234375,168.44593811035156,18.360000610351562,20.033999919891357,1.4546268535844147
2025-06-03,69.15528869628906,165.6057586669922,17.690000534057617,19.736499977111816,1.3126072102755901
2025-06-04,69.35935974121094,167.46929931640625,17.610000610351562,19.378999996185303,1.3309588963610897
2025-06-05,68.9123306274414,167.6287841796875,18.479999542236328,19.125500011444093,1.2276915472112226
2025-06-06,69.33992767333984,173.07984924316406,16.770000457763672,18.840000057220458,1.2431530846216554
2025-06-09,69.74809265136719,175.69395446777344,17.15999984741211,18.60300006866455,1.2964098010105636
2025-06-10,70.31175231933594,178.19833374023438,16.950000762939453,18.5310001373291,1.3863936727599888
2025-06-11,70.03964233398438,176.95114135742188,17.260000228881836,18.483000183105467,1.3435212401686916
2025-06-12,70.20484161376953,175.30482482910156,18.020000457763672,18.453000164031984,1.405285405999345
2025-06-13,69.50994873046875,174.27716064453125,20.81999969482422,18.60250015258789,1.263725332975729
2025-06-16,69.02058410644531,176.3724365234375,19.110000610351562,18.696000194549562,1.122120584817172
2025-06-17,68.13972473144531,175.5542755126953,21.600000381469727,18.869000244140626,0.9354722341327003
2025-06-18,67.73843383789062,172.93020629882812,20.139999389648438,18.971500205993653,0.8839151717222297
2025-06-20,67.37629699707031,166.26522827148438,20.6200008392334,18.959000205993654,0.9012771845889515
2025-06-23,68.25716400146484,164.81846618652344,19.829999923706055,18.93650016784668,1.1216030496023954
2025-06-24,68.71717071533203,166.3949432373047,17.479999542236328,18.69600009918213,1.201988505705183
2025-06-25,68.14950561523438,170.29612731933594,16.760000228881836,18.586000156402587,1.0158600877818553
2025-06-26,67.99291229248047,173.1497039794922,16.59000015258789,18.450000190734862,0.9380882853525422
2025-06-27,68.83462524414062,178.12847900390625,16.31999969482422,18.307000160217285,1.0540394574252812
2025-06-30,69.24568939208984,175.83363342285156,16.729999542236328,18.21500015258789,1.18093879217554
2025-07-01,70.14613342285156,175.44451904296875,16.829999923706055,18.138500118255614,1.3899577280815747
2025-07-02,69.40229797363281,178.23822021484375,16.639999389648438,18.086000061035158,1.180533538364881
2025-07-03,69.83293151855469,179.126220703125,16.3799991607666,18.02449998855591,1.2645259134798097
2025-07-07,69.50016784667969,176.3923797607422,17.790000915527344,17.99000005722046,1.2300678196041681
2025-07-08,68.74653625488281,173.9678497314453,16.809999465942383,17.992000007629393,1.096019376954429
2025-07-09,68.00270080566406,176.22276306152344,15.9399995803833,17.930999994277954,0.8946061027138953
2025-07-10,68.2865219116211,177.22052001953125,15.779999732971191,17.87249994277954,0.9438304837004359
2025-07-11,68.38440704345703,179.78475952148438,16.399999618530273,17.829499912261962,0.9277973570193476
2025-07-14,67.99291229248047,181.1516571044922,17.200000762939453,17.788499927520753,0.8191120109162494
2025-07-15,67.88524627685547,181.59066772460938,17.3799991607666,17.61649990081787,0.788284020179289
2025-07-16,67.79715728759766,182.55850219726562,17.15999984741211,17.5189998626709,0.7540118671901245
2025-07-17,69.0890884399414,183.1671142578125,16.520000457763672,17.264999866485596,1.0365562411653493
2025-07-18,68.36483001708984,184.643798828125,16.40999984741211,17.07849988937378,0.8511325913838057
2025-07-21,68.58014678955078,189.67247009277344,16.649999618530273,16.879999828338622,0.8249620365203625
2025-07-22,68.17887878417969,190.90966796875,16.5,16.71349983215332,0.7159992597635388
2025-07-23,67.68949890136719,189.8021697998047,15.369999885559082,16.60799984931946,0.6220112071406345
2025-07-24,67.63077545166016,191.73777770996094,15.390000343322754,16.539499855041505,0.5799777142941445
2025-07-25,67.69927978515625,192.74551391601562,14.930000305175781,16.4564998626709,0.5804559570790199
2025-07-28,66.64224243164062,192.14686584472656,15.029999732971191,16.391999864578246,0.350779801792701
2025-07-29,67.90481567382812,195.30975341796875,15.979999542236328,16.354499864578248,0.5887199897698346
2025-07-30,67.28821563720703,196.08799743652344,15.479999542236328,16.28699984550476,0.437979917860845
2025-07-31,66.44650268554688,191.46839904785156,16.719999313354492,16.290999841690063,0.3166883623445124
2025-08-01,67.39588165283203,188.7046356201172,20.3799991607666,16.490999841690062,0.5720593299452262
2025-08-04,67.49374389648438,194.60133361816406,17.520000457763672,16.47749981880188,0.5064726970099704
2025-08-05,67.58184051513672,194.23216247558594,17.850000381469727,16.52949986457825,0.5318454035357022
2025-08-06,68.03205871582031,195.64898681640625,16.770000457763672,16.570999908447266,0.6123953383799559
2025-08-07,68.9324951171875,196.07801818847656,16.56999969482422,16.610499906539918,0.8092480304692671
2025-08-08,68.84440612792969,200.9669952392578,15.149999618530273,16.547999906539918,0.7166747442203582
2025-08-11,69.24568939208984,200.54794311523438,16.25,16.500499868392943,0.8134764431050451
2025-08-12,69.20654296875,202.88267517089844,14.729999542236328,16.367999887466432,0.7699272156910654
2025-08-13,68.96186065673828,201.5057830810547,14.489999771118164,16.234499883651733,0.7351737343806597
2025-08-14,68.07120513916016,202.48358154296875,14.829999923706055,16.149999856948853,0.5196113078259624
2025-08-15,68.43333435058594,203.44140625,15.09000015258789,16.08399987220764,0.5871038360775428
2025-08-18,67.6601333618164,203.0423126220703,14.989999771118164,16.000999879837035,0.4185235034602592
2025-08-19,68.63887023925781,201.11666870117188,15.569999694824219,15.954499864578247,0.6680591562853023
2025-08-20,69.1967544555664,198.87171936035156,15.6899995803833,15.970499849319458,0.8273544261025132
2025-08-21,69.1576156616211,199.30075073242188,16.600000381469727,16.030999851226806,0.8121416489523764
2025-08-22,68.63887023925781,205.62649536132812,14.220000267028809,15.995499849319458,0.6010052300753976
2025-08-25,67.46438598632812,208.02108764648438,14.789999961853027,15.98349986076355,0.30031618327855936
2025-08-26,67.26864624023438,206.6741180419922,14.619999885559082,15.915499877929687,0.2761643138650917
2025-08-27,67.36651611328125,207.01336669921875,14.850000381469727,15.883999919891357,0.2932098067153417
2025-08-28,66.90650939941406,211.16400146484375,14.430000305175781,15.769499969482421,0.12767133652312365
2025-08-29,67.52310943603516,212.43116760253906,15.359999656677246,15.518499994277954,0.2479994232225901
2025-09-02,67.59162139892578,210.8746795654297,17.170000076293945,15.500999975204468,0.28660531081122953
2025-09-03,67.52310943603516,230.14125061035156,16.350000381469727,15.425999975204467,-0.015321251531679323
2025-09-04,66.7988510131836,231.7775421142578,15.300000190734863,15.352499961853027,-0.20311800173465241
2025-09-05,66.51500701904297,234.4714813232422,15.180000305175781,15.282999992370605,-0.3072371799143349
2025-09-08,65.99628448486328,233.72247314453125,15.109999656677246,15.280999994277954,-0.4131781476177077
2025-09-09,66.41714477539062,239.30490112304688,15.039999961853027,15.220499992370605,-0.4011902768310879
2025-09-10,66.37799072265625,238.84552001953125,15.350000381469727,15.251500034332276,-0.40319722205166375
2025-09-11,66.1822509765625,240.0438995361328,14.710000038146973,15.262500047683716,-0.4651943713407775
2025-09-12,65.58522033691406,240.4733123779297,14.760000228881836,15.259000062942505,-0.6063309976517897
2025-09-15,65.29920196533203,251.26864624023438,15.6899995803833,15.289000034332275,-0.8313957518530504
2025-09-16,65.32878875732422,250.8192596435547,16.360000610351562,15.357500076293945,-0.8180362458674398
2025-09-17,66.11778259277344,249.19146728515625,15.720000267028809,15.365000104904174,-0.615754851124087
2025-09-18,65.54576110839844,251.68807983398438,15.699999809265137,15.365500116348267,-0.7819827830441229
2025-09-19,65.51617431640625,254.3744354248047,15.449999809265137,15.308000087738037,-0.8286024484926577
2025-09-22,65.29920196533203,252.18740844726562,16.100000381469727,15.402000093460083,-0.8450562798238943
2025-09-23,65.79232025146484,251.31858825683594,16.639999389648438,15.494500064849854,-0.7208397558136773
2025-09-24,65.53589630126953,246.80471801757812,16.18000030517578,15.572500085830688,-0.7116015072190208
2025-09-25,65.07237243652344,245.45652770996094,16.739999771118164,15.66700005531311,-0.7961750564055523
2025-09-26,64.7666244506836,246.2055206298828,15.289999961853027,15.710000038146973,-0.876319795742203
2025-09-29,65.13153839111328,243.71890258789062,16.1200008392334,15.74800009727478,-0.7569853767726479
2025-09-30,65.40768432617188,242.77020263671875,16.280000686645508,15.703500127792358,-0.6805526008811129
2025-10-01,65.86135864257812,244.5677490234375,16.290000915527344,15.70050015449524,-0.6048833377173995
2025-10-02,65.19071197509766,245.356689453125,16.6299991607666,15.767000102996827,-0.7679809653422047
2025-10-03,65.73314666748047,245.0171356201172,16.649999618530273,15.84050006866455,-0.6405028989262979
2025-10-06,65.19071197509766,250.09024047851562,16.3700008392334,15.903500127792359,-0.8383613158713239
2025-10-07,65.87122344970703,245.42657470703125,17.239999771118164,16.013500118255614,-0.615426183107272
2025-10-08,65.21044158935547,244.2881317138672,16.299999237060547,16.061000061035156,-0.7476401725988607
2025-10-09,65.4570083618164,241.2023162841797,16.43000030517578,16.147000074386597,-0.6461080220750921
2025-10-10,66.11778259277344,236.24905395507812,21.65999984741211,16.49200005531311,-0.42332181681693865
2025-10-13,65.88108825683594,243.8187713623047,19.030000686645508,16.65900011062622,-0.5892941907891973
2025-10-14,66.5813217163086,245.11700439453125,20.809999465942383,16.881500053405762,-0.4505516577195594
2025-10-15,66.15723419189453,250.68943786621094,20.639999389648438,17.127500009536742,-0.629122916901566
2025-10-16,66.66021728515625,251.1188507080078,25.309999465942383,17.607999992370605,-0.5219825244031989
2025-10-17,67.49852752685547,252.95635986328125,20.780000686645508,17.874500036239624,-0.36009374506385927
2025-10-20,67.49852752685547,256.2019348144531,18.229999542236328,17.980999994277955,-0.4083502656985235
2025-10-21,70.24028015136719,250.12020874023438,17.8700008392334,18.042500066757203,0.30089863262866734
2025-10-22,69.8359146118164,251.34854125976562,18.600000381469727,18.1635000705719,0.1913685450752329
2025-10-23,68.97789001464844,252.7366485595703,17.299999237060547,18.19150004386902,-0.0229296041796887
2025-10-24,68.75105285644531,259.5674133300781,16.3700008392334,18.245500087738037,-0.17569013143839665
2025-10-27,69.09623718261719,268.9046630859375,15.789999961853027,18.229000043869018,-0.2366108037827212
2025-10-28,69.19486999511719,267.1071472167969,16.420000076293945,18.23600001335144,-0.18762283385849143
2025-10-29,67.40975952148438,274.197509765625,16.920000076293945,18.26749997138977,-0.6959510051856524
2025-10-30,68.03109741210938,281.09814453125,16.90999984741211,18.281500005722044,-0.6583142572578404
2025-10-31,67.95220184326172,280.80853271484375,17.440000534057617,18.321000051498412,-0.6718152026645045
2025-11-03,67.03498840332031,283.3350830078125,17.170000076293945,18.36100001335144,-0.9163993153412131
2025-11-04,67.71549987792969,277.1634826660156,19.0,18.44900002479553,-0.6710436016931068
2025-11-05,67.56756591796875,283.9242858886719,18.010000228881836,18.534500074386596,-0.8049551794000538
2025-11-06,68.10999298095703,284.36370849609375,19.5,18.68800005912781,-0.6890609716400847
2025-11-07,69.57949829101562,278.4516906738281,19.079999923706055,18.559000062942506,-0.26948611604278155
2025-11-10,69.54991149902344,289.7064208984375,17.600000381469727,18.487500047683717,-0.44350383993753784
2025-11-11,70.62491607666016,290.9147644042969,17.280000686645508,18.311000108718872,-0.21883761638589028
2025-11-12,70.52629852294922,286.3210144042969,17.510000228881836,18.15450015068054,-0.1727942172688103
2025-11-13,70.09234619140625,278.19207763671875,20.0,17.889000177383423,-0.14987448607102882
2025-11-14,70.18111419677734,276.0350036621094,19.829999923706055,17.84150013923645,-0.09776698297386033
2025-11-17,69.70771026611328,284.63330078125,22.3799991607666,18.049000120162965,-0.33245889489503067
2025-11-18,70.24028015136719,283.8943176269531,24.690000534057617,18.390000104904175,-0.20126847394851688
2025-11-19,70.13179779052734,292.4127502441406,23.65999984741211,18.643000078201293,-0.3524088296577458
2025-11-20,70.23041534423828,289.05731201171875,26.420000076293945,19.099000120162962,-0.2802604840954447
2025-11-21,71.94647979736328,299.2534484863281,23.43000030517578,19.452000093460082,-0.044538902414094604
2025-11-24,71.5914306640625,318.14776611328125,20.520000457763672,19.688500118255615,-0.40560311070658694
2025-11-25,71.61116027832031,323.0011901855469,18.559999465942383,19.795500087738038,-0.4733127379304992
2025-11-26,71.87744903564453,319.5159606933594,17.190000534057617,19.809000110626222,-0.3613906153811385
2025-11-28,72.11415100097656,319.74560546875,16.350000381469727,19.7810001373291,-0.3113805898201181
2025-12-01,71.45864868164062,314.4627990722656,17.239999771118164,19.771000099182128,-0.3807828973516874
2025-12-02,70.18739318847656,315.38153076171875,16.59000015258789,19.742000102996826,-0.6813698657989891
2025-12-03,70.32643127441406,319.1963806152344,16.079999923706055,19.596000099182127,-0.7067092044711027
2025-12-04,69.9688949584961,317.1890869140625,15.779999732971191,19.484500074386595,-0.7575611705129734
2025-12-05,69.52196502685547,320.8341064453125,15.40999984741211,19.280000066757204,-0.9126304726282014
2025-12-08,69.770263671875,313.49932861328125,16.65999984741211,19.159000062942503,-0.7475321413460614
2025-12-09,69.6113510131836,316.85693359375,16.93000030517578,19.12550005912781,-0.8333215230167974
2025-12-10,69.73052978515625,319.9847412109375,15.770000457763672,19.050000047683717,-0.8529279578517613
2025-12-11,68.63804626464844,312.210205078125,14.850000381469727,18.91700005531311,-0.9839104342456532
2025-12-12,70.03841400146484,309.07244873046875,15.739999771118164,18.70400004386902,-0.6211890165649288
2025-12-15,70.48534393310547,308.003173828125,16.5,18.537500047683714,-0.5044169270251061
2025-12-16,69.88944244384766,306.3543395996094,16.479999542236328,18.242500066757202,-0.6143984823453277
2025-12-17,70.18739318847656,296.5112609863281,17.6200008392334,17.88900008201599,-0.40079906509415825
2025-12-18,69.87950897216797,302.2472229003906,16.8700008392334,17.549500131607054,-0.5555742306100955
2025-12-19,69.58155822753906,306.9439392089844,14.90999984741211,16.974000120162962,-0.6926554523224606
2025-12-22,69.73052978515625,309.56207275390625,14.079999923706055,16.50650010108948,-0.697959509107911
2025-12-23,69.39286041259766,314.1288757324219,14.0,16.180500078201295,-0.8420737627408581
2025-12-24,69.63121795654297,313.8690490722656,13.470000267028809,15.926000118255615,-0.7844124079798038
2025-12-26,69.39286041259766,313.2894592285156,13.600000381469727,15.74650011062622,-0.8295929787653699
2025-12-29,69.68087768554688,313.33941650390625,14.199999809265137,15.639000082015992,-0.7653292390395935
2025-12-30,69.59149169921875,313.6292419433594,14.329999923706055,15.493500089645385,-0.7898132164483432
2025-12-31,69.43258666992188,312.7798156738281,14.949999809265137,15.411500072479248,-0.8130490345130011
2026-01-02,68.64797973632812,314.9283142089844,14.510000228881836,15.333000087738037,-1.0220823598467965
2026-01-05,67.47603607177734,316.3173522949219,14.899999618530273,15.289000082015992,-1.3072470003918422
2026-01-06,67.37671661376953,314.1188659667969,14.75,15.256000089645386,-1.296975772309078
2026-01-07,67.07876586914062,321.7535095214844,15.380000114440918,15.192000102996825,-1.4777392841879602
2026-01-08,68.89627075195312,325.2110595703125,15.449999809265137,15.118000078201295,-1.1189302085551023
2026-01-09,70.02848815917969,328.3388671875,14.489999771118164,15.054000043869019,-0.9098902140094378
2026-01-12,70.0185546875,331.62652587890625,15.119999885559082,15.067500019073487,-0.96101447265988
2026-01-13,70.75350189208984,335.7336730957031,15.979999542236328,15.079500007629395,-0.856200995438865
2026-01-14,70.95214080810547,335.603759765625,16.75,15.092000007629395,-0.8094358804354909
2026-01-15,69.99869537353516,332.5458984375,15.84000015258789,15.060000038146972,-0.9791663935041007
2026-01-16,69.95896911621094,329.7678527832031,15.859999656677246,14.971999979019165,-0.9468276453088855
2026-01-20,71.26001739501953,321.77349853515625,20.09000015258789,15.13299994468689,-0.5343131219532711
2026-01-21,71.51824188232422,328.1490173339844,16.899999618530273,15.232499933242797,-0.5708247263981666
2026-01-22,71.37920379638672,330.3074951171875,15.640000343322754,15.310499954223634,-0.634299238182612
2026-01-23,72.3823013305664,327.6993103027344,16.09000015258789,15.414999961853027,-0.369117004363629
2026-01-26,72.06448364257812,333.02557373046875,16.149999618530273,15.548999929428101,-0.5200426270848592
2026-01-27,73.0477294921875,334.31463623046875,16.350000381469727,15.6864999294281,-0.3172868380219776
2026-01-28,72.56106567382812,335.7736511230469,16.350000381469727,15.79399995803833,-0.4488218191196395
2026-01-29,72.92854309082031,338.0120544433594,16.8799991607666,15.921499919891357,-0.399162342406012
2026-01-30,74.29911804199219,337.7622375488281,17.440000534057617,16.04599995613098,-0.08610431404484206
2026-02-02,74.8155746459961,343.4482421875,16.34000015258789,16.137499952316283,-0.05408003436351337
2026-02-03,76.36491394042969,339.47100830078125,18.0,16.29249997138977,0.3547464861201694
2026-02-04,76.82176971435547,332.80572509765625,18.639999389648438,16.48699994087219,0.5569625876399593
2026-02-05,77.9738540649414,331.0169677734375,21.770000457763672,16.80649995803833,0.843588097515894
2026-02-06,78.49030303955078,322.63287353515625,20.3700008392334,17.052500009536743,1.0848105741829965
2026-02-09,77.43754577636719,324.09185791015625,17.360000610351562,17.196000051498412,0.8255067393747781
2026-02-10,76.28546142578125,318.3558654785156,17.790000915527344,17.329500102996825,0.6507622512984516
2026-02-11,78.06324005126953,310.7412414550781,17.649999618530273,17.413000106811523,1.1652305299518713
2026-02-12,78.46051025390625,308.7826232910156,20.81999969482422,17.616500091552734,1.2840173569176698
2026-02-13,78.14269256591797,305.50494384765625,20.600000381469727,17.854500102996827,1.2610186355759623
2026-02-17,79.01667785644531,301.8075256347656,20.290000915527344,18.07600016593933,1.5132549385525191
2026-02-18,78.94715881347656,303.1166076660156,19.6200008392334,18.052500200271606,1.4781002819291313
2026-02-19,78.37112426757812,302.636962890625,20.229999542236328,18.21900019645691,1.3552187849907384
2026-02-20,79.29476928710938,314.7584228515625,19.09000015258789,18.391500186920165,1.3834619891135465
2026-02-23,80.00984954833984,311.2708740234375,21.010000228881836,18.637500190734862,1.5967124379397497
2026-02-24,80.16876220703125,310.6813049316406,19.549999237060547,18.807500171661378,1.641345542837103
2026-02-25,79.92047119140625,312.67987060546875,17.93000030517578,18.88650016784668,1.5555898934580301
2026-02-26,79.95026397705078,307.1637878417969,18.6299991607666,19.000500106811522,1.6443295801376177
2026-02-27,81.00302124023438,311.54071044921875,19.860000610351562,19.149500179290772,1.8168627903396928
2026-03-02,79.67218017578125,306.3043518066406,21.440000534057617,19.34950017929077,1.5943435178534726
2026-03-03,78.79817962646484,303.3664245605469,23.56999969482422,19.711000156402587,1.4407607700209033
2026-03-04,77.566650390625,302.9167785644531,21.149999618530273,19.8685001373291,1.1694857520895594
2026-03-05,76.50395965576172,300.6683349609375,23.75,20.12400016784668,0.9630634355138157
2026-03-06,76.5138931274414,298.30999755859375,29.489999771118164,20.510000133514403,1.000370169492493
2026-03-09,77.26870727539062,306.3599853515625,25.5,20.766500091552736,1.051043938746897
2026-03-10,77.34815216064453,307.0400085449219,24.93000030517578,21.145000076293947,1.058864072618794
2026-03-11,77.09986114501953,308.70001220703125,24.229999542236328,21.467000007629395,0.9781423001183694
2026-03-12,77.08000183105469,303.54998779296875,27.290000915527344,21.949000072479247,1.050232627460472
2026-03-13,77.33999633789062,302.2799987792969,27.190000534057617,22.267500114440917,1.1277970241412663
2026-03-16,77.81999969482422,305.55999755859375,23.510000228881836,22.413000106811523,1.1873671439985316
2026-03-17,77.58000183105469,310.9200134277344,22.3700008392334,22.517000102996825,1.0535038879257306
2026-03-18,75.97000122070312,307.69000244140625,25.09000015258789,22.79050006866455,0.7381461231336783
2026-03-19,75.55000305175781,307.1300048828125,24.059999465942383,22.982000064849853,0.6516773100922221
2026-03-20,74.75,301.0,26.780000686645508,23.366500091552734,0.5622571620410314
2026-03-23,75.11000061035156,302.05999755859375,26.149999618530273,23.623500061035156,0.627750110178201
2026-03-24,74.66999816894531,290.44000244140625,26.950000762939453,23.9935001373291,0.7012107770808338
2026-03-25,75.25,290.92999267578125,25.329999923706055,24.363500118255615,0.824833883947137
2026-03-26,74.69000244140625,280.9200134277344,27.440000534057617,24.804000186920167,0.8472728584553584
2026-03-27,75.70999908447266,274.3399963378906,31.049999237060547,25.363500118255615,1.1753240895344175
2026-03-30,76.2699966430664,273.5,30.610000610351562,25.822000122070314,1.3142069389327276
2026-03-31,76.05000305175781,287.55999755859375,25.25,25.9060001373291,1.0555038730669462
2026-04-01,76.08000183105469,297.3900146484375,24.540000915527344,26.075500202178954,0.9161180358444153
2026-04-02,76.72000122070312,295.7699890136719,23.8700008392334,26.081500244140624,1.0846553745238536
2026-04-06,77.22000122070312,299.989990234375,24.170000076293945,25.815500259399414,1.1347624716047557
2026-04-07,75.91000366210938,305.4599914550781,25.780000686645508,25.82950029373169,0.757761165380383
2026-04-08,77.29000091552734,317.32000732421875,21.040000915527344,25.63500032424927,0.8928919511153293
2026-04-09,78.18000030517578,318.489990234375,19.489999771118164,25.39800033569336,1.0763722054211726
2026-04-10,77.47000122070312,317.239990234375,19.229999542236328,24.995000267028807,0.934708387769752
2026-04-13,76.41000366210938,321.30999755859375,19.1200008392334,24.591500282287598,0.6349486475850183
2026-04-14,75.9000015258789,332.9100036621094,18.360000610351562,24.334000301361083,0.3473657674303059
2026-04-15,75.30999755859375,337.1199951171875,18.170000076293945,24.12400026321411,0.1516039147101526
2026-04-16,75.18000030517578,336.0199890136719,17.940000534057617,23.7665002822876,0.1386184069451363
2026-04-17,75.73999786376953,341.67999267578125,17.479999542236328,23.437500286102296,0.1808566282438656
2026-04-20,75.4800033569336,337.4200134277344,18.8700008392334,23.04200029373169,0.18551403557172977
2026-04-21,74.69999694824219,332.2900085449219,19.5,22.709500312805176,0.0857387967846129
2026-04-22,74.62999725341797,339.32000732421875,18.920000076293945,22.3080002784729,-0.03458524798334577
2026-04-23,76.27999877929688,338.8900146484375,19.309999465942383,22.007000255584718,0.3442192802363539
2026-04-24,76.62999725341797,344.3999938964844,18.709999084472656,21.57050018310547,0.34129058360042364
2026-04-27,75.44000244140625,350.3399963378906,18.020000457763672,20.919000244140626,-0.015613843338582586
2026-04-28,78.3499984741211,349.7799987792969,17.829999923706055,20.28000020980835,0.6495088995303229
2026-04-29,78.87000274658203,349.94000244140625,18.809999465942383,19.95800018310547,0.7644967174314525
2026-04-30,78.76000213623047,384.79998779296875,16.889999389648438,19.575500106811525,0.221356830847342
