Date,KO,NEE,VIX,AvgVIX,zscore
2024-01-30,56.073490142822266,55.481868743896484,13.3100004196167,13.347500038146972,-0.32409061390389227
2024-01-31,55.6896858215332,54.873512268066406,14.350000381469727,13.405000066757202,-0.34790032712692165
2024-02-01,57.084495544433594,55.921749114990234,13.880000114440918,13.397000074386597,-0.10360741205387657
2024-02-02,56.672603607177734,54.42426300048828,13.850000381469727,13.383000087738036,-0.014549747587412011
2024-02-05,56.20454788208008,52.383941650390625,13.670000076293945,13.399000072479248,0.1326040576373414
2024-02-06,56.110931396484375,52.62727355957031,13.0600004196167,13.39800009727478,0.07364164869517727
2024-02-07,56.157737731933594,52.767669677734375,12.829999923706055,13.40150008201599,0.06756161633156607
2024-02-08,56.00796127319336,52.68343734741211,12.789999961853027,13.406500101089478,0.037485047043360316
2024-02-09,55.755210876464844,52.95486068725586,12.930000305175781,13.431000137329102,-0.0693889552061979
2024-02-12,55.886268615722656,53.862709045410156,13.930000305175781,13.492500162124633,-0.15626096888140925
2024-02-13,55.558624267578125,51.71006774902344,15.850000381469727,13.593000173568726,0.045045431441421896
2024-02-14,55.5024528503418,52.4213752746582,14.380000114440918,13.57250018119812,-0.06704237871768255
2024-02-15,55.60543441772461,53.60064697265625,14.010000228881836,13.566500186920166,-0.1985259446011282
2024-02-16,55.596065521240234,53.37601852416992,14.239999771118164,13.613500165939332,-0.1706411588661976
2024-02-20,56.822383880615234,52.98293685913086,15.420000076293945,13.725000190734864,0.22253967257882118
2024-02-21,57.327884674072266,53.44154357910156,15.34000015258789,13.864500188827515,0.30039471167835596
2024-02-22,57.24363708496094,53.039085388183594,14.539999961853027,13.934500169754028,0.33165961063062777
2024-02-23,57.290443420410156,53.14204025268555,13.75,13.949500179290771,0.33066019708578326
2024-02-26,56.83173751831055,52.088932037353516,13.739999771118164,13.973500156402588,0.3464444335484327
2024-02-27,56.48537826538086,52.476173400878906,13.430000305175781,13.96500015258789,0.19791322836162975
2024-02-28,56.54155349731445,51.98503494262695,13.84000015258789,13.99150013923645,0.2801260899825474
2024-02-29,56.18582534790039,52.126708984375,13.399999618530273,13.944000101089477,0.16232098654659202
2024-03-01,55.72712326049805,52.14559555053711,13.109999656677246,13.905500078201294,0.03264114937176052
2024-03-04,55.98923873901367,51.91891860961914,13.489999771118164,13.887500047683716,0.13603853751729014
2024-03-05,55.7177619934082,52.32505416870117,14.460000038146973,13.927000045776367,0.005695153734317473
2024-03-06,55.74584197998047,52.447837829589844,14.5,13.999000024795532,-0.0031844496632476753
2024-03-07,55.64287185668945,53.127872467041016,14.4399995803833,14.079500007629395,-0.1239976711924445
2024-03-08,55.7177619934082,54.601287841796875,14.739999771118164,14.17699999809265,-0.3031800708991314
2024-03-11,56.39176559448242,54.657955169677734,15.220000267028809,14.291499996185303,-0.12408752176967422
2024-03-12,56.635154724121094,53.97792053222656,13.84000015258789,14.286999988555909,0.03563907032204925
2024-03-13,57.21555709838867,56.23527145385742,13.75,14.181999969482423,-0.10983085647928567
2024-03-14,57.08816909790039,56.23527145385742,14.399999618530273,14.18299994468689,-0.14513303242508885
2024-03-15,56.50312805175781,56.745296478271484,14.40999984741211,14.202999925613403,-0.3764697308067264
2024-03-18,56.739036560058594,56.830291748046875,14.329999923706055,14.207499933242797,-0.3226274961670248
2024-03-19,56.83338928222656,57.86924362182617,13.819999694824219,14.127499914169311,-0.4374615125079547
2024-03-20,57.32406997680664,58.747623443603516,13.039999961853027,14.012499904632568,-0.4206748911715248
2024-03-21,57.05985641479492,57.954246520996094,12.920000076293945,13.931499910354614,-0.3862367378157046
2024-03-22,57.078731536865234,58.35093307495117,13.0600004196167,13.896999931335449,-0.43483468032563416
2024-03-25,56.99380874633789,59.13486862182617,13.1899995803833,13.869499921798706,-0.564745477789674
2024-03-26,57.125911712646484,58.020362854003906,13.239999771118164,13.859999895095825,-0.37690298447039405
2024-03-27,57.58827590942383,60.24937438964844,12.779999732971191,13.80699987411499,-0.5512384998358705
2024-03-28,57.72981643676758,60.36271667480469,13.010000228881836,13.787499904632568,-0.5273943955892533
2024-04-01,57.25801467895508,59.862125396728516,13.649999618530273,13.81449990272522,-0.5902135227091891
2024-04-02,56.757904052734375,59.3898811340332,14.609999656677246,13.870499897003175,-0.6647242646549367
2024-04-03,56.45594787597656,59.07819747924805,14.329999923706055,13.863999891281129,-0.7061091940946885
2024-04-04,55.95583724975586,60.19270324707031,16.350000381469727,13.956499910354614,-0.9959351639566881
2024-04-05,56.15399169921875,60.61772155761719,16.030000686645508,14.035999965667724,-0.9986951364970363
2024-04-08,55.92753601074219,61.25998306274414,15.1899995803833,14.058499956130982,-1.148603425100171
2024-04-09,56.35215377807617,61.75111389160156,14.979999542236328,14.046499919891357,-1.097576335780785
2024-04-10,55.59726333618164,60.45716857910156,15.800000190734863,14.144499921798706,-1.1311911504336165
2024-04-11,55.719932556152344,60.39104461669922,14.90999984741211,14.202499914169312,-1.088223917895653
2024-04-12,54.99336624145508,59.57877731323242,17.309999465942383,14.347999906539917,-1.1793511149414693
2024-04-15,54.86125183105469,59.267093658447266,19.229999542236328,14.588999891281128,-1.173668943116473
2024-04-16,54.7857666015625,58.27537536621094,18.399999618530273,14.792499876022339,-1.0600157020468108
2024-04-17,55.21038818359375,60.24937438964844,18.209999084472656,15.01199984550476,-1.2102064603569362
2024-04-18,55.587833404541016,60.45716857910156,18.0,15.259999847412109,-1.1338044036808475
2024-04-19,56.776771545410156,60.73106384277344,18.709999084472656,15.549499797821046,-0.8414884310565862
2024-04-22,57.135345458984375,61.68501281738281,16.940000534057617,15.743499803543092,-0.8715660819422962
2024-04-23,57.22026443481445,62.525604248046875,15.6899995803833,15.868499803543092,-0.9620977405151327
2024-04-24,58.07894515991211,62.8656120300293,15.970000267028809,16.004999828338622,-0.7702749617569095
2024-04-25,58.258235931396484,63.1867561340332,15.369999885559082,16.13449983596802,-0.7641672100639191
2024-04-26,58.258235931396484,62.32726287841797,15.029999732971191,16.235499811172485,-0.6475376322060193
2024-04-29,58.541316986083984,63.677886962890625,14.670000076293945,16.28649983406067,-0.7523632337024637
2024-04-30,58.28654479980469,63.25286865234375,15.649999618530273,16.33849983215332,-0.7652933520583128
2024-05-01,58.43751907348633,64.80184173583984,15.390000343322754,16.391499853134157,-0.933643928507497
2024-05-02,58.494140625,65.02851867675781,14.680000305175781,16.307999849319458,-0.9487118768988317
2024-05-03,58.66398620605469,66.24691772460938,13.489999771118164,16.18099980354309,-1.0669752853026868
2024-05-06,58.83383560180664,67.2953109741211,13.489999771118164,16.095999813079835,-1.1621685730627453
2024-05-07,59.08860778808594,67.9564437866211,13.229999542236328,16.008499813079833,-1.1812781880137153
2024-05-08,59.305641174316406,68.8064956665039,13.0,15.868499803543092,-1.2364816153004259
2024-05-09,59.333946228027344,70.44048309326172,12.6899995803833,15.75749979019165,-1.450362768596341
2024-05-10,59.6925163269043,69.69432067871094,12.550000190734863,15.519499826431275,-1.2497435946635438
2024-05-13,59.994476318359375,70.44048309326172,13.600000381469727,15.237999868392944,-1.2673145271841229
2024-05-14,59.54153823852539,71.23385620117188,13.420000076293945,14.988999891281129,-1.50049155235145
2024-05-15,59.56985092163086,72.77339172363281,12.449999809265137,14.700999927520751,-1.7015538698209731
2024-05-16,59.7491340637207,72.16891479492188,12.420000076293945,14.42199993133545,-1.5698453965574
2024-05-17,59.47549057006836,71.86665344238281,11.989999771118164,14.085999965667725,-1.604662789733026
2024-05-20,59.04143142700195,71.65888214111328,12.149999618530273,13.846499919891357,-1.696756985993161
2024-05-21,59.36225509643555,72.67892456054688,11.859999656677246,13.654999923706054,-1.746264706249594
2024-05-22,59.44717788696289,72.08390045166016,12.289999961853027,13.470999908447265,-1.641988387149587
2024-05-23,58.588497161865234,71.139404296875,12.770000457763672,13.340999937057495,-1.751784665665495
2024-05-24,58.503578186035156,72.35780334472656,11.930000305175781,13.185999965667724,-1.9406492545371128
2024-05-28,58.33372116088867,73.22673034667969,12.920000076293945,13.098499965667724,-2.105630281464704
2024-05-29,58.220497131347656,72.42391967773438,14.279999732971191,13.02999997138977,-2.0280692998162166
2024-05-30,58.47526168823242,73.85011291503906,14.470000267028809,12.983999967575073,-2.1509964735547613
2024-05-31,59.381134033203125,75.57852935791016,12.920000076293945,12.895999956130982,-2.1344969479568796
2024-06-03,59.381134033203125,73.87217712402344,13.109999656677246,12.876999950408935,-1.9029522099209326
2024-06-04,60.334171295166016,73.33983612060547,13.15999984741211,12.860499954223632,-1.566607023018505
2024-06-05,60.31529998779297,73.2447738647461,12.630000114440918,12.830499982833862,-1.558937157282843
2024-06-06,60.53232955932617,72.91205596923828,12.579999923706055,12.809499979019165,-1.4536448155802457
2024-06-07,60.30586242675781,71.66675567626953,12.220000267028809,12.78600001335144,-1.3474221707095437
2024-06-10,60.003910064697266,73.1687240600586,12.739999771118164,12.795499992370605,-1.6349109080061914
2024-06-11,59.96615982055664,69.14762878417969,12.850000381469727,12.757999992370605,-1.0997268579444606
2024-06-12,59.333946228027344,68.69132995605469,12.039999961853027,12.68899998664856,-1.2130101300869778
2024-06-13,59.43775177001953,69.56590270996094,11.9399995803833,12.663499975204468,-1.3029190031583062
2024-06-14,59.480533599853516,69.45182800292969,12.65999984741211,12.675499963760377,-1.2755837113044155
2024-06-17,59.547096252441406,68.7388687133789,12.75,12.713499975204467,-1.1603921109596465
2024-06-18,59.556610107421875,66.96122741699219,12.300000190734863,12.721000003814698,-0.9165372401041825
2024-06-20,59.12868881225586,68.88146209716797,13.279999732971191,12.792000007629394,-1.2956918535910886
2024-06-21,59.68973922729492,69.21417236328125,13.199999809265137,12.8375,-1.1853591100236114
2024-06-24,60.83085632324219,70.20281219482422,13.329999923706055,12.86549997329712,-1.003283257301529
2024-06-25,60.707237243652344,69.37578582763672,12.84000015258789,12.910999965667724,-0.9253170184247096
2024-06-26,60.90692901611328,69.74651336669922,12.550000190734863,12.892499971389771,-0.9202839363319567
2024-06-27,60.77379608154297,70.07923889160156,12.239999771118164,12.79049997329712,-1.0023276051125707
2024-06-28,60.52655792236328,67.31294250488281,12.4399995803833,12.688999938964844,-0.6954683960547666
2024-07-01,60.17470932006836,66.44788360595703,12.220000267028809,12.653999948501587,-0.6755890101554249
2024-07-02,60.05108642578125,66.98973083496094,12.029999732971191,12.599999952316285,-0.7833741512078741
2024-07-03,60.222259521484375,68.2825698852539,12.09000015258789,12.546499967575073,-0.9113708660535439
2024-07-05,60.63115310668945,68.52972412109375,12.479999542236328,12.538999938964844,-0.8315947274824061
2024-07-08,59.87041473388672,68.54874420166016,12.369999885559082,12.528499937057495,-1.0449939572187468
2024-07-09,59.61365509033203,68.55825805664062,12.510000228881836,12.542999935150146,-1.117439012218372
2024-07-10,59.746795654296875,69.29973602294922,12.850000381469727,12.548499965667725,-1.1811580724450181
2024-07-11,60.003543853759766,71.01083374023438,12.920000076293945,12.551999950408936,-1.3421958584532792
2024-07-12,60.574100494384766,72.24662017822266,12.460000038146973,12.572999954223633,-1.3517723129728774
2024-07-15,60.298336029052734,67.46504211425781,13.119999885559082,12.631999969482422,-0.7793532573339935
2024-07-16,61.11612319946289,68.34911346435547,13.1899995803833,12.658499956130981,-0.6726901444493584
2024-07-17,62.010005950927734,67.39850616455078,14.479999542236328,12.744999933242799,-0.2959810905940768
2024-07-18,61.9909782409668,68.1304702758789,15.930000305175781,12.926499938964843,-0.40057852688770273
2024-07-19,62.08607482910156,68.44417572021484,16.520000457763672,13.088499975204467,-0.41679354594570445
2024-07-22,61.591590881347656,69.29973602294922,14.90999984741211,13.173999977111816,-0.6699224345537109
2024-07-23,61.772274017333984,68.54874420166016,14.720000267028809,13.243499994277954,-0.5179445429013371
2024-07-24,62.5805549621582,71.6857681274414,18.040000915527344,13.503500032424927,-0.7196319048594364
2024-07-25,62.82780838012695,69.81307220458984,18.459999084472656,13.798999977111816,-0.39699536669680346
2024-07-26,63.75971984863281,70.59256744384766,16.389999389648438,14.00649995803833,-0.2445152248055041
2024-07-29,63.550506591796875,70.66861724853516,16.600000381469727,14.214499998092652,-0.31281271615712714
2024-07-30,64.35880279541016,70.61157989501953,17.690000534057617,14.488000011444091,-0.08107532388232959
2024-07-31,63.46491622924805,72.61737060546875,16.360000610351562,14.70450005531311,-0.6009693341615444
2024-08-01,64.62504577636719,74.51860809326172,18.59000015258789,15.029500055313111,-0.5374603083718313
2024-08-02,65.9278335571289,75.2885971069336,23.389999389648438,15.575000047683716,-0.2809117653289225
2024-08-05,64.7581787109375,72.8930435180664,38.56999969482422,16.885000038146973,-0.27998388117364803
2024-08-06,64.71064758300781,73.1687240600586,27.709999084472656,17.644999980926514,-0.3305645381344287
2024-08-07,65.10050964355469,73.72958374023438,27.850000381469727,18.394999980926514,-0.2986309714734998
2024-08-08,65.3572769165039,73.71057891845703,23.790000915527344,18.938500022888185,-0.22489591837866857
2024-08-09,65.30972290039062,73.634521484375,20.3700008392334,19.334000062942504,-0.2277535713910833
2024-08-12,64.82474517822266,73.74861145019531,20.709999084472656,19.713500022888184,-0.3776336939780486
2024-08-13,65.10050964355469,74.26193237304688,18.1200008392334,19.96000008583069,-0.3708684159357132
2024-08-14,65.21463012695312,74.1573715209961,16.190000534057617,20.045500135421754,-0.3250545146230844
2024-08-15,65.28119659423828,73.58700561523438,15.229999542236328,20.01050009727478,-0.22921117261798415
2024-08-16,65.78518676757812,74.68971252441406,14.800000190734863,19.92450008392334,-0.2391764166560821
2024-08-19,65.59500122070312,75.43119812011719,14.649999618530273,19.91150007247925,-0.3924976928746346
2024-08-20,65.97537231445312,75.0794677734375,15.880000114440918,19.969500064849854,-0.23935970991973254
2024-08-21,66.15604400634766,75.70686340332031,16.270000457763672,19.88100004196167,-0.2744263021209644
2024-08-22,65.9278335571289,75.02241516113281,17.549999237060547,19.835500049591065,-0.2447920078214387
2024-08-23,66.3652572631836,75.72587585449219,15.859999656677246,19.809000062942506,-0.2190283544233068
2024-08-26,67.36371612548828,76.65747833251953,16.149999618530273,19.786500024795533,-0.06874668800346155
2024-08-27,67.99134063720703,75.67835235595703,15.430000305175781,19.67350001335144,0.2380458817998638
2024-08-28,68.22906494140625,75.48822784423828,17.110000610351562,19.71100001335144,0.32972389947225017
2024-08-29,68.51435089111328,76.07759857177734,15.649999618530273,19.56399998664856,0.32880816722939227
2024-08-30,68.91373443603516,77.02959442138672,15.0,19.144500017166138,0.3103048445228539
2024-09-03,69.42723083496094,76.47466278076172,20.719999313354492,18.25199999809265,0.5279084949281831
2024-09-04,68.99931335449219,77.57495880126953,21.31999969482422,17.932500028610228,0.2600171260653385
2024-09-05,67.67753601074219,76.85737609863281,19.899999618530273,17.534999990463255,-0.008905179707303992
2024-09-06,67.64900207519531,76.52249908447266,22.3799991607666,17.46449990272522,0.028628789512501213
2024-09-09,68.32416534423828,77.6801986694336,19.450000762939453,17.41849989891052,0.05863731692288655
2024-09-10,68.03888702392578,78.74221801757812,19.079999923706055,17.336999940872193,-0.16453144356973004
2024-09-11,67.59196472167969,79.82335662841797,17.690000534057617,17.315499925613402,-0.43508991131377167
2024-09-12,67.7345962524414,79.85206604003906,17.06999969482422,17.359499883651733,-0.3994591438137326
2024-09-13,68.37129974365234,80.99061584472656,16.559999465942383,17.425999879837036,-0.37751017109525664
2024-09-16,69.03192901611328,80.9810562133789,17.139999389648438,17.542999839782716,-0.19313724270969315
2024-09-17,68.74468994140625,81.29679107666016,17.610000610351562,17.690999889373778,-0.31558174447896836
2024-09-18,68.69683074951172,80.63661193847656,18.229999542236328,17.80849986076355,-0.23926113883923053
2024-09-19,67.61490631103516,78.7326431274414,16.329999923706055,17.81149983406067,-0.2807270822793296
2024-09-20,68.59149932861328,79.18233489990234,16.149999618530273,17.741499853134155,-0.07111171734786584
2024-09-23,68.67767333984375,81.15326690673828,15.890000343322754,17.742999887466432,-0.31467798330892266
2024-09-24,68.29469299316406,80.64618682861328,15.390000343322754,17.704999923706055,-0.35200213027801186
2024-09-25,68.40959167480469,80.96192932128906,15.40999984741211,17.70399990081787,-0.3630059477376702
2024-09-26,68.3617172241211,79.85206604003906,15.369999885559082,17.616999864578247,-0.22566934574263414
2024-09-27,68.73512268066406,80.8853759765625,16.959999084472656,17.682499837875366,-0.26240577619754596
2024-09-30,68.8021469116211,80.87580871582031,16.729999542236328,17.768999814987183,-0.24253356730970957
2024-10-01,68.65853118896484,81.58381652832031,19.260000228881836,17.69599986076355,-0.37840647002579675
2024-10-02,67.98831176757812,81.73690795898438,18.899999618530273,17.574999856948853,-0.5849137060676896
2024-10-03,67.5191650390625,81.37332916259766,20.489999771118164,17.604499864578248,-0.6655890736672584
2024-10-04,67.18405151367188,80.22521209716797,19.209999084472656,17.44599986076355,-0.6026622201143129
2024-10-07,66.07342529296875,76.81910705566406,22.639999389648438,17.605499792099,-0.44824859929427036
2024-10-08,66.2361831665039,77.02002716064453,21.420000076293945,17.722499799728393,-0.43040861276978537
2024-10-09,66.60958099365234,77.09657287597656,20.860000610351562,17.88099980354309,-0.3373183234843322
2024-10-10,66.30320739746094,77.44100189208984,20.93000030517578,18.07399983406067,-0.46895912037317244
2024-10-11,66.60958099365234,78.32122802734375,20.459999084472656,18.268999814987183,-0.5034988169231283
2024-10-14,67.3468246459961,79.32584381103516,19.700000762939453,18.396999883651734,-0.4355135518028643
2024-10-15,67.3468246459961,79.2110366821289,20.639999389648438,18.548499822616577,-0.4199347128859382
2024-10-16,67.56703186035156,80.74186706542969,19.579999923706055,18.615999841690062,-0.5666373449980111
2024-10-17,66.92555236816406,80.15824127197266,19.110000610351562,18.75499987602234,-0.6652106858615373
2024-10-18,67.44257354736328,80.73229217529297,18.030000686645508,18.8489999294281,-0.5998283645870328
2024-10-21,66.49469757080078,80.39741516113281,18.3700008392334,18.97299995422363,-0.8170654441466082
2024-10-22,66.49469757080078,80.0816879272461,18.200000762939453,19.11349997520447,-0.7742226018486859
2024-10-23,65.11598205566406,81.2872314453125,19.239999771118164,19.30499997138977,-1.3198838441129235
2024-10-24,64.4361801147461,79.23016357421875,19.079999923706055,19.49049997329712,-1.229137405480457
2024-10-25,64.07234954833984,77.90982818603516,20.329999923706055,19.65900001525879,-1.1507994178409378
2024-10-28,63.83298873901367,79.28756713867188,19.799999237060547,19.8125,-1.4040851757527868
2024-10-29,62.770225524902344,76.12065887451172,19.34000015258789,19.816499996185303,-1.2688655882400126
2024-10-30,63.114898681640625,75.67097473144531,20.350000381469727,19.889000034332277,-1.1123284199942305
2024-10-31,62.53085708618164,75.82405853271484,23.15999984741211,20.022500038146973,-1.294952742075205
2024-11-01,62.24363708496094,74.00619506835938,21.8799991607666,20.15600004196167,-1.127871743005648
2024-11-04,62.33937454223633,74.98210906982422,21.979999542236328,20.123000049591063,-1.2337680459988138
2024-11-05,62.58831787109375,75.25000762939453,20.489999771118164,20.076500034332277,-1.2011327578184725
2024-11-06,60.98937225341797,71.29853057861328,16.270000457763672,19.84700002670288,-1.1080391311729716
2024-11-07,60.951080322265625,71.39421081542969,15.199999809265137,19.56050000190735,-1.1316341163945616
2024-11-08,61.20001220703125,73.64262390136719,14.9399995803833,19.28450002670288,-1.3677493942715475
2024-11-11,60.663841247558594,72.62844848632812,14.970000267028809,19.048000001907347,-1.378715541157502
2024-11-12,60.510650634765625,71.04978942871094,14.710000038146973,18.751500034332274,-1.206950903410889
2024-11-13,60.319156646728516,71.03063201904297,14.020000457763672,18.473500061035157,-1.2574187596060178
2024-11-14,59.8883056640625,72.02568054199219,14.3100004196167,18.233500051498414,-1.5118414324972451
2024-11-15,59.1127815246582,73.04942321777344,16.139999389648438,18.13899998664856,-1.865674723166689
2024-11-18,59.2276725769043,73.08769226074219,15.579999923706055,17.99949994087219,-1.8390286883638767
2024-11-19,59.92660903930664,73.74788665771484,16.350000381469727,17.906999921798707,-1.734922719239069
2024-11-20,60.30958938598633,73.5565185546875,17.15999984741211,17.802999925613403,-1.6028221258101356
2024-11-21,61.046817779541016,74.01576232910156,16.8700008392334,17.692499971389772,-1.4608364280177157
2024-11-22,61.20001220703125,73.20187377929688,15.239999771118164,17.437999963760376,-1.3079414779882694
2024-11-25,61.640438079833984,73.81831359863281,14.600000381469727,17.178000020980836,-1.2695374920488998
2024-11-26,61.80320739746094,74.63702392578125,14.100000381469727,16.916000032424925,-1.3355258387057019
2024-11-27,61.68830871582031,75.62908935546875,14.100000381469727,16.603500032424925,-1.5019859919147445
2024-11-29,61.81855010986328,75.77356719970703,13.510000228881836,16.121000051498413,-1.4854981030365717
2024-12-02,61.403724670410156,74.23247528076172,13.34000015258789,15.694000101089477,-1.391336258084223
2024-12-03,61.2783088684082,73.481201171875,13.300000190734863,15.260000133514405,-1.324147191895349
2024-12-04,60.0145378112793,72.95144653320312,13.449999809265137,14.908000135421753,-1.6024820764639611
2024-12-05,60.69948196411133,73.39451599121094,13.539999961853027,14.77150011062622,-1.4727907711535957
2024-12-06,60.32324981689453,72.46985626220703,12.770000457763672,14.650000143051148,-1.4515810532689948
2024-12-09,60.390769958496094,71.94973754882812,14.1899995803833,14.612500143051147,-1.3622917561606815
2024-12-10,60.68983459472656,71.41035461425781,14.180000305175781,14.573000144958495,-1.2062220247123001
2024-12-11,60.42936706542969,71.2562484741211,13.579999923706055,14.51650013923645,-1.2574920838620953
2024-12-12,61.587013244628906,70.52422332763672,13.920000076293945,14.511500120162964,-0.837348721449712
2024-12-13,60.89242172241211,70.90950012207031,13.8100004196167,14.486500120162964,-1.082116599110268
2024-12-16,60.3425407409668,70.11006164550781,14.6899995803833,14.414000129699707,-1.1260210006602465
2024-12-17,61.16254425048828,69.60919189453125,15.869999885559082,14.428500127792358,-0.830813073853844
2024-12-18,60.63195037841797,67.92363739013672,27.6200008392334,14.992000150680543,-0.7491303943113871
2024-12-19,60.246070861816406,67.20124816894531,24.09000015258789,15.338500165939331,-0.7580414340267242
2024-12-20,60.3425407409668,69.03129577636719,18.360000610351562,15.41300015449524,-0.9796370620971431
2024-12-23,60.17853927612305,69.82110595703125,16.780000686645508,15.490000200271606,-1.1322595611314132
2024-12-24,60.62230682373047,70.22564697265625,14.270000457763672,15.473500204086303,-1.064175753342574
2024-12-26,60.36183547973633,69.70552825927734,14.729999542236328,15.505000162124634,-1.0657805207367492
2024-12-27,60.246070861816406,69.45509338378906,15.949999809265137,15.597500133514405,-1.063878640132679
2024-12-30,59.84089279174805,69.11798095703125,17.399999618530273,15.792000102996827,-1.1304181793379486
2024-12-31,60.06277084350586,69.0505599975586,17.350000381469727,15.992500114440919,-1.0597818765146754
2025-01-02,59.65760040283203,68.97350311279297,17.93000030517578,16.224000120162962,-1.1616077320143552
2025-01-03,59.57077407836914,69.33951568603516,16.1299991607666,16.358000087738038,-1.2353356736136107
2025-01-06,58.66394805908203,68.61712646484375,16.040000915527344,16.483000135421754,-1.3886130981192313
2025-01-07,58.69288635253906,67.83694458007812,17.81999969482422,16.73550009727478,-1.2747262620760504
2025-01-08,59.53218460083008,68.05848693847656,17.700000762939453,16.911000156402586,-1.0721995642282562
2025-01-10,58.914772033691406,64.89923095703125,19.540000915527344,17.179000186920167,-0.8146013429014296
2025-01-13,59.474308013916016,64.49470520019531,19.190000534057617,17.459500217437743,-0.6046484928635019
2025-01-14,59.85054016113281,65.47716522216797,18.709999084472656,17.69900016784668,-0.6337014645781548
2025-01-15,59.590065002441406,66.73892974853516,16.1200008392334,17.814500188827516,-0.8771012632791151
2025-01-16,60.05312728881836,68.74234008789062,16.600000381469727,17.910000228881835,-1.0206301993304296
2025-01-17,60.49689483642578,68.1548080444336,15.970000267028809,17.915000247955323,-0.8179262984471887
2025-01-21,60.217124938964844,68.24148559570312,15.0600004196167,17.287000226974488,-0.9072188149294419
2025-01-22,59.59971237182617,65.96837615966797,15.100000381469727,16.837500238418578,-0.7698669094825992
2025-01-23,59.35853958129883,66.6811294555664,15.020000457763672,16.670500230789184,-0.9334190852314961
2025-01-24,59.73477554321289,70.14859008789062,14.850000381469727,16.574000215530397,-1.2996750095727738
2025-01-27,61.61595153808594,71.11176300048828,17.899999618530273,16.755500173568727,-0.909055881461634
2025-01-28,60.159244537353516,67.9428939819336,16.40999984741211,16.839500188827515,-0.882741208033929
2025-01-29,60.61266326904297,68.28001403808594,16.559999465942383,16.870000171661378,-0.8028340954624489
2025-01-30,61.78960418701172,68.67491912841797,15.84000015258789,16.792000198364256,-0.5302633507788957
2025-01-31,61.23971939086914,68.92534637451172,16.43000030517578,16.74600019454956,-0.7166311211182321
2025-02-03,61.11430358886719,68.43412017822266,18.6200008392334,16.780500221252442,-0.6847294502299571
2025-02-04,60.45830535888672,67.32645416259766,17.209999084472656,16.834500217437743,-0.7162162423219289
2025-02-05,60.89242172241211,66.65223693847656,15.770000457763672,16.821000194549562,-0.504424098687908
2025-02-06,61.12395477294922,66.71965026855469,15.5,16.70500020980835,-0.4494086106876333
2025-02-07,61.587013244628906,65.7564697265625,16.540000915527344,16.647000217437743,-0.19038484338444725
2025-02-10,62.2719612121582,67.13382720947266,15.8100004196167,16.46050019264221,-0.18747139074990454
2025-02-11,65.21431732177734,67.7406234741211,16.020000457763672,16.302000188827513,0.5455842080928638
2025-02-12,66.28514099121094,66.72928619384766,15.890000343322754,16.16100025177002,0.9795685030959981
2025-02-13,67.0472640991211,66.0743179321289,15.100000381469727,16.110000228881837,1.2796469374991617
2025-02-14,66.43950653076172,65.55420684814453,14.770000457763672,16.018500232696532,1.1818000497255976
2025-02-18,66.61315155029297,65.9780044555664,15.350000381469727,15.98750023841858,1.172413588673545
2025-02-19,67.59715270996094,66.51738739013672,15.270000457763672,15.998000240325927,1.3719112128884268
2025-02-20,67.5682144165039,67.55762481689453,15.65999984741211,16.026000213623046,1.2227359462682696
2025-02-21,68.83197784423828,68.94461059570312,18.209999084472656,16.185500144958496,1.3847460981421194
2025-02-24,68.09879302978516,68.19332885742188,18.979999542236328,16.392000102996825,1.283509279256012
2025-02-25,68.96703338623047,68.65564727783203,19.43000030517578,16.4685001373291,1.461384220831596
2025-02-26,68.30138397216797,68.39559173583984,19.100000381469727,16.603000164031982,1.3122057263969273
2025-02-27,68.3689193725586,66.82560729980469,21.1299991607666,16.831500148773195,1.543961563718442
2025-02-28,68.69691467285156,68.14341735839844,19.6299991607666,17.021000099182128,1.4560354673636293
2025-03-03,69.76774597167969,69.5515365600586,22.780000686645508,17.338500118255617,1.5617119262338472
2025-03-04,67.7129135131836,68.80377960205078,23.510000228881836,17.583000087738036,1.093737527079948
2025-03-05,67.60680389404297,68.44446563720703,21.93000030517578,17.819000148773192,1.1130894614390532
2025-03-06,67.973388671875,67.98804473876953,24.8700008392334,18.27400016784668,1.2766129982449381
2025-03-07,68.90914916992188,70.72659301757812,23.3700008392334,18.66750020980835,1.1643246335032482
2025-03-10,68.92845153808594,73.96041870117188,27.860000610351562,19.23350019454956,0.7308573822430818
2025-03-11,68.53292846679688,71.89193725585938,26.920000076293945,19.78900017738342,0.9019328768958588
2025-03-12,67.47174072265625,70.8139877319336,24.229999542236328,20.199500131607056,0.7541262507055634
2025-03-13,67.16304016113281,70.62947845458984,24.65999984741211,20.638000106811525,0.6936152735569822
2025-03-14,67.21162414550781,71.42579650878906,21.770000457763672,20.97150011062622,0.5990220530944359
2025-03-17,68.14458465576172,70.02738189697266,20.510000228881836,21.25850009918213,1.0473260091665098
2025-03-18,67.42542266845703,68.6581039428711,21.700000762939453,21.576000118255614,1.0338346986975548
2025-03-19,67.3282470703125,68.46388244628906,19.899999618530273,21.807500076293945,1.0332601124214242
2025-03-20,67.74613189697266,69.0951156616211,19.799999237060547,22.014500045776366,1.0634100496354666
2025-03-21,66.73542785644531,68.83290100097656,19.280000686645508,22.06800012588501,0.8189018809619252
2025-03-24,67.00753021240234,68.04631042480469,17.479999542236328,21.99300012588501,1.0010447629930581
2025-03-25,66.8714828491211,66.60904693603516,17.149999618530273,21.879000091552733,1.1583734165677686
2025-03-26,68.04740142822266,67.71612548828125,18.329999923706055,21.84050006866455,1.3340219387263783
2025-03-27,68.74710845947266,68.00746154785156,18.690000534057617,21.7185001373291,1.4883939573754152
2025-03-28,68.38753509521484,68.41532897949219,21.649999618530273,21.819500160217284,1.3334019451059183
2025-03-31,69.6023178100586,68.84262084960938,22.280000686645508,21.794500160217286,1.612064783080206
2025-04-01,69.84528350830078,68.87174987792969,21.770000457763672,21.707500171661376,1.6754435403587593
2025-04-02,69.32049560546875,68.44446563720703,21.510000228881836,21.68650016784668,1.5879932677766273
2025-04-03,71.11837005615234,70.0565185546875,30.020000457763672,21.944000148773192,1.867477345889002
2025-04-04,67.95993041992188,64.97756958007812,45.310001373291016,23.041000175476075,1.6813920740194062
2025-04-07,66.44387817382812,63.18099594116211,46.97999954223633,23.99700012207031,1.5050461562918753
2025-04-08,66.49246978759766,62.25843811035156,52.33000183105469,25.26750020980835,1.6436991943202306
2025-04-09,67.97935485839844,65.62821960449219,33.619998931884766,25.73700017929077,1.5984845974638138
2025-04-10,68.76654815673828,64.79306030273438,40.720001220703125,26.540000247955323,1.92996172183274
2025-04-11,69.41766357421875,63.90933609008789,37.560001373291016,27.32950029373169,2.2303185541932247
2025-04-14,70.40892791748047,65.73504638671875,30.889999389648438,27.84850025177002,2.257279825377557
2025-04-15,69.83556365966797,65.70591735839844,30.1200008392334,28.269500255584717,2.1023399474480513
2025-04-16,69.66062927246094,63.74425506591797,32.63999938964844,28.906500244140624,2.3200507892794455
2025-04-17,70.94344329833984,64.39488983154297,29.649999618530273,29.399000263214113,2.587260004211223
2025-04-21,70.71991729736328,62.811973571777344,33.81999969482422,30.126000213623048,2.740110755232502
2025-04-22,71.8180923461914,64.71537017822266,30.56999969482422,30.780500221252442,2.7861577662589494
2025-04-23,71.23500061035156,65.3271713256836,28.450000762939453,31.3455002784729,2.541550680206542
2025-04-24,70.47696685791016,64.4337387084961,26.469999313354492,31.75250024795532,2.4527169124655264
2025-04-25,69.8841552734375,64.1812515258789,24.84000015258789,32.06000022888183,2.3226964794891845
2025-04-28,69.76753234863281,64.27836608886719,25.149999618530273,32.23500022888184,2.277199523239742
2025-04-29,70.31175231933594,65.30775451660156,24.170000076293945,32.32950019836426,2.288331897133932
2025-04-30,70.50611877441406,64.94843292236328,24.700000762939453,32.476000213623045,2.3909537712103024
2025-05-01,69.28162384033203,64.14241027832031,24.600000381469727,32.63050022125244,2.1609916061508696
2025-05-02,69.63148498535156,65.15237426757812,22.68000030517578,32.26350021362305,2.120898445420903
2025-05-05,69.68006896972656,64.19095611572266,23.639999389648438,31.18000011444092,2.2648225493915333
2025-05-06,69.69950103759766,64.6182632446289,24.760000228881836,30.069000148773192,2.2122238677706876
2025-05-07,70.3603515625,65.4145736694336,23.549999237060547,28.630000019073485,2.287304972506462
2025-05-08,69.16499328613281,66.34684753417969,22.479999542236328,28.073000049591066,1.829537812327872
2025-05-09,68.53330993652344,68.27936553955078,21.899999618530273,27.131999969482422,1.3922492023368866
2025-05-12,67.57120513916016,67.67728424072266,18.389999389648438,26.173499870300294,1.2073274703402437
2025-05-13,67.01725006103516,70.02738189697266,18.219999313354492,25.539999866485594,0.7349153891686795
2025-05-14,67.21162414550781,70.10507202148438,18.6200008392334,24.964999866485595,0.7782387466689273
2025-05-15,69.59259796142578,72.39691925048828,17.829999923706055,24.224499893188476,1.1270680167481057
2025-05-16,69.97161865234375,72.83392333984375,17.239999771118164,23.603999900817872,1.1728038645874654
2025-05-19,69.90357971191406,71.72684478759766,18.139999389648438,22.81999988555908,1.3041745418923507
2025-05-20,69.67035675048828,72.2609634399414,18.09000015258789,22.195999908447266,1.16706540965815
2025-05-21,69.82584381103516,69.47384643554688,20.8700008392334,21.816999912261963,1.5883544072913356
2025-05-22,69.13584899902344,65.00669860839844,20.280000686645508,21.507499980926514,2.0033137601688082
2025-05-23,69.74809265136719,65.80301666259766,22.290000915527344,21.380000019073485,2.0649237354226146
2025-05-27,69.7578125,66.07493591308594,18.959999084472656,21.070499992370607,2.0307190460644415
2025-05-28,69.14556884765625,65.26890563964844,19.309999465942383,20.82749996185303,1.9704269776382037
2025-05-29,69.47598266601562,66.99749755859375,19.18000030517578,20.551499938964845,1.827429758180186
2025-05-30,70.06879425048828,68.59983825683594,18.56999969482422,20.249999904632567,1.7742808123757055
2025-06-02,69.97161865234375,68.67522430419922,18.360000610351562,20.033999919891357,1.7371216294989424
2025-06-03,69.15528869628906,69.4583969116211,17.690000534057617,19.736499977111816,1.4046244332548765
2025-06-04,69.35935974121094,68.41089630126953,17.610000610351562,19.378999996185303,1.6033186392075043
2025-06-05,68.9123306274414,69.99684143066406,18.479999542236328,19.125500011444093,1.2642304747653441
2025-06-06,69.33992767333984,70.64297485351562,16.770000457763672,18.840000057220458,1.2950499989176913
2025-06-09,69.74809265136719,70.38843536376953,17.15999984741211,18.60300006866455,1.4427019274846509
2025-06-10,70.31175231933594,71.279296875,16.950000762939453,18.5310001373291,1.478019006520208
2025-06-11,70.03964233398438,71.46530151367188,17.260000228881836,18.483000183105467,1.3773709665821348
2025-06-12,70.20484161376953,72.28765106201172,18.020000457763672,18.453000164031984,1.3115621920897849
2025-06-13,69.50994873046875,73.20787811279297,20.81999969482422,18.60250015258789,0.9941203265613348
2025-06-16,69.02058410644531,72.2289047241211,19.110000610351562,18.696000194549562,0.9913485379940233
2025-06-17,68.13972473144531,70.3492660522461,21.600000381469727,18.869000244140626,1.002300900840271
2025-06-18,67.73843383789062,70.06536865234375,20.139999389648438,18.971500205993653,0.9296175358729454
2025-06-20,67.37629699707031,70.02620697021484,20.6200008392334,18.959000205993654,0.8345750734037768
2025-06-23,68.25716400146484,69.24303436279297,19.829999923706055,18.93650016784668,1.1849569858438989
2025-06-24,68.71717071533203,69.8989486694336,17.479999542236328,18.69600009918213,1.2234307580067216
2025-06-25,68.14950561523438,68.8612289428711,16.760000228881836,18.586000156402587,1.2069317156013994
2025-06-26,67.99291229248047,69.49756622314453,16.59000015258789,18.450000190734862,1.077187804529461
2025-06-27,68.83462524414062,69.39966583251953,16.31999969482422,18.307000160217285,1.3237306947016674
2025-06-30,69.24568939208984,67.96056365966797,16.729999542236328,18.21500015258789,1.6329261667214907
2025-07-01,70.14613342285156,71.5240478515625,16.829999923706055,18.138500118255614,1.3989104944885256
2025-07-02,69.40229797363281,71.4848861694336,16.639999389648438,18.086000061035158,1.1980904754182589
2025-07-03,69.83293151855469,72.3268051147461,16.3799991607666,18.02449998855591,1.2031842216510125
2025-07-07,69.50016784667969,73.17852020263672,17.790000915527344,17.99000005722046,0.9953935598138591
2025-07-08,68.74653625488281,70.93666076660156,16.809999465942383,17.992000007629393,1.0907555152097668
2025-07-09,68.00270080566406,72.10163879394531,15.9399995803833,17.930999994277954,0.7265388608777092
2025-07-10,68.2865219116211,73.07083129882812,15.779999732971191,17.87249994277954,0.6736769872440851
2025-07-11,68.38440704345703,72.83587646484375,16.399999618530273,17.829499912261962,0.7326856038183176
2025-07-14,67.99291229248047,73.4624252319336,17.200000762939453,17.788499927520753,0.5391733065213783
2025-07-15,67.88524627685547,73.12956237792969,17.3799991607666,17.61649990081787,0.5545046240396387
2025-07-16,67.79715728759766,73.19808959960938,17.15999984741211,17.5189998626709,0.5207942651574693
2025-07-17,69.0890884399414,73.59947204589844,16.520000457763672,17.264999866485596,0.8243525269789496
2025-07-18,68.36483001708984,74.35328674316406,16.40999984741211,17.07849988937378,0.5213542361965756
2025-07-21,68.58014678955078,74.56865692138672,16.649999618530273,16.879999828338622,0.5517987018365037
2025-07-22,68.17887878417969,75.90985870361328,16.5,16.71349983215332,0.25860263509301573
2025-07-23,67.68949890136719,71.28909301757812,15.369999885559082,16.60799984931946,0.7500023377963332
2025-07-24,67.63077545166016,70.45696258544922,15.390000343322754,16.539499855041505,0.8466452640456746
2025-07-25,67.69927978515625,70.3394775390625,14.930000305175781,16.4564998626709,0.8815716280993782
2025-07-28,66.64224243164062,69.84020233154297,15.029999732971191,16.391999864578246,0.6563915290013982
2025-07-29,67.90481567382812,70.43737030029297,15.979999542236328,16.354499864578248,0.9252467691429775
2025-07-30,67.28821563720703,69.49756622314453,15.479999542236328,16.28699984550476,0.8818999813630203
2025-07-31,66.44650268554688,69.56608581542969,16.719999313354492,16.290999841690063,0.6393439405175726
2025-08-01,67.39588165283203,68.91996765136719,20.3799991607666,16.490999841690062,0.9901144055373577
2025-08-04,67.49374389648438,69.04723358154297,17.520000457763672,16.47749981880188,0.9999648627262321
2025-08-05,67.58184051513672,69.6835708618164,17.850000381469727,16.52949986457825,0.9380302219982934
2025-08-06,68.03205871582031,69.05702209472656,16.770000457763672,16.570999908447266,1.1478161521786758
2025-08-07,68.9324951171875,71.05413818359375,16.56999969482422,16.610499906539918,1.1263478527389847
2025-08-08,68.84440612792969,70.8877182006836,15.149999618530273,16.547999906539918,1.1245188298779951
2025-08-11,69.24568939208984,70.92687225341797,16.25,16.500499868392943,1.2304107114516487
2025-08-12,69.20654296875,70.3492660522461,14.729999542236328,16.367999887466432,1.2979410315524744
2025-08-13,68.96186065673828,70.780029296875,14.489999771118164,16.234499883651733,1.1716811359848864
2025-08-14,68.07120513916016,70.72128295898438,14.829999923706055,16.149999856948853,0.9328314177412147
2025-08-15,68.43333435058594,73.82464599609375,15.09000015258789,16.08399987220764,0.6120726794682485
2025-08-18,67.6601333618164,74.12812042236328,14.989999771118164,16.000999879837035,0.35662052473635647
2025-08-19,68.63887023925781,74.90151977539062,15.569999694824219,15.954499864578247,0.5229042616799053
2025-08-20,69.1967544555664,74.57846069335938,15.6899995803833,15.970499849319458,0.7213446883924088
2025-08-21,69.1576156616211,74.48055267333984,16.600000381469727,16.030999851226806,0.7237841205893479
2025-08-22,68.63887023925781,74.71550750732422,14.220000267028809,15.995499849319458,0.5481453350207846
2025-08-25,67.46438598632812,73.73653411865234,14.789999961853027,15.98349986076355,0.3555109723423698
2025-08-26,67.26864624023438,73.26661682128906,14.619999885559082,15.915499877929687,0.36503271679075694
2025-08-27,67.36651611328125,72.33659362792969,14.850000381469727,15.883999919891357,0.5183549238248225
2025-08-28,66.90650939941406,71.12017822265625,14.430000305175781,15.769499969482421,0.5559387659543207
2025-08-29,67.52310943603516,71.08072662353516,15.359999656677246,15.518499994277954,0.732166382515787
2025-09-02,67.59162139892578,71.67265319824219,17.170000076293945,15.500999975204468,0.6708307222388558
2025-09-03,67.52310943603516,70.66637420654297,16.350000381469727,15.425999975204467,0.7883922425356048
2025-09-04,66.7988510131836,69.91659545898438,15.300000190734863,15.352499961853027,0.6894251848013926
2025-09-05,66.51500701904297,69.94619750976562,15.180000305175781,15.282999992370605,0.6067485440050344
2025-09-08,65.99628448486328,68.83139038085938,15.109999656677246,15.280999994277954,0.6142730567484582
2025-09-09,66.41714477539062,69.12735748291016,15.039999961853027,15.220499992370605,0.6907417492605795
2025-09-10,66.37799072265625,70.08430480957031,15.350000381469727,15.251500034332276,0.55003757049394
2025-09-11,66.1822509765625,70.36054229736328,14.710000038146973,15.262500047683716,0.4583092852988335
2025-09-12,65.58522033691406,70.67623901367188,14.760000228881836,15.259000062942505,0.25001951646175985
2025-09-15,65.29920196533203,70.53811645507812,15.6899995803833,15.289000034332275,0.18949982100096954
2025-09-16,65.32878875732422,68.89058685302734,16.360000610351562,15.357500076293945,0.4212617659496992
2025-09-17,66.11778259277344,69.36412048339844,15.720000267028809,15.365000104904174,0.5756537982749742
2025-09-18,65.54576110839844,69.8376693725586,15.699999809265137,15.365500116348267,0.3528747794433281
2025-09-19,65.51617431640625,70.12377166748047,15.449999809265137,15.308000087738037,0.30585272753890613
2025-09-22,65.29920196533203,71.37667846679688,16.100000381469727,15.402000093460083,0.07571052388260868
2025-09-23,65.79232025146484,71.34708404541016,16.639999389648438,15.494500064849854,0.21638090009153674
2025-09-24,65.53589630126953,72.83677673339844,16.18000030517578,15.572500085830688,-0.05682509632333682
2025-09-25,65.07237243652344,73.64574432373047,16.739999771118164,15.66700005531311,-0.2950517934601348
2025-09-26,64.7666244506836,74.82959747314453,15.289999961853027,15.710000038146973,-0.5404255025277837
2025-09-29,65.13153839111328,75.18475341796875,16.1200008392334,15.74800009727478,-0.48749251817697653
2025-09-30,65.40768432617188,74.47444152832031,16.280000686645508,15.703500127792358,-0.31457975960220097
2025-10-01,65.86135864257812,77.61165618896484,16.290000915527344,15.70050015449524,-0.6145627426914347
2025-10-02,65.19071197509766,77.12825012207031,16.6299991607666,15.767000102996827,-0.7348183762759714
2025-10-03,65.73314666748047,78.98295593261719,16.649999618530273,15.84050006866455,-0.8361728018297734
2025-10-06,65.19071197509766,81.00538635253906,16.3700008392334,15.903500127792359,-1.2609292665044929
2025-10-07,65.87122344970703,82.09058380126953,17.239999771118164,16.013500118255614,-1.21960039560981
2025-10-08,65.21044158935547,82.90941619873047,16.299999237060547,16.061000061035156,-1.5138304807547442
2025-10-09,65.4570083618164,82.58385467529297,16.43000030517578,16.147000074386597,-1.401323783352855
2025-10-10,66.11778259277344,82.22869873046875,21.65999984741211,16.49200005531311,-1.1700147342858123
2025-10-13,65.88108825683594,83.16593170166016,19.030000686645508,16.65900011062622,-1.3627867630028474
2025-10-14,66.5813217163086,83.50135040283203,20.809999465942383,16.881500053405762,-1.2142506857617037
2025-10-15,66.15723419189453,84.63587951660156,20.639999389648438,17.127500009536742,-1.4857259698805358
2025-10-16,66.66021728515625,83.90583801269531,25.309999465942383,17.607999992370605,-1.2472741374477674
2025-10-17,67.49852752685547,83.392822265625,20.780000686645508,17.874500036239624,-0.9453448296409396
2025-10-20,67.49852752685547,83.62959289550781,18.229999542236328,17.980999994277955,-0.9774735967161563
2025-10-21,70.24028015136719,82.86009216308594,17.8700008392334,18.042500066757203,-0.11325223972753408
2025-10-22,69.8359146118164,81.7255630493164,18.600000381469727,18.1635000705719,-0.07136055622120115
2025-10-23,68.97789001464844,82.13005065917969,17.299999237060547,18.19150004386902,-0.3640263637106076
2025-10-24,68.75105285644531,83.27444458007812,16.3700008392334,18.245500087738037,-0.5821775988140685
2025-10-27,69.09623718261719,84.87265014648438,15.789999961853027,18.229000043869018,-0.7033886939529227
2025-10-28,69.19486999511719,82.44574737548828,16.420000076293945,18.23600001335144,-0.3467348688259633
2025-10-29,67.40975952148438,80.66009521484375,16.920000076293945,18.26749997138977,-0.5991250735353496
2025-10-30,68.03109741210938,80.54170989990234,16.90999984741211,18.281500005722044,-0.4108735181090061
2025-10-31,67.95220184326172,80.30493927001953,17.440000534057617,18.321000051498412,-0.40060854701244125
2025-11-03,67.03498840332031,80.67982482910156,17.170000076293945,18.36100001335144,-0.7056600862799183
2025-11-04,67.71549987792969,80.59103393554688,19.0,18.44900002479553,-0.505025992364252
2025-11-05,67.56756591796875,81.03498077392578,18.010000228881836,18.534500074386596,-0.6062636283359525
2025-11-06,68.10999298095703,80.89686584472656,19.5,18.68800005912781,-0.43720287274317926
2025-11-07,69.57949829101562,82.8009033203125,19.079999923706055,18.559000062942506,-0.28833857833369636
2025-11-10,69.54991149902344,83.62959289550781,17.600000381469727,18.487500047683717,-0.40898741559789464
2025-11-11,70.62491607666016,84.60628509521484,17.280000686645508,18.311000108718872,-0.24361163561507335
2025-11-12,70.52629852294922,84.73452758789062,17.510000228881836,18.15450015068054,-0.2883428126340812
2025-11-13,70.09234619140625,82.86009216308594,20.0,17.889000177383423,-0.15424817861410794
2025-11-14,70.18111419677734,82.7515640258789,19.829999923706055,17.84150013923645,-0.11492169454071798
2025-11-17,69.70771026611328,84.5964126586914,22.3799991607666,18.049000120162965,-0.49645103764547693
2025-11-18,70.24028015136719,83.50135040283203,24.690000534057617,18.390000104904175,-0.20026825446746438
2025-11-19,70.13179779052734,83.13632202148438,23.65999984741211,18.643000078201293,-0.18079843997912662
2025-11-20,70.23041534423828,83.16593170166016,26.420000076293945,19.099000120162962,-0.15748713119451332
2025-11-21,71.94647979736328,82.91463470458984,23.43000030517578,19.452000093460082,0.35217415031648946
2025-11-24,71.5914306640625,83.65956115722656,20.520000457763672,19.688500118255615,0.15269843255930715
2025-11-25,71.61116027832031,84.2554931640625,18.559999465942383,19.795500087738038,0.07730052948007163
2025-11-26,71.87744903564453,84.96068572998047,17.190000534057617,19.809000110626222,0.05540370298159833
2025-11-28,72.11415100097656,85.70560455322266,16.350000381469727,19.7810001373291,0.019917004612213535
2025-12-01,71.45864868164062,84.07671356201172,17.239999771118164,19.771000099182128,0.059295652391752995
2025-12-02,70.18739318847656,84.00718688964844,16.59000015258789,19.742000102996826,-0.2835643202437077
2025-12-03,70.32643127441406,84.37467956542969,16.079999923706055,19.596000099182127,-0.29490082733897843
2025-12-04,69.9688949584961,82.82524108886719,15.779999732971191,19.484500074386595,-0.1837302422687975
2025-12-05,69.52196502685547,82.56700134277344,15.40999984741211,19.280000066757204,-0.2725428799798233
2025-12-08,69.770263671875,80.00447845458984,16.65999984741211,19.159000062942503,0.1439898990480192
2025-12-09,69.6113510131836,79.10063934326172,16.93000030517578,19.12550005912781,0.22259862935163074
2025-12-10,69.73052978515625,80.71959686279297,15.770000457763672,19.050000047683717,0.03594019011961447
2025-12-11,68.63804626464844,80.6600112915039,14.850000381469727,18.91700005531311,-0.25872687863058114
2025-12-12,70.03841400146484,81.09703063964844,15.739999771118164,18.70400004386902,0.07004590529581847
2025-12-15,70.48534393310547,81.09703063964844,16.5,18.537500047683714,0.1939005778061587
2025-12-16,69.88944244384766,80.7692642211914,16.479999542236328,18.242500066757202,0.07323893240113773
2025-12-17,70.18739318847656,79.7462387084961,17.6200008392334,17.88900008201599,0.29462821866860955
2025-12-18,69.87950897216797,80.30244445800781,16.8700008392334,17.549500131607054,0.13383159216732315
2025-12-19,69.58155822753906,79.0013198852539,14.90999984741211,16.974000120162962,0.22781958381730824
2025-12-22,69.73052978515625,79.49793243408203,14.079999923706055,16.50650010108948,0.201714855218737
2025-12-23,69.39286041259766,79.24962615966797,14.0,16.180500078201295,0.1418329282425574
2025-12-24,69.63121795654297,79.9051513671875,13.470000267028809,15.926000118255615,0.11893536249529418
2025-12-26,69.39286041259766,79.86543273925781,13.600000381469727,15.74650011062622,0.058270595495374035
2025-12-29,69.68087768554688,79.72637176513672,14.199999809265137,15.639000082015992,0.1569568590302515
2025-12-30,69.59149169921875,79.98461151123047,14.329999923706055,15.493500089645385,0.09714388972886902
2025-12-31,69.43258666992188,79.7363052368164,14.949999809265137,15.411500072479248,0.08680171747426496
2026-01-02,68.64797973632812,80.38190460205078,14.510000228881836,15.333000087738037,-0.21823618824992597
2026-01-05,67.47603607177734,80.7692642211914,14.899999618530273,15.289000082015992,-0.5955720705895745
2026-01-06,67.37671661376953,80.5010986328125,14.75,15.256000089645386,-0.5867068716225661
2026-01-07,67.07876586914062,77.83924865722656,15.380000114440918,15.192000102996825,-0.30807423235493214
2026-01-08,68.89627075195312,78.95165252685547,15.449999809265137,15.118000078201295,0.04465014470229397
2026-01-09,70.02848815917969,79.34894561767578,14.489999771118164,15.054000043869019,0.3045029234986486
2026-01-12,70.0185546875,80.57061767578125,15.119999885559082,15.067500019073487,0.13597442722679423
2026-01-13,70.75350189208984,81.08709716796875,15.979999542236328,15.079500007629395,0.26956131115485676
2026-01-14,70.95214080810547,81.42479705810547,16.75,15.092000007629395,0.27878433368881944
2026-01-15,69.99869537353516,81.63337707519531,15.84000015258789,15.060000038146972,-0.013740979008090482
2026-01-16,69.95896911621094,83.06361389160156,15.859999656677246,14.971999979019165,-0.21882709899691835
2026-01-20,71.26001739501953,82.9444351196289,20.09000015258789,15.13299994468689,0.15789567294690696
2026-01-21,71.51824188232422,83.2821273803711,16.899999618530273,15.232499933242797,0.1836322775702504
2026-01-22,71.37920379638672,84.49386596679688,15.640000343322754,15.310499954223634,-0.01932617838147224
2026-01-23,72.3823013305664,84.23562622070312,16.09000015258789,15.414999961853027,0.2936974991681753
2026-01-26,72.06448364257812,84.89115905761719,16.149999618530273,15.548999929428101,0.1166698136219797
2026-01-27,73.0477294921875,86.55978393554688,16.350000381469727,15.6864999294281,0.1627247967916743
2026-01-28,72.56106567382812,86.97693634033203,16.350000381469727,15.79399995803833,-0.0287468657541595
2026-01-29,72.92854309082031,87.58280181884766,16.8799991607666,15.921499919891357,-0.009123699477846834
2026-01-30,74.29911804199219,87.30470275878906,17.440000534057617,16.04599995613098,0.4084313363850385
2026-02-02,74.8155746459961,85.7453384399414,16.34000015258789,16.137499952316283,0.7631525692493052
2026-02-03,76.36491394042969,88.21846771240234,18.0,16.29249997138977,0.8569173809001139
2026-02-04,76.82176971435547,89.36067962646484,18.639999389648438,16.48699994087219,0.8285294381123154
2026-02-05,77.9738540649414,88.60582733154297,21.770000457763672,16.80649995803833,1.2502290354558045
2026-02-06,78.49030303955078,88.86406707763672,20.3700008392334,17.052500009536743,1.358307015876189
2026-02-09,77.43754577636719,88.8740005493164,17.360000610351562,17.196000051498412,1.0652155780841503
2026-02-10,76.28546142578125,90.21485900878906,17.790000915527344,17.329500102996825,0.5639974375209578
2026-02-11,78.06324005126953,90.74127197265625,17.649999618530273,17.413000106811523,0.9852292179422786
2026-02-12,78.46051025390625,91.30741119384766,20.81999969482422,17.616500091552734,1.0184993417186878
2026-02-13,78.14269256591797,93.16474914550781,20.600000381469727,17.854500102996827,0.6783918154819805
2026-02-17,79.01667785644531,92.08212280273438,20.290000915527344,18.07600016593933,1.0675012428371145
2026-02-18,78.94715881347656,90.60221862792969,19.6200008392334,18.052500200271606,1.249052600026193
2026-02-19,78.37112426757812,91.01937103271484,20.229999542236328,18.21900019645691,1.0328142315434141
2026-02-20,79.29476928710938,91.55571746826172,19.09000015258789,18.391500186920165,1.215997806404419
2026-02-23,80.00984954833984,93.42298126220703,21.010000228881836,18.637500190734862,1.1607834160409904
2026-02-24,80.16876220703125,95.03201293945312,19.549999237060547,18.807500171661378,0.98648305496051
2026-02-25,79.92047119140625,94.46587371826172,17.93000030517578,18.88650016784668,0.9944985267817331
2026-02-26,79.95026397705078,91.36699676513672,18.6299991607666,19.000500106811522,1.4232592177800123
2026-02-27,81.00302124023438,93.7699966430664,19.860000610351562,19.149500179290772,1.3889258664586692
2026-03-02,79.67218017578125,92.70999908447266,21.440000534057617,19.34950017929077,1.1639560320654947
2026-03-03,78.79817962646484,92.58999633789062,23.56999969482422,19.711000156402587,0.9380340266844337
2026-03-04,77.566650390625,92.5999984741211,21.149999618530273,19.8685001373291,0.5953914024008695
2026-03-05,76.50395965576172,91.12999725341797,23.75,20.12400016784668,0.5003680097164215
2026-03-06,76.5138931274414,91.0199966430664,29.489999771118164,20.510000133514403,0.518047420412367
2026-03-09,77.26870727539062,92.01000213623047,25.5,20.766500091552736,0.5928844325354578
2026-03-10,77.34815216064453,91.54000091552734,24.93000030517578,21.145000076293947,0.6786776227702431
2026-03-11,77.09986114501953,91.66000366210938,24.229999542236328,21.467000007629395,0.5935865489272742
2026-03-12,77.08000183105469,91.7300033569336,27.290000915527344,21.949000072479247,0.5785844106606959
2026-03-13,77.33999633789062,92.77999877929688,27.190000534057617,22.267500114440917,0.5081550204785589
2026-03-16,77.81999969482422,92.81999969482422,23.510000228881836,22.413000106811523,0.6357471538541118
2026-03-17,77.58000183105469,92.52999877929688,22.3700008392334,22.517000102996825,0.6085900576416505
2026-03-18,75.97000122070312,90.95999908447266,25.09000015258789,22.79050006866455,0.3754637442419592
2026-03-19,75.55000305175781,92.41000366210938,24.059999465942383,22.982000064849853,0.06231303739913002
2026-03-20,74.75,89.5,26.780000686645508,23.366500091552734,0.23548871207176036
2026-03-23,75.11000061035156,90.2300033569336,26.149999618530273,23.623500061035156,0.23619489951118117
2026-03-24,74.66999816894531,91.62000274658203,26.950000762939453,23.9935001373291,-0.07435700750755961
2026-03-25,75.25,91.16000366210938,25.329999923706055,24.363500118255615,0.14879490003938567
2026-03-26,74.69000244140625,91.16000366210938,27.440000534057617,24.804000186920167,-0.006393440046974398
2026-03-27,75.70999908447266,91.4000015258789,31.049999237060547,25.363500118255615,0.24370464959669222
2026-03-30,76.2699966430664,92.05000305175781,30.610000610351562,25.822000122070314,0.31069054821539577
2026-03-31,76.05000305175781,92.87999725341797,25.25,25.9060001373291,0.13709852877885473
2026-04-01,76.08000183105469,92.8499984741211,24.540000915527344,26.075500202178954,0.14948259452781748
2026-04-02,76.72000122070312,93.1500015258789,23.8700008392334,26.081500244140624,0.28613216387889345
2026-04-06,77.22000122070312,92.7300033569336,24.170000076293945,25.815500259399414,0.48168575043246914
2026-04-07,75.91000366210938,93.66999816894531,25.780000686645508,25.82950029373169,-0.008898319223256294
2026-04-08,77.29000091552734,94.16999816894531,21.040000915527344,25.63500032424927,0.3056831237714637
2026-04-09,78.18000030517578,94.4800033569336,19.489999771118164,25.39800033569336,0.5102562568001472
2026-04-10,77.47000122070312,94.08000183105469,19.229999542236328,24.995000267028807,0.36777751240798323
2026-04-13,76.41000366210938,92.30000305175781,19.1200008392334,24.591500282287598,0.3155658112070931
2026-04-14,75.9000015258789,91.30999755859375,18.360000610351562,24.334000301361083,0.30857189794900397
2026-04-15,75.30999755859375,91.23999786376953,18.170000076293945,24.12400026321411,0.15456674530082573
2026-04-16,75.18000030517578,91.83000183105469,17.940000534057617,23.7665002822876,0.03848045667754397
2026-04-17,75.73999786376953,91.9800033569336,17.479999542236328,23.437500286102296,0.17331422792115592
2026-04-20,75.4800033569336,92.01000213623047,18.8700008392334,23.04200029373169,0.09719300004353634
2026-04-21,74.69999694824219,90.5999984741211,19.5,22.709500312805176,0.07236659143771335
2026-04-22,74.62999725341797,90.0,18.920000076293945,22.3080002784729,0.13438528902153377
2026-04-23,76.27999877929688,96.25,19.309999465942383,22.007000255584718,-0.25645934328386627
2026-04-24,76.62999725341797,95.27999877929688,18.709999084472656,21.57050018310547,-0.027841592193348263
2026-04-27,75.44000244140625,94.83000183105469,18.020000457763672,20.919000244140626,-0.2965541436249981
2026-04-28,78.3499984741211,96.51000213623047,17.829999923706055,20.28000020980835,0.28190450364451874
2026-04-29,78.87000274658203,94.16999816894531,18.809999465942383,19.95800018310547,0.7435383567666225
2026-04-30,78.76000213623047,97.87999725341797,16.889999389648438,19.575500106811525,0.20962354013706694
