Date,KO,PG,VIX,AvgVIX,zscore
2024-01-30,56.073490142822266,148.4744873046875,13.3100004196167,13.347500038146972,-1.8107361996699765
2024-01-31,55.6896858215332,148.14451599121094,14.350000381469727,13.405000066757202,-1.8817444492927196
2024-02-01,57.084495544433594,150.06771850585938,13.880000114440918,13.397000074386597,-1.6090926758307151
2024-02-02,56.672603607177734,149.04013061523438,13.850000381469727,13.383000087738036,-1.698873969263124
2024-02-05,56.20454788208008,149.1532745361328,13.670000076293945,13.399000072479248,-1.775076702089745
2024-02-06,56.110931396484375,149.86033630371094,13.0600004196167,13.39800009727478,-1.7765206025600453
2024-02-07,56.157737731933594,150.0111541748047,12.829999923706055,13.40150008201599,-1.7656317635301482
2024-02-08,56.00796127319336,149.55862426757812,12.789999961853027,13.406500101089478,-1.7998688767844526
2024-02-09,55.755210876464844,148.40847778320312,12.930000305175781,13.431000137329102,-1.8654359765778554
2024-02-12,55.886268615722656,148.11622619628906,13.930000305175781,13.492500162124633,-1.8493517315344772
2024-02-13,55.558624267578125,147.32432556152344,15.850000381469727,13.593000173568726,-1.9202551453898764
2024-02-14,55.5024528503418,146.720947265625,14.380000114440918,13.57250018119812,-1.9418375252188815
2024-02-15,55.60543441772461,148.02195739746094,14.010000228881836,13.566500186920166,-1.8983423983824874
2024-02-16,55.596065521240234,148.49330139160156,14.239999771118164,13.613500165939332,-1.8904115125828196
2024-02-20,56.822383880615234,149.4360809326172,15.420000076293945,13.725000190734864,-1.6657768090313152
2024-02-21,57.327884674072266,151.21788024902344,15.34000015258789,13.864500188827515,-1.5450949662313687
2024-02-22,57.24363708496094,151.36874389648438,14.539999961853027,13.934500169754028,-1.5561803339048619
2024-02-23,57.290443420410156,151.8118438720703,13.75,13.949500179290771,-1.5393993555502943
2024-02-26,56.83173751831055,151.04820251464844,13.739999771118164,13.973500156402588,-1.6317094970868238
2024-02-27,56.48537826538086,150.1808624267578,13.430000305175781,13.96500015258789,-1.7072718174676356
2024-02-28,56.54155349731445,150.88792419433594,13.84000015258789,13.99150013923645,-1.6835986342358047
2024-02-29,56.18582534790039,149.8414764404297,13.399999618530273,13.944000101089477,-1.7643425780903568
2024-03-01,55.72712326049805,149.75662231445312,13.109999656677246,13.905500078201294,-1.842968351559646
2024-03-04,55.98923873901367,150.42599487304688,13.489999771118164,13.887500047683716,-1.78552287599309
2024-03-05,55.7177619934082,150.19970703125,14.460000038146973,13.927000045776367,-1.8356058675918434
2024-03-06,55.74584197998047,150.43540954589844,14.5,13.999000024795532,-1.8261458671951951
2024-03-07,55.64287185668945,151.42530822753906,14.4399995803833,14.079500007629395,-1.8234564532225037
2024-03-08,55.7177619934082,151.17076110839844,14.739999771118164,14.17699999809265,-1.8160303074517883
2024-03-11,56.39176559448242,152.30206298828125,15.220000267028809,14.291499996185303,-1.6802073363841634
2024-03-12,56.635154724121094,152.66029357910156,13.84000015258789,14.286999988555909,-1.632174232942503
2024-03-13,57.21555709838867,153.00914001464844,13.75,14.181999969482423,-1.5278199054710748
2024-03-14,57.08816909790039,152.2549285888672,14.399999618530273,14.18299994468689,-1.5643845436710233
2024-03-15,56.50312805175781,152.1417999267578,14.40999984741211,14.202999925613403,-1.664764829649164
2024-03-18,56.739036560058594,151.98153686523438,14.329999923706055,14.207499933242797,-1.6284384340051345
2024-03-19,56.83338928222656,152.56602478027344,13.819999694824219,14.127499914169311,-1.6008346235602915
2024-03-20,57.32406997680664,152.71688842773438,13.039999961853027,14.012499904632568,-1.5155159839736663
2024-03-21,57.05985641479492,152.59432983398438,12.920000076293945,13.931499910354614,-1.5622899979711593
2024-03-22,57.078731536865234,152.40576171875,13.0600004196167,13.896999931335449,-1.562926376794573
2024-03-25,56.99380874633789,151.0198974609375,13.1899995803833,13.869499921798706,-1.6051039883057892
2024-03-26,57.125911712646484,151.3592987060547,13.239999771118164,13.859999895095825,-1.5761109374020155
2024-03-27,57.58827590942383,153.3013916015625,12.779999732971191,13.80699987411499,-1.459430869951366
2024-03-28,57.72981643676758,152.9619598388672,13.010000228881836,13.787499904632568,-1.442539979505436
2024-04-01,57.25801467895508,151.38758850097656,13.649999618530273,13.81449990272522,-1.5533896081735585
2024-04-02,56.757904052734375,151.378173828125,14.609999656677246,13.870499897003175,-1.637437977555342
2024-04-03,56.45594787597656,147.211181640625,14.329999923706055,13.863999891281129,-1.7720727495128386
2024-04-04,55.95583724975586,146.55125427246094,16.350000381469727,13.956499910354614,-1.869234858580833
2024-04-05,56.15399169921875,147.1640625,16.030000686645508,14.035999965667724,-1.8236546570661971
2024-04-08,55.92753601074219,147.1074676513672,15.1899995803833,14.058499956130982,-1.8627676600449394
2024-04-09,56.35215377807617,147.69198608398438,14.979999542236328,14.046499919891357,-1.7797843728641793
2024-04-10,55.59726333618164,148.23878479003906,15.800000190734863,14.144499921798706,-1.8953414843063847
2024-04-11,55.719932556152344,146.9188995361328,14.90999984741211,14.202499914169312,-1.901379979464666
2024-04-12,54.99336624145508,146.43814086914062,17.309999465942383,14.347999906539917,-2.032902314445077
2024-04-15,54.86125183105469,146.55125427246094,19.229999542236328,14.588999891281128,-2.052775003751225
2024-04-16,54.7857666015625,147.02264404296875,18.399999618530273,14.792499876022339,-2.0559295856155155
2024-04-17,55.21038818359375,147.97482299804688,18.209999084472656,15.01199984550476,-1.965533959646036
2024-04-18,55.587833404541016,149.243408203125,18.0,15.259999847412109,-1.8766704085960735
2024-04-19,56.776771545410156,150.04995727539062,18.709999084472656,15.549499797821046,-1.661049903589454
2024-04-22,57.135345458984375,152.32717895507812,16.940000534057617,15.743499803543092,-1.5550175076061832
2024-04-23,57.22026443481445,153.238037109375,15.6899995803833,15.868499803543092,-1.522416223406212
2024-04-24,58.07894515991211,154.28176879882812,15.970000267028809,16.004999828338622,-1.3573919164677335
2024-04-25,58.258235931396484,154.2343292236328,15.369999885559082,16.13449983596802,-1.3282847680765875
2024-04-26,58.258235931396484,153.03880310058594,15.029999732971191,16.235499811172485,-1.3523854789138614
2024-04-29,58.541316986083984,153.38986206054688,14.670000076293945,16.28649983406067,-1.2978414047305749
2024-04-30,58.28654479980469,154.85107421875,15.649999618530273,16.33849983215332,-1.3111049216129136
2024-05-01,58.43751907348633,155.0408477783203,15.390000343322754,16.391499853134157,-1.2819638858109816
2024-05-02,58.494140625,155.45834350585938,14.680000305175781,16.307999849319458,-1.2640532496414232
2024-05-03,58.66398620605469,156.046630859375,13.489999771118164,16.18099980354309,-1.2237141991339684
2024-05-06,58.83383560180664,156.0276641845703,13.489999771118164,16.095999813079835,-1.1956161935878276
2024-05-07,59.08860778808594,157.28012084960938,13.229999542236328,16.008499813079833,-1.1276476005416938
2024-05-08,59.305641174316406,156.62539672851562,13.0,15.868499803543092,-1.1044540681828543
2024-05-09,59.333946228027344,157.5457763671875,12.6899995803833,15.75749979019165,-1.0811538652612496
2024-05-10,59.6925163269043,158.31436157226562,12.550000190734863,15.519499826431275,-1.0055348374586202
2024-05-13,59.994476318359375,157.38450622558594,13.600000381469727,15.237999868392944,-0.973647200438842
2024-05-14,59.54153823852539,157.28012084960938,13.420000076293945,14.988999891281129,-1.0517001968896418
2024-05-15,59.56985092163086,157.9917449951172,12.449999809265137,14.700999927520751,-1.0326070340704059
2024-05-16,59.7491340637207,159.27267456054688,12.420000076293945,14.42199993133545,-0.976722460667062
2024-05-17,59.47549057006836,159.06394958496094,11.989999771118164,14.085999965667725,-1.0268147214164454
2024-05-20,59.04143142700195,158.75082397460938,12.149999618530273,13.846499919891357,-1.1059101084743796
2024-05-21,59.36225509643555,159.7376251220703,11.859999656677246,13.654999923706054,-1.032221370719866
2024-05-22,59.44717788696289,159.22525024414062,12.289999961853027,13.470999908447265,-1.0283105202844527
2024-05-23,58.588497161865234,157.02395629882812,12.770000457763672,13.340999937057495,-1.2166702212948828
2024-05-24,58.503578186035156,156.8721160888672,11.930000305175781,13.185999965667724,-1.2339703994427964
2024-05-28,58.33372116088867,154.7656707763672,12.920000076293945,13.098499965667724,-1.3049160418259365
2024-05-29,58.220497131347656,153.38037109375,14.279999732971191,13.02999997138977,-1.3518278253837666
2024-05-30,58.47526168823242,154.26280212402344,14.470000267028809,12.983999967575073,-1.2913198892712396
2024-05-31,59.381134033203125,156.12252807617188,12.920000076293945,12.895999956130982,-1.1019327924259443
2024-06-03,59.381134033203125,156.22689819335938,13.109999656677246,12.876999950408935,-1.0998287865277068
2024-06-04,60.334171295166016,158.46615600585938,13.15999984741211,12.860499954223632,-0.8948820592917892
2024-06-05,60.31529998779297,157.55528259277344,12.630000114440918,12.830499982833862,-0.9164087742971729
2024-06-06,60.53232955932617,159.85147094726562,12.579999923706055,12.809499979019165,-0.8337281908463213
2024-06-07,60.30586242675781,158.51364135742188,12.220000267028809,12.78600001335144,-0.8986716307911069
2024-06-10,60.003910064697266,158.7887725830078,12.739999771118164,12.795499992370605,-0.9437566266834011
2024-06-11,59.96615982055664,158.912109375,12.850000381469727,12.757999992370605,-0.9476002330870764
2024-06-12,59.333946228027344,156.72979736328125,12.039999961853027,12.68899998664856,-1.0976032540644913
2024-06-13,59.43775177001953,157.8968505859375,11.9399995803833,12.663499975204468,-1.056670411624741
2024-06-14,59.480533599853516,158.25741577148438,12.65999984741211,12.675499963760377,-1.0422280883171888
2024-06-17,59.547096252441406,158.9311065673828,12.75,12.713499975204467,-1.0174858700018057
2024-06-18,59.556610107421875,159.9368896484375,12.300000190734863,12.721000003814698,-0.9956149212317194
2024-06-20,59.12868881225586,159.09242248535156,13.279999732971191,12.792000007629394,-1.084392472287665
2024-06-21,59.68973922729492,159.65220642089844,13.199999809265137,12.8375,-0.9790307757811976
2024-06-24,60.83085632324219,159.83248901367188,13.329999923706055,12.86549997329712,-0.7840538645019184
2024-06-25,60.707237243652344,158.31436157226562,12.84000015258789,12.910999965667724,-0.8353863765113114
2024-06-26,60.90692901611328,158.88363647460938,12.550000190734863,12.892499971389771,-0.7904259885229258
2024-06-27,60.77379608154297,158.0961456298828,12.239999771118164,12.79049997329712,-0.8286248201784756
2024-06-28,60.52655792236328,156.48309326171875,12.4399995803833,12.688999938964844,-0.9025993859904534
2024-07-01,60.17470932006836,154.39564514160156,12.220000267028809,12.653999948501587,-1.0036784203794595
2024-07-02,60.05108642578125,155.5152587890625,12.029999732971191,12.599999952316285,-1.0018371294043609
2024-07-03,60.222259521484375,155.44886779785156,12.09000015258789,12.546499967575073,-0.9744731965254866
2024-07-05,60.63115310668945,156.75827026367188,12.479999542236328,12.538999938964844,-0.8795135434067856
2024-07-08,59.87041473388672,158.001220703125,12.369999885559082,12.528499937057495,-0.9820174553738993
2024-07-09,59.61365509033203,157.18524169921875,12.510000228881836,12.542999935150146,-1.0415203157900252
2024-07-10,59.746795654296875,158.2669219970703,12.850000381469727,12.548499965667725,-0.997389615112309
2024-07-11,60.003543853759766,157.07138061523438,12.920000076293945,12.551999950408936,-0.9784390808858652
2024-07-12,60.574100494384766,158.08663940429688,12.460000038146973,12.572999954223633,-0.8623014243686032
2024-07-15,60.298336029052734,156.16046142578125,13.119999885559082,12.631999969482422,-0.9473716081141601
2024-07-16,61.11612319946289,158.40924072265625,13.1899995803833,12.658499956130981,-0.7649116795130568
2024-07-17,62.010005950927734,160.77186584472656,14.479999542236328,12.744999933242799,-0.5673970120727926
2024-07-18,61.9909782409668,159.82301330566406,15.930000305175781,12.926499938964843,-0.5897155770415226
2024-07-19,62.08607482910156,160.3260498046875,16.520000457763672,13.088499975204467,-0.5636290209987125
2024-07-22,61.591590881347656,160.60289001464844,14.90999984741211,13.173999977111816,-0.6409632725555584
2024-07-23,61.772274017333984,159.04698181152344,14.720000267028809,13.243499994277954,-0.6420319973024249
2024-07-24,62.5805549621582,160.3642578125,18.040000915527344,13.503500032424927,-0.4799443257892139
2024-07-25,62.82780838012695,159.31422424316406,18.459999084472656,13.798999977111816,-0.45965257293345363
2024-07-26,63.75971984863281,161.4237823486328,16.389999389648438,14.00649995803833,-0.2608628471568896
2024-07-29,63.550506591796875,162.20652770996094,16.600000381469727,14.214499998092652,-0.2801643089141819
2024-07-30,64.35880279541016,154.35060119628906,17.690000534057617,14.488000011444091,-0.30299743346619296
2024-07-31,63.46491622924805,153.45333862304688,16.360000610351562,14.70450005531311,-0.4709723747025666
2024-08-01,64.62504577636719,158.15924072265625,18.59000015258789,15.029500055313111,-0.181575113395914
2024-08-02,65.9278335571289,162.3497314453125,23.389999389648438,15.575000047683716,0.12135286768947137
2024-08-05,64.7581787109375,160.42152404785156,38.56999969482422,16.885000038146973,-0.11364581710929691
2024-08-06,64.71064758300781,160.45016479492188,27.709999084472656,17.644999980926514,-0.12103846813067615
2024-08-07,65.10050964355469,162.29244995117188,27.850000381469727,18.394999980926514,-0.01852759554160799
2024-08-08,65.3572769165039,163.1038055419922,23.790000915527344,18.938500022888185,0.04088334040177009
2024-08-09,65.30972290039062,162.78878784179688,20.3700008392334,19.334000062942504,0.026559012184355232
2024-08-12,64.82474517822266,159.22833251953125,20.709999084472656,19.713500022888184,-0.12653759564199116
2024-08-13,65.10050964355469,159.6865234375,18.1200008392334,19.96000008583069,-0.07106068549963646
2024-08-14,65.21463012695312,161.12786865234375,16.190000534057617,20.045500135421754,-0.02286875794898395
2024-08-15,65.28119659423828,160.28787231445312,15.229999542236328,20.01050009727478,-0.028640445176631935
2024-08-16,65.78518676757812,160.2592315673828,14.800000190734863,19.92450008392334,0.05529128450187918
2024-08-19,65.59500122070312,160.76515197753906,14.649999618530273,19.91150007247925,0.03359985294988362
2024-08-20,65.97537231445312,162.66468811035156,15.880000114440918,19.969500064849854,0.13567340689946467
2024-08-21,66.15604400634766,162.4260711669922,16.270000457763672,19.88100004196167,0.16115814759185598
2024-08-22,65.9278335571289,162.41653442382812,17.549999237060547,19.835500049591065,0.12269955450562528
2024-08-23,66.3652572631836,161.4810791015625,15.859999656677246,19.809000062942506,0.17718886450763272
2024-08-26,67.36371612548828,162.60745239257812,16.149999618530273,19.786500024795533,0.3673171563704316
2024-08-27,67.99134063720703,161.5574493408203,15.430000305175781,19.67350001335144,0.45139017103424306
2024-08-28,68.22906494140625,161.37606811523438,17.110000610351562,19.71100001335144,0.4875953166067729
2024-08-29,68.51435089111328,162.30198669433594,15.649999618530273,19.56399998664856,0.5540977507253452
2024-08-30,68.91373443603516,163.74334716796875,15.0,19.144500017166138,0.6501229122358162
2024-09-03,69.42723083496094,166.5879364013672,20.719999313354492,18.25199999809265,0.7935703292022932
2024-09-04,68.99931335449219,167.9051971435547,21.31999969482422,17.932500028610228,0.7483718709542563
2024-09-05,67.67753601074219,167.49472045898438,19.899999618530273,17.534999990463255,0.518461337165758
2024-09-06,67.64900207519531,167.60928344726562,22.3799991607666,17.46449990272522,0.5159862500696261
2024-09-09,68.32416534423828,168.05789184570312,19.450000762939453,17.41849989891052,0.6382411994899418
2024-09-10,68.03888702392578,169.70928955078125,19.079999923706055,17.336999940872193,0.6236963786238999
2024-09-11,67.59196472167969,166.01516723632812,17.690000534057617,17.315499925613402,0.4742863017261454
2024-09-12,67.7345962524414,165.5856475830078,17.06999969482422,17.359499883651733,0.48954404238552107
2024-09-13,68.37129974365234,166.16790771484375,16.559999465942383,17.425999879837036,0.6080443505167044
2024-09-16,69.03192901611328,169.1842803955078,17.139999389648438,17.542999839782716,0.7796260129158277
2024-09-17,68.74468994140625,167.88609313964844,17.610000610351562,17.690999889373778,0.7052914833794183
2024-09-18,68.69683074951172,166.01516723632812,18.229999542236328,17.80849986076355,0.6595503000194457
2024-09-19,67.61490631103516,163.74334716796875,16.329999923706055,17.81149983406067,0.4323353384740931
2024-09-20,68.59149932861328,166.30152893066406,16.149999618530273,17.741499853134155,0.647661110663812
2024-09-23,68.67767333984375,165.8719940185547,15.890000343322754,17.742999887466432,0.6534517436387081
2024-09-24,68.29469299316406,165.36607360839844,15.390000343322754,17.704999923706055,0.5790346856088003
2024-09-25,68.40959167480469,164.43060302734375,15.40999984741211,17.70399990081787,0.5794426735973459
2024-09-26,68.3617172241211,165.33743286132812,15.369999885559082,17.616999864578247,0.589695941252837
2024-09-27,68.73512268066406,165.66200256347656,16.959999084472656,17.682499837875366,0.6588516171110644
2024-09-30,68.8021469116211,165.32791137695312,16.729999542236328,17.768999814987183,0.6633552718675373
2024-10-01,68.65853118896484,165.1751708984375,19.260000228881836,17.69599986076355,0.6361946712894782
2024-10-02,67.98831176757812,164.10609436035156,18.899999618530273,17.574999856948853,0.5022606375424638
2024-10-03,67.5191650390625,162.3878936767578,20.489999771118164,17.604499864578248,0.38895673656031576
2024-10-04,67.18405151367188,161.20425415039062,19.209999084472656,17.44599986076355,0.3089037936480807
2024-10-07,66.07342529296875,159.5242462158203,22.639999389648438,17.605499792099,0.08880650579902823
2024-10-08,66.2361831665039,160.51698303222656,21.420000076293945,17.722499799728393,0.1361104195659642
2024-10-09,66.60958099365234,161.5765380859375,20.860000610351562,17.88099980354309,0.2200814471365805
2024-10-10,66.30320739746094,161.2710723876953,20.93000030517578,18.07399983406067,0.1625507966371852
2024-10-11,66.60958099365234,163.3137969970703,20.459999084472656,18.268999814987183,0.25510299443659723
2024-10-14,67.3468246459961,164.6692657470703,19.700000762939453,18.396999883651734,0.4060490595257484
2024-10-15,67.3468246459961,165.68109130859375,20.639999389648438,18.548499822616577,0.4264465354202053
2024-10-16,67.56703186035156,164.54518127441406,19.579999923706055,18.615999841690062,0.44047198850008523
2024-10-17,66.92555236816406,164.44972229003906,19.110000610351562,18.75499987602234,0.33098430519127225
2024-10-18,67.44257354736328,164.45645141601562,18.030000686645508,18.8489999294281,0.41781409889339766
2024-10-21,66.49469757080078,162.78575134277344,18.3700008392334,18.97299995422363,0.22519441917750616
2024-10-22,66.49469757080078,162.9393768310547,18.200000762939453,19.11349997520447,0.22829136821017543
2024-10-23,65.11598205566406,162.8241729736328,19.239999771118164,19.30499997138977,-0.005214131837857185
2024-10-24,64.4361801147461,162.86256408691406,19.079999923706055,19.49049997329712,-0.11842943024263448
2024-10-25,64.07234954833984,161.51834106445312,20.329999923706055,19.65900001525879,-0.20653486431579118
2024-10-28,63.83298873901367,162.55532836914062,19.799999237060547,19.8125,-0.22576618484341587
2024-10-29,62.770225524902344,160.5101776123047,19.34000015258789,19.816499996185303,-0.4451987456407846
2024-10-30,63.114898681640625,159.54042053222656,20.350000381469727,19.889000034332277,-0.4069533450125123
2024-10-31,62.53085708618164,158.59947204589844,23.15999984741211,20.022500038146973,-0.523854131930871
2024-11-01,62.24363708496094,158.52264404296875,21.8799991607666,20.15600004196167,-0.5735639801666006
2024-11-04,62.33937454223633,158.50343322753906,21.979999542236328,20.123000049591063,-0.5578979903243242
2024-11-05,62.58831787109375,159.15635681152344,20.489999771118164,20.076500034332277,-0.5029928178117286
2024-11-06,60.98937225341797,154.63397216796875,16.270000457763672,19.84700002670288,-0.8622712390457117
2024-11-07,60.951080322265625,156.8999786376953,15.199999809265137,19.56050000190735,-0.8230114187976918
2024-11-08,61.20001220703125,161.02865600585938,14.9399995803833,19.28450002670288,-0.6980401547717043
2024-11-11,60.663841247558594,159.41558837890625,14.970000267028809,19.048000001907347,-0.8204632965487884
2024-11-12,60.510650634765625,159.233154296875,14.710000038146973,18.751500034332274,-0.8498280110788534
2024-11-13,60.319156646728516,159.94371032714844,14.020000457763672,18.473500061035157,-0.8676135755839468
2024-11-14,59.8883056640625,160.42376708984375,14.3100004196167,18.233500051498414,-0.9301811885035425
2024-11-15,59.1127815246582,162.78575134277344,16.139999389648438,18.13899998664856,-1.0126056826659335
2024-11-18,59.2276725769043,163.9475555419922,15.579999923706055,17.99949994087219,-0.9699198367385665
2024-11-19,59.92660903930664,163.95712280273438,16.350000381469727,17.906999921798707,-0.8525292638223175
2024-11-20,60.30958938598633,164.08197021484375,17.15999984741211,17.802999925613403,-0.7857942881465907
2024-11-21,61.046817779541016,165.86788940429688,16.8700008392334,17.692499971389772,-0.626173295337829
2024-11-22,61.20001220703125,169.25721740722656,15.239999771118164,17.437999963760376,-0.5321598991101298
2024-11-25,61.640438079833984,170.3230438232422,14.600000381469727,17.178000020980836,-0.43682318012180016
2024-11-26,61.80320739746094,172.16653442382812,14.100000381469727,16.916000032424925,-0.37236693090944706
2024-11-27,61.68830871582031,172.21453857421875,14.100000381469727,16.603500032424925,-0.3906654287002469
2024-11-29,61.81855010986328,172.11851501464844,13.510000228881836,16.121000051498413,-0.3707622912976028
2024-12-02,61.403724670410156,172.54098510742188,13.34000015258789,15.694000101089477,-0.43180363470360467
2024-12-03,61.2783088684082,168.43150329589844,13.300000190734863,15.260000133514405,-0.5356767501296968
2024-12-04,60.0145378112793,168.13385009765625,13.449999809265137,14.908000135421753,-0.7535863684114676
2024-12-05,60.69948196411133,169.01719665527344,13.539999961853027,14.77150011062622,-0.6209274370280906
2024-12-06,60.32324981689453,166.89524841308594,12.770000457763672,14.650000143051148,-0.7267905964529469
2024-12-09,60.390769958496094,163.98594665527344,14.1899995803833,14.612500143051147,-0.7741176720848487
2024-12-10,60.68983459472656,165.41661071777344,14.180000305175781,14.573000144958495,-0.6951296207252089
2024-12-11,60.42936706542969,163.8323516845703,13.579999923706055,14.51650013923645,-0.7707420408285217
2024-12-12,61.587013244628906,164.0435791015625,13.920000076293945,14.511500120162964,-0.5723697126382137
2024-12-13,60.89242172241211,164.24520874023438,13.8100004196167,14.486500120162964,-0.6847741898254818
2024-12-16,60.3425407409668,164.32200622558594,14.6899995803833,14.414000129699707,-0.7754300971093793
2024-12-17,61.16254425048828,163.54428100585938,15.869999885559082,14.428500127792358,-0.6536100896411047
2024-12-18,60.63195037841797,162.34410095214844,27.6200008392334,14.992000150680543,-0.7667746300565301
2024-12-19,60.246070861816406,162.44969177246094,24.09000015258789,15.338500165939331,-0.8293503151603997
2024-12-20,60.3425407409668,161.36471557617188,18.360000610351562,15.41300015449524,-0.8350463659882732
2024-12-23,60.17853927612305,161.41273498535156,16.780000686645508,15.490000200271606,-0.8615781136519665
2024-12-24,60.62230682373047,162.20965576171875,14.270000457763672,15.473500204086303,-0.7711019536625872
2024-12-26,60.36183547973633,163.3810577392578,14.729999542236328,15.505000162124634,-0.7911634132402383
2024-12-27,60.246070861816406,162.7761688232422,15.949999809265137,15.597500133514405,-0.8227688370611742
2024-12-30,59.84089279174805,160.43336486816406,17.399999618530273,15.792000102996827,-0.937937899212113
2024-12-31,60.06277084350586,160.9710693359375,17.350000381469727,15.992500114440919,-0.8898937456751442
2025-01-02,59.65760040283203,159.36756896972656,17.93000030517578,16.224000120162962,-0.9901578458130537
2025-01-03,59.57077407836914,158.55145263671875,16.1299991607666,16.358000087738038,-1.021169046061999
2025-01-06,58.66394805908203,154.20191955566406,16.040000915527344,16.483000135421754,-1.2609082846654651
2025-01-07,58.69288635253906,154.87403869628906,17.81999969482422,16.73550009727478,-1.2425066041556252
2025-01-08,59.53218460083008,155.64215087890625,17.700000762939453,16.911000156402586,-1.0862885886574678
2025-01-10,58.914772033691406,152.24317932128906,19.540000915527344,17.179000186920167,-1.2583365141281664
2025-01-13,59.474308013916016,152.5120391845703,19.190000534057617,17.459500217437743,-1.1590935207771327
2025-01-14,59.85054016113281,153.3761749267578,18.709999084472656,17.69900016784668,-1.0785867084580607
2025-01-15,59.590065002441406,153.28973388671875,16.1200008392334,17.814500188827516,-1.1240057699965567
2025-01-16,60.05312728881836,154.1059112548828,16.600000381469727,17.910000228881835,-1.0299060718742445
2025-01-17,60.49689483642578,154.71080017089844,15.970000267028809,17.915000247955323,-0.9433010981757007
2025-01-21,60.217124938964844,155.27731323242188,15.0600004196167,17.287000226974488,-0.9787925464083876
2025-01-22,59.59971237182617,158.17698669433594,15.100000381469727,16.837500238418578,-1.0238655615396228
2025-01-23,59.35853958129883,159.5308074951172,15.020000457763672,16.670500230789184,-1.0370136423020846
2025-01-24,59.73477554321289,158.54257202148438,14.850000381469727,16.574000215530397,-0.9938482961864655
2025-01-27,61.61595153808594,163.894287109375,17.899999618530273,16.755500173568727,-0.5705269276713504
2025-01-28,60.159244537353516,160.54222106933594,16.40999984741211,16.839500188827515,-0.8823622191900006
2025-01-29,60.61266326904297,160.5808563232422,16.559999465942383,16.870000171661378,-0.8055540892040295
2025-01-30,61.78960418701172,161.72076416015625,15.84000015258789,16.792000198364256,-0.5852250720715817
2025-01-31,61.23971939086914,160.34902954101562,16.43000030517578,16.74600019454956,-0.7050826985254256
2025-02-03,61.11430358886719,163.02487182617188,18.6200008392334,16.780500221252442,-0.6721698995003148
2025-02-04,60.45830535888672,162.4163055419922,17.209999084472656,16.834500217437743,-0.7944358584435184
2025-02-05,60.89242172241211,163.26637268066406,15.770000457763672,16.821000194549562,-0.7045066275983007
2025-02-06,61.12395477294922,163.1408233642578,15.5,16.70500020980835,-0.6682141116771647
2025-02-07,61.587013244628906,162.26173400878906,16.540000915527344,16.647000217437743,-0.6082900764930027
2025-02-10,62.2719612121582,161.83670043945312,15.8100004196167,16.46050019264221,-0.5020062495765175
2025-02-11,65.21431732177734,163.672119140625,16.020000457763672,16.302000188827513,0.02836854867895383
2025-02-12,66.28514099121094,163.81703186035156,15.890000343322754,16.16100025177002,0.21084562998731954
2025-02-13,67.0472640991211,165.20809936523438,15.100000381469727,16.110000228881837,0.366681121867868
2025-02-14,66.43950653076172,157.35435485839844,14.770000457763672,16.018500232696532,0.10644800767021301
2025-02-18,66.61315155029297,159.8080596923828,15.350000381469727,15.98750023841858,0.18502925482657706
2025-02-19,67.59715270996094,160.83203125,15.270000457763672,15.998000240325927,0.3706689532049411
2025-02-20,67.5682144165039,161.52757263183594,15.65999984741211,16.026000213623046,0.3798380552484591
2025-02-21,68.83197784423828,164.44493103027344,18.209999084472656,16.185500144958496,0.6505572498819004
2025-02-24,68.09879302978516,164.74440002441406,18.979999542236328,16.392000102996825,0.5336537989886927
2025-02-25,68.96703338623047,166.78268432617188,19.43000030517578,16.4685001373291,0.7203303345248077
2025-02-26,68.30138397216797,165.47857666015625,19.100000381469727,16.603000164031982,0.5824245877527995
2025-02-27,68.3689193725586,166.12579345703125,21.1299991607666,16.831500148773195,0.6067962249203877
2025-02-28,68.69691467285156,167.93226623535156,19.6299991607666,17.021000099182128,0.6982113309226946
2025-03-03,69.76774597167969,169.62278747558594,22.780000686645508,17.338500118255617,0.9118477426175841
2025-03-04,67.7129135131836,167.294677734375,23.510000228881836,17.583000087738036,0.5203607608126338
2025-03-05,67.60680389404297,168.6760711669922,21.93000030517578,17.819000148773192,0.5304159192837719
2025-03-06,67.973388671875,168.72438049316406,24.8700008392334,18.27400016784668,0.5928587473852946
2025-03-07,68.90914916992188,169.97055053710938,23.3700008392334,18.66750020980835,0.7748887667035934
2025-03-10,68.92845153808594,170.27000427246094,27.860000610351562,19.23350019454956,0.7841621017229189
2025-03-11,68.53292846679688,167.23670959472656,26.920000076293945,19.78900017738342,0.6566923302414758
2025-03-12,67.47174072265625,162.64813232421875,24.229999542236328,20.199500131607056,0.38625079709357024
2025-03-13,67.16304016113281,162.8606719970703,24.65999984741211,20.638000106811525,0.33877247439956126
2025-03-14,67.21162414550781,162.26173400878906,21.770000457763672,20.97150011062622,0.3348449987935419
2025-03-17,68.14458465576172,163.9908905029297,20.510000228881836,21.25850009918213,0.5261420801366781
2025-03-18,67.42542266845703,162.0105743408203,21.700000762939453,21.576000118255614,0.36563159856685645
2025-03-19,67.3282470703125,162.84136962890625,19.899999618530273,21.807500076293945,0.36608526026317983
2025-03-20,67.74613189697266,161.8560028076172,19.799999237060547,22.014500045776366,0.416292119786586
2025-03-21,66.73542785644531,161.02523803710938,19.280000686645508,22.06800012588501,0.23006975256659265
2025-03-24,67.00753021240234,160.02056884765625,17.479999542236328,21.99300012588501,0.25544268107347545
2025-03-25,66.8714828491211,157.3157501220703,17.149999618530273,21.879000091552733,0.1781035851652841
2025-03-26,68.04740142822266,160.91897583007812,18.329999923706055,21.84050006866455,0.4479194068952601
2025-03-27,68.74710845947266,162.97657775878906,18.690000534057617,21.7185001373291,0.606725690544548
2025-03-28,68.38753509521484,162.31971740722656,21.649999618530273,21.819500160217284,0.533190705787239
2025-03-31,69.6023178100586,164.62847900390625,22.280000686645508,21.794500160217286,0.7834280580098184
2025-04-01,69.84528350830078,164.7637176513672,21.770000457763672,21.707500171661376,0.8268948472641956
2025-04-02,69.32049560546875,163.73973083496094,21.510000228881836,21.68650016784668,0.7182557462680533
2025-04-03,71.11837005615234,166.5315399169922,30.020000457763672,21.944000148773192,1.0760037484203908
2025-04-04,67.95993041992188,158.1851348876953,45.310001373291016,23.041000175476075,0.3781405356596459
2025-04-07,66.44387817382812,154.78475952148438,46.97999954223633,23.99700012207031,0.055380358292594856
2025-04-08,66.49246978759766,153.00729370117188,52.33000183105469,25.26750020980835,0.02769612111307538
2025-04-09,67.97935485839844,156.8037567138672,33.619998931884766,25.73700017929077,0.3535503087750233
2025-04-10,68.76654815673828,158.00160217285156,40.720001220703125,26.540000247955323,0.5096943922700294
2025-04-11,69.41766357421875,161.23777770996094,37.560001373291016,27.32950029373169,0.6841117950432885
2025-04-14,70.40892791748047,163.38230895996094,30.889999389648438,27.84850025177002,0.8935588407674552
2025-04-15,69.83556365966797,162.7447509765625,30.1200008392334,28.269500255584717,0.7845645048873956
2025-04-16,69.66062927246094,160.7354278564453,32.63999938964844,28.906500244140624,0.714725384523121
2025-04-17,70.94344329833984,164.8313446044922,29.649999618530273,29.399000263214113,1.0123976406125492
2025-04-21,70.71991729736328,161.115234375,33.81999969482422,30.126000213623048,0.9000034119852106
2025-04-22,71.8180923461914,163.18569946289062,30.56999969482422,30.780500221252442,1.1258841449502492
2025-04-23,71.23500061035156,161.09579467773438,28.450000762939453,31.3455002784729,0.985980724680464
2025-04-24,70.47696685791016,155.06918334960938,26.469999313354492,31.75250024795532,0.7373826215584316
2025-04-25,69.8841552734375,156.5175018310547,24.84000015258789,32.06000022888183,0.6671767144841765
2025-04-28,69.76753234863281,157.3242950439453,25.149999618530273,32.23500022888184,0.66388558750574
2025-04-29,70.31175231933594,157.7228240966797,24.170000076293945,32.32950019836426,0.7631744035167181
2025-04-30,70.50611877441406,158.02415466308594,24.700000762939453,32.476000213623045,0.8018403297656387
2025-05-01,69.28162384033203,155.506591796875,24.600000381469727,32.63050022125244,0.5457651898603375
2025-05-02,69.63148498535156,156.031494140625,22.68000030517578,32.26350021362305,0.6150114766576605
2025-05-05,69.68006896972656,154.38873291015625,23.639999389648438,31.18000011444092,0.5900414812436447
2025-05-06,69.69950103759766,154.79698181152344,24.760000228881836,30.069000148773192,0.6015297751438834
2025-05-07,70.3603515625,154.8358917236328,23.549999237060547,28.630000019073485,0.7131256168536753
2025-05-08,69.16499328613281,154.21377563476562,22.479999542236328,28.073000049591066,0.5001465830586308
2025-05-09,68.53330993652344,153.25146484375,21.899999618530273,27.131999969482422,0.37482657961661753
2025-05-12,67.57120513916016,156.40084838867188,18.389999389648438,26.173499870300294,0.2769894781384018
2025-05-13,67.01725006103516,154.29151916503906,18.219999313354492,25.539999866485594,0.1415801154134373
2025-05-14,67.21162414550781,153.60137939453125,18.6200008392334,24.964999866485595,0.1602601877360089
2025-05-15,69.59259796142578,157.86865234375,17.829999923706055,24.224499893188476,0.6455263237375676
2025-05-16,69.97161865234375,158.7143096923828,17.239999771118164,23.603999900817872,0.7261282117458027
2025-05-19,69.90357971191406,160.16265869140625,18.139999389648438,22.81999988555908,0.7439168266334294
2025-05-20,69.67035675048828,161.00833129882812,18.09000015258789,22.195999908447266,0.7218579718499513
2025-05-21,69.82584381103516,160.80418395996094,20.8700008392334,21.816999912261963,0.7438146277598863
2025-05-22,69.13584899902344,160.41539001464844,20.280000686645508,21.507499980926514,0.6202785289221416
2025-05-23,69.74809265136719,161.22216796875,22.290000915527344,21.380000019073485,0.7392034833897987
2025-05-27,69.7578125,163.0690155029297,18.959999084472656,21.070499992370607,0.7780640616537142
2025-05-28,69.14556884765625,162.68023681640625,19.309999465942383,20.82749996185303,0.6675655892878611
2025-05-29,69.47598266601562,163.84666442871094,19.18000030517578,20.551499938964845,0.7464835086469039
2025-05-30,70.06879425048828,165.13949584960938,18.56999969482422,20.249999904632567,0.8719484852508501
2025-06-02,69.97161865234375,163.08848571777344,18.360000610351562,20.033999919891357,0.8143075911060847
2025-06-03,69.15528869628906,162.1844940185547,17.690000534057617,19.736499977111816,0.6592016936451789
2025-06-04,69.35935974121094,161.30966186523438,17.610000610351562,19.378999996185303,0.6757845236956577
2025-06-05,68.9123306274414,158.2477264404297,18.479999542236328,19.125500011444093,0.5391008448768031
2025-06-06,69.33992767333984,159.43360900878906,16.770000457763672,18.840000057220458,0.6347066474306367
2025-06-09,69.74809265136719,158.01443481445312,17.15999984741211,18.60300006866455,0.6745385231647388
2025-06-10,70.31175231933594,158.28660583496094,16.950000762939453,18.5310001373291,0.7745397266056223
2025-06-11,70.03964233398438,157.5770263671875,17.260000228881836,18.483000183105467,0.714607837129273
2025-06-12,70.20484161376953,158.61709594726562,18.020000457763672,18.453000164031984,0.7632753111659033
2025-06-13,69.50994873046875,155.79820251464844,20.81999969482422,18.60250015258789,0.5899293251890632
2025-06-16,69.02058410644531,156.3814239501953,19.110000610351562,18.696000194549562,0.5196298468089261
2025-06-17,68.13972473144531,154.08741760253906,21.600000381469727,18.869000244140626,0.3256822314710276
2025-06-18,67.73843383789062,153.60137939453125,20.139999389648438,18.971500205993653,0.248595666872798
2025-06-20,67.37629699707031,154.63174438476562,20.6200008392334,18.959000205993654,0.20864375462221452
2025-06-23,68.25716400146484,156.5272216796875,19.829999923706055,18.93650016784668,0.3945586688407267
2025-06-24,68.71717071533203,155.87596130371094,17.479999542236328,18.69600009918213,0.4585638085031246
2025-06-25,68.14950561523438,154.5248260498047,16.760000228881836,18.586000156402587,0.3361400439943519
2025-06-26,67.99291229248047,154.19435119628906,16.59000015258789,18.450000190734862,0.30322039660387046
2025-06-27,68.83462524414062,155.38995361328125,16.31999969482422,18.307000160217285,0.4684611209932326
2025-06-30,69.24568939208984,154.8650360107422,16.729999542236328,18.21500015258789,0.5268065229314014
2025-07-01,70.14613342285156,156.71192932128906,16.829999923706055,18.138500118255614,0.7150247054493973
2025-07-02,69.40229797363281,156.6924591064453,16.639999389648438,18.086000061035158,0.5899058333961409
2025-07-03,69.83293151855469,156.33282470703125,16.3799991607666,18.02449998855591,0.6548645908086658
2025-07-07,69.50016784667969,156.01205444335938,17.790000915527344,17.99000005722046,0.5926003249088234
2025-07-08,68.74653625488281,153.4750213623047,16.809999465942383,17.992000007629393,0.4150870752935789
2025-07-09,68.00270080566406,153.11537170410156,15.9399995803833,17.930999994277954,0.2831104974661534
2025-07-10,68.2865219116211,154.05824279785156,15.779999732971191,17.87249994277954,0.34970905365839805
2025-07-11,68.38440704345703,152.6585235595703,16.399999618530273,17.829499912261962,0.33790538124393604
2025-07-14,67.99291229248047,149.46051025390625,17.200000762939453,17.788499927520753,0.20779050218110814
2025-07-15,67.88524627685547,148.41070556640625,17.3799991607666,17.61649990081787,0.1685739583036686
2025-07-16,67.79715728759766,149.4313507080078,17.15999984741211,17.5189998626709,0.1743784621271785
2025-07-17,69.0890884399414,151.26849365234375,16.520000457763672,17.264999866485596,0.42804466897923055
2025-07-18,68.36483001708984,151.7940673828125,16.40999984741211,17.07849988937378,0.3171960601764893
2025-07-21,68.58014678955078,151.72555541992188,16.649999618530273,16.879999828338622,0.3519192504360677
2025-07-22,68.17887878417969,154.94541931152344,16.5,16.71349983215332,0.34954411327729074
2025-07-23,67.68949890136719,154.90626525878906,15.369999885559082,16.60799984931946,0.26669555691988744
2025-07-24,67.63077545166016,155.4249725341797,15.390000343322754,16.539499855041505,0.26730546876973027
2025-07-25,67.69927978515625,154.92584228515625,14.930000305175781,16.4564998626709,0.2687302709766233
2025-07-28,66.64224243164062,153.76121520996094,15.029999732971191,16.391999864578246,0.06800837315469198
2025-07-29,67.90481567382812,153.27186584472656,15.979999542236328,16.354499864578248,0.2698518914354623
2025-07-30,67.28821563720703,149.62136840820312,15.479999542236328,16.28699984550476,0.0928696799546227
2025-07-31,66.44650268554688,147.2627410888672,16.719999313354492,16.290999841690063,-0.09581656045282488
2025-08-01,67.39588165283203,147.4389190673828,20.3799991607666,16.490999841690062,0.06692694526219713
2025-08-04,67.49374389648438,147.5465545654297,17.520000457763672,16.47749981880188,0.08550632481887092
2025-08-05,67.58184051513672,147.3018798828125,17.850000381469727,16.52949986457825,0.0953459535015893
2025-08-06,68.03205871582031,149.60179138183594,16.770000457763672,16.570999908447266,0.21720267471255578
2025-08-07,68.9324951171875,150.21836853027344,16.56999969482422,16.610499906539918,0.38061753179655466
2025-08-08,68.84440612792969,150.23794555664062,15.149999618530273,16.547999906539918,0.36624141998266446
2025-08-11,69.24568939208984,151.67660522460938,16.25,16.500499868392943,0.4625306807562354
2025-08-12,69.20654296875,151.7842559814453,14.729999542236328,16.367999887466432,0.45813674685400685
2025-08-13,68.96186065673828,152.0974578857422,14.489999771118164,16.234499883651733,0.4234222661940551
2025-08-14,68.07120513916016,150.4630584716797,14.829999923706055,16.149999856948853,0.24112910430663131
2025-08-15,68.43333435058594,151.06982421875,15.09000015258789,16.08399987220764,0.314082792351698
2025-08-18,67.6601333618164,152.40084838867188,14.989999771118164,16.000999879837035,0.21126463391054792
2025-08-19,68.63887023925781,155.02371215820312,15.569999694824219,15.954499864578247,0.4282538186150367
2025-08-20,69.1967544555664,156.1100616455078,15.6899995803833,15.970499849319458,0.5436996856190185
2025-08-21,69.1576156616211,155.34666442871094,16.600000381469727,16.030999851226806,0.5217475022566537
2025-08-22,68.63887023925781,155.28794860839844,14.220000267028809,15.995499849319458,0.43358058325535714
2025-08-25,67.46438598632812,152.82167053222656,14.789999961853027,15.98349986076355,0.18692509156606577
2025-08-26,67.26864624023438,152.6455078125,14.619999885559082,15.915499877929687,0.1505521608635335
2025-08-27,67.36651611328125,153.61441040039062,14.850000381469727,15.883999919891357,0.1864951748228023
2025-08-28,66.90650939941406,152.3323211669922,14.430000305175781,15.769499969482421,0.08351547911795486
2025-08-29,67.52310943603516,153.69268798828125,15.359999656677246,15.518499994277954,0.21433075649894637
2025-09-02,67.59162139892578,154.62245178222656,17.170000076293945,15.500999975204468,0.24456203220411274
2025-09-03,67.52310943603516,154.79861450195312,16.350000381469727,15.425999975204467,0.23662522133703126
2025-09-04,66.7988510131836,155.796875,15.300000190734863,15.352499961853027,0.13530554451025795
2025-09-05,66.51500701904297,156.60919189453125,15.180000305175781,15.282999992370605,0.10408613148786405
2025-09-08,65.99628448486328,155.62071228027344,15.109999656677246,15.280999994277954,-0.002820135498312438
2025-09-09,66.41714477539062,156.06112670898438,15.039999961853027,15.220499992370605,0.07662809312318362
2025-09-10,66.37799072265625,153.99609375,15.350000381469727,15.251500034332276,0.02843356766571859
2025-09-11,66.1822509765625,155.2488250732422,14.710000038146973,15.262500047683716,0.020865831164151357
2025-09-12,65.58522033691406,154.5343780517578,14.760000228881836,15.259000062942505,-0.09364689749853675
2025-09-15,65.29920196533203,153.4871826171875,15.6899995803833,15.289000034332275,-0.16271697440420083
2025-09-16,65.32878875732422,154.68118286132812,16.360000610351562,15.357500076293945,-0.13368590892556265
2025-09-17,66.11778259277344,156.91258239746094,15.720000267028809,15.365000104904174,0.04359559158758452
2025-09-18,65.54576110839844,153.9667510986328,15.699999809265137,15.365500116348267,-0.1117062622726457
2025-09-19,65.51617431640625,152.71400451660156,15.449999809265137,15.308000087738037,-0.1419216000770478
2025-09-22,65.29920196533203,149.8073272705078,16.100000381469727,15.402000093460083,-0.23689948528677232
2025-09-23,65.79232025146484,149.24948120117188,16.639999389648438,15.494500064849854,-0.16545904850687168
2025-09-24,65.53589630126953,149.1711883544922,16.18000030517578,15.572500085830688,-0.2100345430650694
2025-09-25,65.07237243652344,148.9069366455078,16.739999771118164,15.66700005531311,-0.2930853232731916
2025-09-26,64.7666244506836,149.24948120117188,15.289999961853027,15.710000038146973,-0.33744777863214215
2025-09-29,65.13153839111328,150.2575225830078,16.1200008392334,15.74800009727478,-0.2559377980765909
2025-09-30,65.40768432617188,150.37496948242188,16.280000686645508,15.703500127792358,-0.20726601016144514
2025-10-01,65.86135864257812,149.91497802734375,16.290000915527344,15.70050015449524,-0.14046688113415806
2025-10-02,65.19071197509766,148.80908203125,16.6299991607666,15.767000102996827,-0.2752148020556463
2025-10-03,65.73314666748047,149.02438354492188,16.649999618530273,15.84050006866455,-0.17991904085838004
2025-10-06,65.19071197509766,147.20401000976562,16.3700008392334,15.903500127792359,-0.30757158282109565
2025-10-07,65.87122344970703,149.2886199951172,17.239999771118164,16.013500118255614,-0.1514395535327937
2025-10-08,65.21044158935547,147.47805786132812,16.299999237060547,16.061000061035156,-0.2987387664829996
2025-10-09,65.4570083618164,147.3704071044922,16.43000030517578,16.147000074386597,-0.25956457666054095
2025-10-10,66.11778259277344,146.49937438964844,21.65999984741211,16.49200005531311,-0.16632513724189205
2025-10-13,65.88108825683594,144.34628295898438,19.030000686645508,16.65900011062622,-0.249418406681202
2025-10-14,66.5813217163086,145.9806671142578,20.809999465942383,16.881500053405762,-0.09905553391435809
2025-10-15,66.15723419189453,144.2777557373047,20.639999389648438,17.127500009536742,-0.20449568658590023
2025-10-16,66.66021728515625,146.41128540039062,25.309999465942383,17.607999992370605,-0.07714545049998602
2025-10-17,67.49852752685547,148.17291259765625,20.780000686645508,17.874500036239624,0.09893524804940572
2025-10-20,67.49852752685547,148.7209930419922,18.229999542236328,17.980999994277955,0.10998404744397018
2025-10-21,70.24028015136719,148.38821411132812,17.8700008392334,18.042500066757203,0.5630127650074718
2025-10-22,69.8359146118164,148.9558563232422,18.600000381469727,18.1635000705719,0.5066518750701636
2025-10-23,68.97789001464844,148.96566772460938,17.299999237060547,18.19150004386902,0.3629760507475418
2025-10-24,68.75105285644531,150.28330993652344,16.3700008392334,18.245500087738037,0.3515024424365902
2025-10-27,69.09623718261719,149.54417419433594,15.789999961853027,18.229000043869018,0.3944826707719433
2025-10-28,69.19486999511719,149.1795196533203,16.420000076293945,18.23600001335144,0.40367032506402634
2025-10-29,67.40975952148438,146.6171417236328,16.920000076293945,18.26749997138977,0.05268770904614636
2025-10-30,68.03109741210938,147.41542053222656,16.90999984741211,18.281500005722044,0.17296625092204254
2025-10-31,67.95220184326172,148.19398498535156,17.440000534057617,18.321000051498412,0.1754321832102823
2025-11-03,67.03498840332031,145.8780059814453,17.170000076293945,18.36100001335144,-0.025054232411728692
2025-11-04,67.71549987792969,145.040283203125,19.0,18.44900002479553,0.07216624693230972
2025-11-05,67.56756591796875,143.6802520751953,18.010000228881836,18.534500074386596,0.019943691172135163
2025-11-06,68.10999298095703,144.01535034179688,19.5,18.68800005912781,0.11765316580704692
2025-11-07,69.57949829101562,144.85304260253906,19.079999923706055,18.559000062942506,0.3809470078112917
2025-11-10,69.54991149902344,143.3944549560547,17.600000381469727,18.487500047683717,0.34658210281869783
2025-11-11,70.62491607666016,146.3904571533203,17.280000686645508,18.311000108718872,0.5872355896484793
2025-11-12,70.52629852294922,145.86813354492188,17.510000228881836,18.15450015068054,0.5601698274512057
2025-11-13,70.09234619140625,145.81886291503906,20.0,17.889000177383423,0.48641142511586877
2025-11-14,70.18111419677734,145.53305053710938,19.829999923706055,17.84150013923645,0.4955343337304792
2025-11-17,69.70771026611328,143.7098388671875,22.3799991607666,18.049000120162965,0.3793996596176073
2025-11-18,70.24028015136719,144.8629150390625,24.690000534057617,18.390000104904175,0.4919459669528605
2025-11-19,70.13179779052734,144.8629150390625,23.65999984741211,18.643000078201293,0.47375563852641583
2025-11-20,70.23041534423828,146.0455322265625,26.420000076293945,19.099000120162962,0.5141323140620606
2025-11-21,71.94647979736328,148.73602294921875,23.43000030517578,19.452000093460082,0.856119925919765
2025-11-24,71.5914306640625,144.85304260253906,20.520000457763672,19.688500118255615,0.7183079423834045
2025-11-25,71.61116027832031,146.34120178222656,18.559999465942383,19.795500087738038,0.7516161302581983
2025-11-26,71.87744903564453,146.1046600341797,17.190000534057617,19.809000110626222,0.7914989793795199
2025-11-28,72.11415100097656,146.01597595214844,16.350000381469727,19.7810001373291,0.8294013885618318
2025-12-01,71.45864868164062,145.306396484375,17.239999771118164,19.771000099182128,0.7051822507497558
2025-12-02,70.18739318847656,143.74925231933594,16.59000015258789,19.742000102996826,0.4606274583506147
2025-12-03,70.32643127441406,144.5869598388672,16.079999923706055,19.596000099182127,0.5008287882588978
2025-12-04,69.9688949584961,143.25648498535156,15.779999732971191,19.484500074386595,0.41405592494962173
2025-12-05,69.52196502685547,141.37411499023438,15.40999984741211,19.280000066757204,0.30116783488428245
2025-12-08,69.770263671875,136.33807373046875,16.65999984741211,19.159000062942503,0.24128058995387366
2025-12-09,69.6113510131836,137.60940551757812,16.93000030517578,19.12550005912781,0.24026298986200356
2025-12-10,69.73052978515625,137.79666137695312,15.770000457763672,19.050000047683717,0.2640217996034282
2025-12-11,68.63804626464844,138.72305297851562,14.850000381469727,18.91700005531311,0.09950930641073882
2025-12-12,70.03841400146484,140.77294921875,15.739999771118164,18.70400004386902,0.37564707734385555
2025-12-15,70.48534393310547,143.02981567382812,16.5,18.537500047683714,0.49608467278353124
2025-12-16,69.88944244384766,143.10865783691406,16.479999542236328,18.242500066757202,0.39775326296508584
2025-12-17,70.18739318847656,145.67103576660156,17.6200008392334,17.88900008201599,0.49936885116632884
2025-12-18,69.87950897216797,143.4141845703125,16.8700008392334,17.549500131607054,0.40224675677327254
2025-12-19,69.58155822753906,142.36952209472656,14.90999984741211,16.974000120162962,0.33122692100890855
2025-12-22,69.73052978515625,140.6251220703125,14.079999923706055,16.50650010108948,0.32104097465208187
2025-12-23,69.39286041259766,141.1080322265625,14.0,16.180500078201295,0.2741555812058541
2025-12-24,69.63121795654297,142.3990936279297,13.470000267028809,15.926000118255615,0.3401500021930094
2025-12-26,69.39286041259766,142.6454620361328,13.600000381469727,15.74650011062622,0.30514875697906724
2025-12-29,69.68087768554688,142.47793579101562,14.199999809265137,15.639000082015992,0.3500663341147413
2025-12-30,69.59149169921875,141.9654541015625,14.329999923706055,15.493500089645385,0.3247469257254526
2025-12-31,69.43258666992188,141.2361602783203,14.949999809265137,15.411500072479248,0.28339982637304206
2026-01-02,68.64797973632812,139.73814392089844,14.510000228881836,15.333000087738037,0.12163825448569562
2026-01-05,67.47603607177734,138.33868408203125,14.899999618530273,15.289000082015992,-0.10308515336728759
2026-01-06,67.37671661376953,137.88536071777344,14.75,15.256000089645386,-0.1288776292397561
2026-01-07,67.07876586914062,136.04241943359375,15.380000114440918,15.192000102996825,-0.2159900340936281
2026-01-08,68.89627075195312,139.48190307617188,15.449999809265137,15.118000078201295,0.1581061255236505
2026-01-09,70.02848815917969,139.81698608398438,14.489999771118164,15.054000043869019,0.3547113709720075
2026-01-12,70.0185546875,141.38400268554688,15.119999885559082,15.067500019073487,0.38463534425754203
2026-01-13,70.75350189208984,142.15269470214844,15.979999542236328,15.079500007629395,0.5233674597433422
2026-01-14,70.95214080810547,144.23216247558594,16.75,15.092000007629395,0.5985954087617268
2026-01-15,69.99869537353516,142.5370635986328,15.84000015258789,15.060000038146972,0.40454998449159496
2026-01-16,69.95896911621094,142.43849182128906,15.859999656677246,14.971999979019165,0.39590156672570875
2026-01-20,71.26001739501953,144.8727569580078,20.09000015258789,15.13299994468689,0.6631339699453289
2026-01-21,71.51824188232422,143.94635009765625,16.899999618530273,15.232499933242797,0.6877575534689254
2026-01-22,71.37920379638672,147.76034545898438,15.640000343322754,15.310499954223634,0.741330289949748
2026-01-23,72.3823013305664,149.02780151367188,16.09000015258789,15.414999961853027,0.935080493777019
2026-01-26,72.06448364257812,148.3727569580078,16.149999618530273,15.548999929428101,0.8685837079689122
2026-01-27,73.0477294921875,147.23133850097656,16.350000381469727,15.6864999294281,1.0104444779861403
2026-01-28,72.56106567382812,146.2388153076172,16.350000381469727,15.79399995803833,0.908832303440964
2026-01-29,72.92854309082031,148.77967834472656,16.8799991607666,15.921499919891357,1.021672407498461
2026-01-30,74.29911804199219,150.63571166992188,17.440000534057617,16.04599995613098,1.288906423767723
2026-02-02,74.8155746459961,152.0450897216797,16.34000015258789,16.137499952316283,1.4039176661634276
2026-02-03,76.36491394042969,154.1591796875,18.0,16.29249997138977,1.706329083006731
2026-02-04,76.82176971435547,155.6975860595703,18.639999389648438,16.48699994087219,1.813947547502003
2026-02-05,77.9738540649414,157.42459106445312,21.770000457763672,16.80649995803833,2.041943954784862
2026-02-06,78.49030303955078,157.9803924560547,20.3700008392334,17.052500009536743,2.139746594791527
2026-02-09,77.43754577636719,156.15415954589844,17.360000610351562,17.196000051498412,1.92640501554584
2026-02-10,76.28546142578125,157.8910675048828,17.790000915527344,17.329500102996825,1.7682379186379713
2026-02-11,78.06324005126953,158.80419921875,17.649999618530273,17.413000106811523,2.084743837908812
2026-02-12,78.46051025390625,160.00515747070312,20.81999969482422,17.616500091552734,2.175568345625308
2026-02-13,78.14269256591797,158.87368774414062,20.600000381469727,17.854500102996827,2.0994672650568624
2026-02-17,79.01667785644531,158.35755920410156,20.290000915527344,18.07600016593933,2.235612489916341
2026-02-18,78.94715881347656,155.6876678466797,19.6200008392334,18.052500200271606,2.1701329702645853
2026-02-19,78.37112426757812,157.3749542236328,20.229999542236328,18.21900019645691,2.1075576117098813
2026-02-20,79.29476928710938,159.578369140625,19.09000015258789,18.391500186920165,2.306853286145331
2026-02-23,80.00984954833984,163.93556213378906,21.010000228881836,18.637500190734862,2.5145950019555814
2026-02-24,80.16876220703125,164.04473876953125,19.549999237060547,18.807500171661378,2.543442386496471
2026-02-25,79.92047119140625,162.16885375976562,17.93000030517578,18.88650016784668,2.4639928125101687
2026-02-26,79.95026397705078,162.5261688232422,18.6299991607666,19.000500106811522,2.476191612668454
2026-02-27,81.00302124023438,165.95037841796875,19.860000610351562,19.149500179290772,2.7217469371908924
2026-03-02,79.67218017578125,162.2879638671875,21.440000534057617,19.34950017929077,2.424760511500361
2026-03-03,78.79817962646484,158.5262908935547,23.56999969482422,19.711000156402587,2.2023761705066387
2026-03-04,77.566650390625,157.11691284179688,21.149999618530273,19.8685001373291,1.9674615085950082
2026-03-05,76.50395965576172,152.83912658691406,23.75,20.12400016784668,1.7030332158854589
2026-03-06,76.5138931274414,152.4818115234375,29.489999771118164,20.510000133514403,1.6974957168113893
2026-03-09,77.26870727539062,154.05992126464844,25.5,20.766500091552736,1.855876241914554
2026-03-10,77.34815216064453,154.84400939941406,24.93000030517578,21.145000076293947,1.885004062897797
2026-03-11,77.09986114501953,152.17413330078125,24.229999542236328,21.467000007629395,1.7895483563216072
2026-03-12,77.08000183105469,149.3751983642578,27.290000915527344,21.949000072479247,1.7297943825743918
2026-03-13,77.33999633789062,149.52407836914062,27.190000534057617,22.267500114440917,1.7763915606829903
2026-03-16,77.81999969482422,150.98309326171875,23.510000228881836,22.413000106811523,1.8862909537541974
2026-03-17,77.58000183105469,150.34786987304688,22.3700008392334,22.517000102996825,1.833242577049297
2026-03-18,75.97000122070312,145.613525390625,25.09000015258789,22.79050006866455,1.4678375379436197
2026-03-19,75.55000305175781,143.7574920654297,24.059999465942383,22.982000064849853,1.3599962905022958
2026-03-20,74.75,143.20169067382812,26.780000686645508,23.366500091552734,1.2146472867360667
2026-03-23,75.11000061035156,142.9138641357422,26.149999618530273,23.623500061035156,1.2692098903347697
2026-03-24,74.66999816894531,142.09005737304688,26.950000762939453,23.9935001373291,1.1788230667259885
2026-03-25,75.25,142.84437561035156,25.329999923706055,24.363500118255615,1.291284170962106
2026-03-26,74.69000244140625,141.3555908203125,27.440000534057617,24.804000186920167,1.1673712117674544
2026-03-27,75.70999908447266,141.6434326171875,31.049999237060547,25.363500118255615,1.3442069335964733
2026-03-30,76.2699966430664,143.63839721679688,30.610000610351562,25.822000122070314,1.4783240137943796
2026-03-31,76.05000305175781,143.36048889160156,25.25,25.9060001373291,1.4358330988012427
2026-04-01,76.08000183105469,143.0131072998047,24.540000915527344,26.075500202178954,1.4338604013321254
2026-04-02,76.72000122070312,142.05035400390625,23.8700008392334,26.081500244140624,1.521767311336128
2026-04-06,77.22000122070312,141.70297241210938,24.170000076293945,25.815500259399414,1.5986044452463413
2026-04-07,75.91000366210938,140.24395751953125,25.780000686645508,25.82950029373169,1.3495315773045744
2026-04-08,77.29000091552734,143.81704711914062,21.040000915527344,25.63500032424927,1.6529598064107984
2026-04-09,78.18000030517578,145.56390380859375,19.489999771118164,25.39800033569336,1.8374099843247416
2026-04-10,77.47000122070312,144.0751190185547,19.229999542236328,24.995000267028807,1.688344760751981
2026-04-13,76.41000366210938,142.5069122314453,19.1200008392334,24.591500282287598,1.4789906984980488
2026-04-14,75.9000015258789,143.3009490966797,18.360000610351562,24.334000301361083,1.4094805667308932
2026-04-15,75.30999755859375,142.30841064453125,18.170000076293945,24.12400026321411,1.2905400025418516
2026-04-16,75.18000030517578,142.04043579101562,17.940000534057617,23.7665002822876,1.2633399282813687
2026-04-17,75.73999786376953,145.83187866210938,17.479999542236328,23.437500286102296,1.4336723638042985
2026-04-20,75.4800033569336,143.41012573242188,18.8700008392334,23.04200029373169,1.341256150816744
2026-04-21,74.69999694824219,141.25634765625,19.5,22.709500312805176,1.1670464400187672
2026-04-22,74.62999725341797,141.78237915039062,18.920000076293945,22.3080002784729,1.1659131999836916
2026-04-23,76.27999877929688,144.62100219726562,19.309999465942383,22.007000255584718,1.4998095883291245
2026-04-24,76.62999725341797,148.17999267578125,18.709999084472656,21.57050018310547,1.6302433382700232
2026-04-27,75.44000244140625,148.39999389648438,18.020000457763672,20.919000244140626,1.4351399635701045
2026-04-28,78.3499984741211,149.1699981689453,17.829999923706055,20.28000020980835,1.9386108439543932
2026-04-29,78.87000274658203,146.4600067138672,18.809999465942383,19.95800018310547,1.9711742460999617
2026-04-30,78.76000213623047,147.08999633789062,16.889999389648438,19.575500106811525,1.9654293508893674
