Date,PEP,AVGO,VIX,AvgVIX,zscore
2024-01-30,156.6417999267578,117.89543151855469,13.3100004196167,13.347500038146972,0.16241475669158123
2024-01-31,155.63519287109375,115.14751434326172,14.350000381469727,13.405000066757202,0.05763228209187152
2024-02-01,158.56263732910156,117.10012817382812,13.880000114440918,13.397000074386597,0.3361531415490078
2024-02-02,157.8885040283203,119.47431182861328,13.850000381469727,13.383000087738036,0.28427138324606765
2024-02-05,157.84231567382812,121.30496215820312,13.670000076293945,13.399000072479248,0.28795616907482247
2024-02-06,158.30404663085938,119.30941772460938,13.0600004196167,13.39800009727478,0.3218879815510539
2024-02-07,158.3502197265625,122.66722869873047,12.829999923706055,13.40150008201599,0.3407210414394762
2024-02-08,160.5481414794922,124.3944320678711,12.789999961853027,13.406500101089478,0.5509677677419407
2024-02-09,154.84100341796875,125.241455078125,12.930000305175781,13.431000137329102,0.02818151047750912
2024-02-12,157.55606079101562,123.4420166015625,13.930000305175781,13.492500162124633,0.27082557061260737
2024-02-13,155.9584197998047,122.1393051147461,15.850000381469727,13.593000173568726,0.11779494664860171
2024-02-14,154.7024688720703,123.1707534790039,14.380000114440918,13.57250018119812,0.006414830483853959
2024-02-15,155.01644897460938,123.4488754272461,14.010000228881836,13.566500186920166,0.0365854639917567
2024-02-16,153.5942840576172,121.5372085571289,14.239999771118164,13.613500165939332,-0.10290115831435671
2024-02-20,155.74600219726562,119.68997955322266,15.420000076293945,13.725000190734864,0.08756950051418586
2024-02-21,155.9122314453125,119.77780151367188,15.34000015258789,13.864500188827515,0.10328470881885195
2024-02-22,155.3765869140625,127.3355712890625,14.539999961853027,13.934500169754028,0.08667612531733529
2024-02-23,156.62332153320312,126.5031967163086,13.75,13.949500179290771,0.19807010214876972
2024-02-26,155.38583374023438,127.74832153320312,13.739999771118164,13.973500156402588,0.08932055307839072
2024-02-27,155.29348754882812,126.48951721191406,13.430000305175781,13.96500015258789,0.0753384218822887
2024-02-28,154.2499542236328,125.82500457763672,13.84000015258789,13.99150013923645,-0.023807855393150924
2024-02-29,153.8544921875,126.90523529052734,13.399999618530273,13.944000101089477,-0.05559929936091208
2024-03-01,153.1565704345703,136.5347137451172,13.109999656677246,13.905500078201294,-0.0781856141729516
2024-03-04,153.88238525390625,136.83621215820312,13.489999771118164,13.887500047683716,-0.009923278646385366
2024-03-05,150.7837371826172,131.02908325195312,14.460000038146973,13.927000045776367,-0.3209666279140675
2024-03-06,151.6770477294922,131.73655700683594,14.5,13.999000024795532,-0.23549138868960243
2024-03-07,151.77938842773438,137.29974365234375,14.4399995803833,14.079500007629395,-0.20190517721265894
2024-03-08,151.7235565185547,127.70834350585938,14.739999771118164,14.17699999809265,-0.2486846036067762
2024-03-11,153.286865234375,126.18605041503906,15.220000267028809,14.291499996185303,-0.11108225081999218
2024-03-12,153.1100311279297,126.06504821777344,13.84000015258789,14.286999988555909,-0.12791972915810546
2024-03-13,153.81729125976562,122.74626159667969,13.75,14.181999969482423,-0.07708196142235546
2024-03-14,153.33338928222656,123.17562866210938,14.399999618530273,14.18299994468689,-0.11985658084399901
2024-03-15,153.2217254638672,120.56334686279297,14.40999984741211,14.202999925613403,-0.14149513179877132
2024-03-18,159.36325073242188,120.7331314086914,14.329999923706055,14.207499933242797,0.4257749578193302
2024-03-19,159.86572265625,120.80827331542969,13.819999694824219,14.127499914169311,0.47245228506158143
2024-03-20,159.9215545654297,125.04571533203125,13.039999961853027,14.012499904632568,0.4959941594833587
2024-03-21,160.4705810546875,132.10157775878906,12.920000076293945,13.931499910354614,0.5772640927722951
2024-03-22,160.07044982910156,132.63763427734375,13.0600004196167,13.896999931335449,0.5426800775777939
2024-03-25,160.6101837158203,132.4524383544922,13.1899995803833,13.869499921798706,0.5916647512568328
2024-03-26,160.7311248779297,130.48362731933594,13.239999771118164,13.859999895095825,0.5942759848537913
2024-03-27,161.5127716064453,129.23316955566406,12.779999732971191,13.80699987411499,0.6609527212315265
2024-03-28,162.85272216796875,129.88780212402344,13.010000228881836,13.787499904632568,0.7873995193857626
2024-04-01,160.96376037597656,132.3230743408203,13.649999618530273,13.81449990272522,0.6237194283538656
2024-04-02,159.53073120117188,131.1961212158203,14.609999656677246,13.870499897003175,0.48663647710199714
2024-04-03,157.89297485351562,133.59213256835938,14.329999923706055,13.863999891281129,0.34595876475499454
2024-04-04,157.86509704589844,129.11264038085938,16.350000381469727,13.956499910354614,0.32394499383122566
2024-04-05,157.39051818847656,131.26171875,16.030000686645508,14.035999965667724,0.28949438633857233
2024-04-08,157.7999267578125,130.93540954589844,15.1899995803833,14.058499956130982,0.32584455962858117
2024-04-09,158.75839233398438,130.73745727539062,14.979999542236328,14.046499919891357,0.4134003300812116
2024-04-10,157.21371459960938,129.58990478515625,15.800000190734863,14.144499921798706,0.26592880216520887
2024-04-11,156.66468811035156,135.47862243652344,14.90999984741211,14.202499914169312,0.24084166766333773
2024-04-12,156.42274475097656,131.71644592285156,17.309999465942383,14.347999906539917,0.2021944687743392
2024-04-15,155.35263061523438,128.4452667236328,19.229999542236328,14.588999891281128,0.08928260751898483
2024-04-16,155.8644256591797,130.24551391601562,18.399999618530273,14.792499876022339,0.14430735795577654
2024-04-17,157.70689392089844,125.69544219970703,18.209999084472656,15.01199984550476,0.2945198189101175
2024-04-18,160.30308532714844,123.37876892089844,18.0,15.259999847412109,0.5239539978146983
2024-04-19,162.03387451171875,118.0594253540039,18.709999084472656,15.549499797821046,0.6605256362936219
2024-04-22,164.2020263671875,119.99488067626953,16.940000534057617,15.743499803543092,0.868930065649237
2024-04-23,159.32603454589844,122.41838073730469,15.6899995803833,15.868499803543092,0.42965631558611533
2024-04-24,165.0860137939453,123.16610717773438,15.970000267028809,16.004999828338622,0.9642386002928057
2024-04-25,164.40670776367188,126.8508529663086,15.369999885559082,16.13449983596802,0.9175678525832663
2024-04-26,163.3831329345703,131.71644592285156,15.029999732971191,16.235499811172485,0.844264750519657
2024-04-29,163.90423583984375,131.182373046875,14.670000076293945,16.28649983406067,0.8900165690026188
2024-04-30,163.69021606445312,127.42411041259766,15.649999618530273,16.33849983215332,0.8539622055633266
2024-05-01,162.98301696777344,121.79806518554688,15.390000343322754,16.391499853134157,0.7643072028609789
2024-05-02,163.26219177246094,121.37765502929688,14.680000305175781,16.307999849319458,0.788235366736386
2024-05-03,163.91354370117188,125.25248718261719,13.489999771118164,16.18099980354309,0.865137958964414
2024-05-06,163.60650634765625,128.40805053710938,13.489999771118164,16.095999813079835,0.8505108438000741
2024-05-07,165.65365600585938,127.70245361328125,13.229999542236328,16.008499813079833,1.0362904198758442
2024-05-08,165.0860137939453,129.88389587402344,13.0,15.868499803543092,0.993395526847375
2024-05-09,165.6908721923828,127.95332336425781,12.6899995803833,15.75749979019165,1.0408123156730926
2024-05-10,167.30068969726562,130.61199951171875,12.550000190734863,15.519499826431275,1.200851412897302
2024-05-13,168.33358764648438,131.07359313964844,13.600000381469727,15.237999868392944,1.2981358951942505
2024-05-14,167.37513732910156,135.24049377441406,13.420000076293945,14.988999891281129,1.2278077865404127
2024-05-15,166.99363708496094,140.74209594726562,12.449999809265137,14.700999927520751,1.2164941532241251
2024-05-16,170.39007568359375,138.38621520996094,12.420000076293945,14.42199993133545,1.5195780301787019
2024-05-17,169.5339813232422,136.7359161376953,11.989999771118164,14.085999965667725,1.433443743883193
2024-05-20,167.7845458984375,138.57241821289062,12.149999618530273,13.846499919891357,1.28003563244835
2024-05-21,168.50111389160156,137.11907958984375,11.859999656677246,13.654999923706054,1.3398285391914888
2024-05-22,169.44091796875,136.43702697753906,12.289999961853027,13.470999908447265,1.423561735111691
2024-05-23,166.81683349609375,136.53990173339844,12.770000457763672,13.340999937057495,1.1819460695391801
2024-05-24,165.62576293945312,137.96580505371094,11.930000305175781,13.185999965667724,1.078262965366377
2024-05-28,161.3359832763672,138.4175567626953,12.920000076293945,13.098499965667724,0.6845072431348429
2024-05-29,159.26087951660156,136.2831573486328,14.279999732971191,13.02999997138977,0.4838226909386547
2024-05-30,158.63742065429688,133.6774139404297,14.470000267028809,12.983999967575073,0.4150013025544089
2024-05-31,160.8893280029297,130.1955108642578,12.920000076293945,12.895999956130982,0.6076191435647386
2024-06-03,159.33531188964844,129.54383850097656,13.109999656677246,12.876999950408935,0.46143843142556557
2024-06-04,161.810546875,130.41796875,13.15999984741211,12.860499954223632,0.6935637301160786
2024-06-05,161.43833923339844,138.48031616210938,12.630000114440918,12.830499982833862,0.6942215966621875
2024-06-06,161.16848754882812,137.32196044921875,12.579999923706055,12.809499979019165,0.6643012074807629
2024-06-07,160.4134979248047,137.84820556640625,12.220000267028809,12.78600001335144,0.5969402225236194
2024-06-10,155.59283447265625,141.1634979248047,12.739999771118164,12.795499992370605,0.16664091897087302
2024-06-11,154.81442260742188,143.17832946777344,12.850000381469727,12.757999992370605,0.103580165187422
2024-06-12,153.6514434814453,146.55731201171875,12.039999961853027,12.68899998664856,0.010965257404867892
2024-06-13,153.1824951171875,164.53802490234375,11.9399995803833,12.663499975204468,0.04574739807152031
2024-06-14,153.6326904296875,170.0308380126953,12.65999984741211,12.675499963760377,0.11111648270996846
2024-06-17,155.81793212890625,179.2259979248047,12.75,12.713499975204467,0.35260636804648965
2024-06-18,156.1367950439453,176.6437225341797,12.300000190734863,12.721000003814698,0.37081256474367946
2024-06-20,156.32435607910156,169.9837646484375,13.279999732971191,12.792000007629394,0.35920845633178594
2024-06-21,156.88710021972656,162.5427703857422,13.199999809265137,12.8375,0.37882371509326696
2024-06-24,157.6374053955078,156.5291748046875,13.329999923706055,12.86549997329712,0.4219360679540399
2024-06-25,156.9527587890625,155.406494140625,12.84000015258789,12.910999965667724,0.35390720741289805
2024-06-26,156.38064575195312,156.50852966308594,12.550000190734863,12.892499971389771,0.30591499496524394
2024-06-27,155.93048095703125,155.9835662841797,12.239999771118164,12.79049997329712,0.26211046791904147
2024-06-28,154.68310546875,157.83865356445312,12.4399995803833,12.688999938964844,0.15509620881240574
2024-07-01,152.7698516845703,161.30604553222656,12.220000267028809,12.653999948501587,-0.006345064869775704
2024-07-02,153.41697692871094,162.9458465576172,12.029999732971191,12.599999952316285,0.060467022661585546
2024-07-03,152.49786376953125,169.99855041503906,12.09000015258789,12.546499967575073,0.0062927489870799255
2024-07-05,154.1766357421875,167.45135498046875,12.479999542236328,12.538999938964844,0.15009782460384646
2024-07-08,152.04766845703125,171.6343994140625,12.369999885559082,12.528499937057495,-0.028136113064403317
2024-07-09,151.8413543701172,170.40065002441406,12.510000228881836,12.542999935150146,-0.052522619796227674
2024-07-10,153.4263458251953,171.51937866210938,12.850000381469727,12.548499965667725,0.09854259808298103
2024-07-11,153.7639923095703,167.71090698242188,12.920000076293945,12.551999950408936,0.11315950365493775
2024-07-12,156.0430145263672,167.1918182373047,12.460000038146973,12.572999954223633,0.321137966184971
2024-07-15,153.6795654296875,168.52197265625,13.119999885559082,12.631999969482422,0.10889166675617709
2024-07-16,154.52365112304688,166.5164337158203,13.1899995803833,12.658499956130981,0.17805092259553051
2024-07-17,159.33493041992188,153.3429718017578,14.479999542236328,12.744999933242799,0.5646975870163711
2024-07-18,159.78512573242188,157.8062286376953,15.930000305175781,12.926499938964843,0.6255981332660653
2024-07-19,158.837890625,154.6898193359375,16.520000457763672,13.088499975204467,0.5246931527623182
2024-07-22,157.24346923828125,158.3370819091797,14.90999984741211,13.173999977111816,0.3934436829617003
2024-07-23,155.94921875,161.0012664794922,14.720000267028809,13.243499994277954,0.2856170668580729
2024-07-24,157.72181701660156,148.78143310546875,18.040000915527344,13.503500032424927,0.39609554356171556
2024-07-25,160.39474487304688,146.736572265625,18.459999084472656,13.798999977111816,0.6337881142804412
2024-07-26,162.01727294921875,149.0665283203125,16.389999389648438,14.00649995803833,0.7935729855444785
2024-07-29,162.4486846923828,147.68035888671875,16.600000381469727,14.214499998092652,0.8273528055914251
2024-07-30,162.4205322265625,141.09365844726562,17.690000534057617,14.488000011444091,0.7961678739865744
2024-07-31,161.9422149658203,157.96353149414062,16.360000610351562,14.70450005531311,0.8252644383793183
2024-08-01,164.08995056152344,144.5344696044922,18.59000015258789,15.029500055313111,0.9650995958093719
2024-08-02,166.97857666015625,141.38858032226562,23.389999389648438,15.575000047683716,1.2179107923309422
2024-08-05,163.22708129882812,139.67796325683594,38.56999969482422,16.885000038146973,0.8644245874146139
2024-08-06,161.77340698242188,141.4868621826172,27.709999084472656,17.644999980926514,0.7381795487338305
2024-08-07,161.1168975830078,133.9661865234375,27.850000381469727,18.394999980926514,0.644977302503603
2024-08-08,161.66085815429688,143.27610778808594,23.790000915527344,18.938500022888185,0.7355631171301413
2024-08-09,161.6796417236328,145.75347900390625,20.3700008392334,19.334000062942504,0.7480482592167504
2024-08-12,160.76986694335938,146.10739135742188,20.709999084472656,19.713500022888184,0.6656609428811084
2024-08-13,161.66085815429688,153.51995849609375,18.1200008392334,19.96000008583069,0.7800240575128522
2024-08-14,162.91763305664062,155.02406311035156,16.190000534057617,20.045500135421754,0.9024851327980429
2024-08-15,161.8015594482422,163.32138061523438,15.229999542236328,20.01050009727478,0.8355439226289268
2024-08-16,161.8953399658203,162.91830444335938,14.800000190734863,19.92450008392334,0.8424453774174555
2024-08-19,163.0207977294922,164.8746795654297,14.649999618530273,19.91150007247925,0.9547558983289706
2024-08-20,164.92466735839844,163.14442443847656,15.880000114440918,19.969500064849854,1.1228711376988911
2024-08-21,164.32443237304688,162.97731018066406,16.270000457763672,19.88100004196167,1.0667763429893045
2024-08-22,164.82151794433594,159.595458984375,17.549999237060547,19.835500049591065,1.0979525619219204
2024-08-23,164.94342041015625,163.54750061035156,15.859999656677246,19.809000062942506,1.1263504919490916
2024-08-26,165.03721618652344,156.92144775390625,16.149999618530273,19.786500024795533,1.1062440388373396
2024-08-27,164.40882873535156,158.66151428222656,15.430000305175781,19.67350001335144,1.055829936354517
2024-08-28,163.11456298828125,155.50576782226562,17.110000610351562,19.71100001335144,0.9227419187668
2024-08-29,161.3982696533203,154.27691650390625,15.649999618530273,19.56399998664856,0.7590866233475553
2024-08-30,162.13919067382812,160.06736755371094,15.0,19.144500017166138,0.8525659132962817
2024-09-03,166.50967407226562,150.2069091796875,20.719999313354492,18.25199999809265,1.212930058162193
2024-09-04,167.4287872314453,151.51441955566406,21.31999969482422,17.932500028610228,1.3033898066266882
2024-09-05,168.16033935546875,150.2364044189453,19.899999618530273,17.534999990463255,1.365325893399403
2024-09-06,167.5885772705078,134.68385314941406,22.3799991607666,17.46449990272522,1.245080875182245
2024-09-09,168.391845703125,138.43927001953125,19.450000762939453,17.41849989891052,1.3354789147527213
2024-09-10,168.03271484375,145.70436096191406,19.079999923706055,17.336999940872193,1.333882768864093
2024-09-11,166.11434936523438,155.59429931640625,17.690000534057617,17.315499925613402,1.1998454593066852
2024-09-12,167.5035400390625,161.77792358398438,17.06999969482422,17.359499883651733,1.354831719798466
2024-09-13,167.6074676513672,164.8550262451172,16.559999465942383,17.425999879837036,1.3777740759197248
2024-09-16,167.46572875976562,161.2470703125,17.139999389648438,17.542999839782716,1.3490397285598446
2024-09-17,167.1444091796875,159.7232666015625,17.610000610351562,17.690999889373778,1.3127854767073548
2024-09-18,165.57569885253906,158.93679809570312,18.229999542236328,17.80849986076355,1.1646642273879748
2024-09-19,165.0559539794922,165.1309051513672,16.329999923706055,17.81149983406067,1.1436036829569192
2024-09-20,161.7672882080078,168.7606201171875,16.149999618530273,17.741499853134155,0.8559902214199874
2024-09-23,162.64617919921875,170.575439453125,15.890000343322754,17.742999887466432,0.9449414734584856
2024-09-24,160.5765838623047,172.44944763183594,15.390000343322754,17.704999923706055,0.7621625704748962
2024-09-25,160.08517456054688,173.12017822265625,15.40999984741211,17.70399990081787,0.7197430075561289
2024-09-26,160.35922241210938,175.655029296875,15.369999885559082,17.616999864578247,0.7560248207942091
2024-09-27,160.6521759033203,170.328857421875,16.959999084472656,17.682499837875366,0.7599317534138572
2024-09-30,160.69944763183594,170.14144897460938,16.729999542236328,17.768999814987183,0.7634789962484443
2024-10-01,161.95631408691406,165.1802215576172,19.260000228881836,17.69599986076355,0.8578873170832173
2024-10-02,160.22694396972656,168.32662963867188,18.899999618530273,17.574999856948853,0.7120154848375452
2024-10-03,159.26303100585938,169.539794921875,20.489999771118164,17.604499864578248,0.6283634978018515
2024-10-04,158.73382568359375,174.22483825683594,19.209999084472656,17.44599986076355,0.599880537892892
2024-10-07,158.01559448242188,172.68618774414062,22.639999389648438,17.605499792099,0.5269482057941108
2024-10-08,161.04908752441406,178.25892639160156,21.420000076293945,17.722499799728393,0.8309639287125952
2024-10-09,163.05250549316406,183.40756225585938,20.860000610351562,17.88099980354309,1.038118289174984
2024-10-10,163.47776794433594,183.151123046875,20.93000030517578,18.07399983406067,1.0762341786237035
2024-10-11,165.19769287109375,178.99868774414062,20.459999084472656,18.268999814987183,1.2168683104308553
2024-10-14,166.41677856445312,179.81732177734375,19.700000762939453,18.396999883651734,1.3328775762216614
2024-10-15,166.22775268554688,173.57386779785156,20.639999389648438,18.548499822616577,1.2883424399897276
2024-10-16,164.8858642578125,174.4024200439453,19.579999923706055,18.615999841690062,1.1681542834269225
2024-10-17,165.06539916992188,179.04798889160156,19.110000610351562,18.75499987602234,1.2048786813326822
2024-10-18,165.43394470214844,177.430419921875,18.030000686645508,18.8489999294281,1.2318549906331953
2024-10-21,165.38668823242188,177.529052734375,18.3700008392334,18.97299995422363,1.2279238463334967
2024-10-22,164.7818603515625,176.9273681640625,18.200000762939453,19.11349997520447,1.1695192272025274
2024-10-23,163.43997192382812,171.1376190185547,19.239999771118164,19.30499997138977,1.020605944513395
2024-10-24,162.69342041015625,169.00718688964844,19.079999923706055,19.49049997329712,0.9424926834047945
2024-10-25,162.34373474121094,170.63462829589844,20.329999923706055,19.65900001525879,0.9172989762283343
2024-10-28,160.50096130371094,169.66802978515625,19.799999237060547,19.8125,0.7431145997056348
2024-10-29,158.28964233398438,176.789306640625,19.34000015258789,19.816499996185303,0.5700367037582148
2024-10-30,157.07058715820312,174.22483825683594,20.350000381469727,19.889000034332277,0.4464528840841004
2024-10-31,156.94773864746094,167.44879150390625,23.15999984741211,20.022500038146973,0.40571077806420786
2024-11-01,156.4846954345703,166.61041259765625,21.8799991607666,20.15600004196167,0.35935796039069823
2024-11-04,157.1934356689453,166.24545288085938,21.979999542236328,20.123000049591063,0.4231526287982413
2024-11-05,158.6204071044922,171.52232360839844,20.489999771118164,20.076500034332277,0.5776884829788573
2024-11-06,155.653076171875,177.0950469970703,16.270000457763672,19.84700002670288,0.328150136868651
2024-11-07,154.9821014404297,181.2967987060547,15.199999809265137,19.56050000190735,0.28449185926487736
2024-11-08,156.0310821533203,181.12913513183594,14.9399995803833,19.28450002670288,0.38052877981616684
2024-11-11,155.22779846191406,176.4638214111328,14.970000267028809,19.048000001907347,0.28618014689057064
2024-11-12,155.30340576171875,173.8105926513672,14.710000038146973,18.751500034332274,0.28163894942928286
2024-11-13,155.68142700195312,171.20668029785156,14.020000457763672,18.473500061035157,0.30520837468392475
2024-11-14,156.06886291503906,168.0504608154297,14.3100004196167,18.233500051498414,0.32724911433216985
2024-11-15,149.89791870117188,162.586181640625,16.139999389648438,18.13899998664856,-0.26571423021422924
2024-11-18,149.62388610839844,163.40484619140625,15.579999923706055,17.99949994087219,-0.2874395176461889
2024-11-19,148.10243225097656,163.0891876220703,16.350000381469727,17.906999921798707,-0.4291580950306698
2024-11-20,150.01133728027344,161.01792907714844,17.15999984741211,17.802999925613403,-0.2620584007694798
2024-11-21,151.52333068847656,161.69850158691406,16.8700008392334,17.692499971389772,-0.11962869499887144
2024-11-22,153.09207153320312,161.9845428466797,15.239999771118164,17.437999963760376,0.026323386810291685
2024-11-25,154.08436584472656,162.56646728515625,14.600000381469727,17.178000020980836,0.120384599040911
2024-11-26,153.2432861328125,162.48756408691406,14.100000381469727,16.916000032424925,0.04245562026868735
2024-11-27,153.77247619628906,157.4868621826172,14.100000381469727,16.603500032424925,0.06956713342948936
2024-11-29,154.4623565673828,159.86392211914062,13.510000228881836,16.121000051498413,0.1435231174479932
2024-12-02,154.08436584472656,164.23336791992188,13.34000015258789,15.694000101089477,0.12761937547984253
2024-12-03,152.8085479736328,165.85093688964844,13.300000190734863,15.260000133514405,0.016950520466251288
2024-12-04,151.37213134765625,168.22796630859375,13.449999809265137,14.908000135421753,-0.10523672745929487
2024-12-05,151.66510009765625,168.13922119140625,13.539999961853027,14.77150011062622,-0.07859661135372843
2024-12-06,150.3832244873047,177.0753631591797,12.770000457763672,14.650000143051148,-0.1580597860261761
2024-12-09,151.98439025878906,176.49342346191406,14.1899995803833,14.612500143051147,-0.012883883701749659
2024-12-10,152.33702087402344,169.4608917236328,14.180000305175781,14.573000144958495,-0.010877994880005017
2024-12-11,149.4111328125,180.6951446533203,13.579999923706055,14.51650013923645,-0.23202089731768993
2024-12-12,151.44113159179688,178.18988037109375,13.920000076293945,14.511500120162964,-0.05563444500182918
2024-12-13,150.55477905273438,221.72637939453125,13.8100004196167,14.486500120162964,0.051562360204090246
2024-12-16,148.6963348388672,246.5818328857422,14.6899995803833,14.414000129699707,-0.011993256997485003
2024-12-17,148.81068420410156,236.94540405273438,15.869999885559082,14.428500127792358,-0.043269521043107335
2024-12-18,147.1809539794922,220.56251525878906,27.6200008392334,14.992000150680543,-0.2647120977969355
2024-12-19,144.3599090576172,215.3349609375,24.09000015258789,15.338500165939331,-0.5476320722765715
2024-12-20,145.61793518066406,217.7711944580078,18.360000610351562,15.41300015449524,-0.4210098978569944
2024-12-23,144.18833923339844,229.7871856689453,16.780000686645508,15.490000200271606,-0.5007323958990604
2024-12-24,145.6370086669922,237.0363311767578,14.270000457763672,15.473500204086303,-0.3356348023974171
2024-12-26,145.2843780517578,242.6536865234375,14.729999542236328,15.505000162124634,-0.343782919856763
2024-12-27,145.71324157714844,239.08349609375,15.949999809265137,15.597500133514405,-0.31971737504041947
2024-12-30,144.59817504882812,232.98155212402344,17.399999618530273,15.792000102996827,-0.44906217504776413
2024-12-31,144.9221954345703,229.28280639648438,17.350000381469727,15.992500114440919,-0.4352259883138786
2025-01-02,143.15907287597656,229.42123413085938,17.93000030517578,16.224000120162962,-0.5972667659628785
2025-01-03,142.62533569335938,229.98497009277344,16.1299991607666,16.358000087738038,-0.6440553047890748
2025-01-06,139.4040069580078,233.80239868164062,16.040000915527344,16.483000135421754,-0.9246424464241594
2025-01-07,138.5748291015625,226.1180877685547,17.81999969482422,16.73550009727478,-1.034482943516524
2025-01-08,139.6613311767578,226.78070068359375,17.700000762939453,16.911000156402586,-0.931381201916361
2025-01-10,135.9443817138672,221.8358612060547,19.540000915527344,17.179000186920167,-1.2957180294909791
2025-01-13,137.7170867919922,222.8050537109375,19.190000534057617,17.459500217437743,-1.1279859435350519
2025-01-14,138.14596557617188,222.2215576171875,18.709999084472656,17.69900016784668,-1.090955971424075
2025-01-15,137.98391723632812,225.4851531982422,16.1200008392334,17.814500188827516,-1.0917394942629588
2025-01-16,139.6613311767578,226.87962341308594,16.600000381469727,17.910000228881835,-0.9309518518893256
2025-01-17,141.29107666015625,234.82102966308594,15.970000267028809,17.915000247955323,-0.7461460676772995
2025-01-21,141.5769805908203,237.6593780517578,15.0600004196167,17.287000226974488,-0.7074533184115476
2025-01-22,141.1385498046875,238.25277709960938,15.100000381469727,16.837500238418578,-0.7453214463077595
2025-01-23,141.6436767578125,237.6297149658203,15.020000457763672,16.670500230789184,-0.7014295870277375
2025-01-24,142.1202392578125,242.00096130371094,14.850000381469727,16.574000215530397,-0.6384961136055546
2025-01-27,147.35250854492188,199.9005126953125,17.899999618530273,16.755500173568727,-0.3385652108028783
2025-01-28,143.19717407226562,205.0728302001953,16.40999984741211,16.839500188827515,-0.6994303905831125
2025-01-29,143.31153869628906,204.07394409179688,16.559999465942383,16.870000171661378,-0.6932160954641708
2025-01-30,144.76971435546875,213.28128051757812,15.84000015258789,16.792000198364256,-0.5187425365119654
2025-01-31,143.61651611328125,218.8293914794922,16.43000030517578,16.74600019454956,-0.6010406197608992
2025-02-03,143.21624755859375,215.3284454345703,18.6200008392334,16.780500221252442,-0.6531589299783855
2025-02-04,136.7545166015625,219.97659301757812,17.209999084472656,16.834500217437743,-1.2290557583620294
2025-02-05,138.8226318359375,229.44102478027344,15.770000457763672,16.821000194549562,-0.9972016509099422
2025-02-06,138.52719116210938,228.80810546875,15.5,16.70500020980835,-1.0272020017037586
2025-02-07,137.7933349609375,222.3896942138672,16.540000915527344,16.647000217437743,-1.1227550963885082
2025-02-10,137.5741424560547,232.44749450683594,15.8100004196167,16.46050019264221,-1.0993213671993023
2025-02-11,138.80357360839844,232.44749450683594,16.020000457763672,16.302000188827513,-0.985910852505242
2025-02-12,137.2310333251953,233.74307250976562,15.890000343322754,16.16100025177002,-1.125348785175772
2025-02-13,137.7933349609375,233.19912719726562,15.100000381469727,16.110000228881837,-1.0758393838166642
2025-02-14,136.65919494628906,230.46958923339844,14.770000457763672,16.018500232696532,-1.1923065356446036
2025-02-18,137.33587646484375,226.00930786132812,15.350000381469727,15.98750023841858,-1.1492439129303147
2025-02-19,138.96559143066406,226.20709228515625,15.270000457763672,15.998000240325927,-0.9980502493937348
2025-02-20,142.10116577148438,224.2390594482422,15.65999984741211,16.026000213623046,-0.7173467840668931
2025-02-21,146.29461669921875,216.2481689453125,18.209999084472656,16.185500144958496,-0.3651988310883286
2025-02-24,146.62820434570312,205.6365203857422,18.979999542236328,16.392000102996825,-0.38048387160521857
2025-02-25,149.07754516601562,200.30596923828125,19.43000030517578,16.4685001373291,-0.17767712389232296
2025-02-26,144.3980255126953,210.59127807617188,19.100000381469727,16.603000164031982,-0.564704769818809
2025-02-27,144.8841094970703,195.61827087402344,21.1299991607666,16.831500148773195,-0.584851997988619
2025-02-28,146.26602172851562,197.23028564453125,19.6299991607666,17.021000099182128,-0.45037910528725
2025-03-03,148.66775512695312,185.30328369140625,22.780000686645508,17.338500118255617,-0.280594256612543
2025-03-04,146.9522247314453,185.41209411621094,23.510000228881836,17.583000087738036,-0.43837337849032026
2025-03-05,146.6567840576172,189.46688842773438,21.93000030517578,17.819000148773192,-0.4480278494127517
2025-03-06,147.35250854492188,177.47068786621094,24.8700008392334,18.27400016784668,-0.4359164054802621
2025-03-07,148.49188232421875,192.80960083007812,23.3700008392334,18.66750020980835,-0.264238535316108
2025-03-10,150.23216247558594,182.41551208496094,27.860000610351562,19.23350019454956,-0.14881708608285144
2025-03-11,146.463134765625,187.99330139160156,26.920000076293945,19.78900017738342,-0.47228703218487617
2025-03-12,142.46336364746094,192.08763122558594,24.229999542236328,20.199500131607056,-0.8234808061391847
2025-03-13,142.62680053710938,189.24929809570312,24.65999984741211,20.638000106811525,-0.8207234465239696
2025-03-14,142.86717224121094,193.38319396972656,21.770000457763672,20.97150011062622,-0.7806078696720776
2025-03-17,145.51126098632812,192.3546600341797,20.510000228881836,21.25850009918213,-0.5411644816737999
2025-03-18,143.2517852783203,186.58897399902344,21.700000762939453,21.576000118255614,-0.7746173855163512
2025-03-19,142.40567016601562,193.412841796875,19.899999618530273,21.807500076293945,-0.8230510643091359
2025-03-20,141.48263549804688,189.008544921875,19.799999237060547,22.014500045776366,-0.9273134055386747
2025-03-21,139.84811401367188,190.1195526123047,19.280000686645508,22.06800012588501,-1.073269959204906
2025-03-24,140.80960083007812,189.7128448486328,17.479999542236328,21.99300012588501,-0.9863415428231237
2025-03-25,139.9346466064453,186.74685668945312,17.149999618530273,21.879000091552733,-1.079926010544514
2025-03-26,142.91525268554688,177.82911682128906,18.329999923706055,21.84050006866455,-0.8436813106261962
2025-03-27,143.9055633544922,170.60763549804688,18.690000534057617,21.7185001373291,-0.783671865308213
2025-03-28,143.52099609375,167.76071166992188,21.649999618530273,21.819500160217284,-0.8315031645196576
2025-03-31,144.16519165039062,166.08428955078125,22.280000686645508,21.794500160217286,-0.7793545892203998
2025-04-01,143.9055633544922,167.16554260253906,21.770000457763672,21.707500171661376,-0.798611431627671
2025-04-02,143.37677001953125,170.7068328857422,21.510000228881836,21.68650016784668,-0.8320205689211883
2025-04-03,145.54010009765625,152.77215576171875,30.020000457763672,21.944000148773192,-0.7103024038254081
2025-04-04,140.96343994140625,145.11419677734375,45.310001373291016,23.041000175476075,-1.1657200245306585
2025-04-07,137.67515563964844,152.90109252929688,46.97999954223633,23.99700012207031,-1.4352550656463825
2025-04-08,134.89646911621094,154.7759246826172,52.33000183105469,25.26750020980835,-1.6834414536350473
2025-04-09,139.98272705078125,183.66184997558594,33.619998931884766,25.73700017929077,-1.0888804865681976
2025-04-10,138.5885772705078,170.91517639160156,40.720001220703125,26.540000247955323,-1.2728095243850601
2025-04-11,138.8673858642578,180.47767639160156,37.560001373291016,27.32950029373169,-1.2055867506880948
2025-04-14,141.09805297851562,176.92645263671875,30.889999389648438,27.84850025177002,-1.015229112928865
2025-04-15,137.33863830566406,177.51168823242188,30.1200008392334,28.269500255584717,-1.359481255681694
2025-04-16,134.6945343017578,173.20657348632812,32.63999938964844,28.906500244140624,-1.6220754550033867
2025-04-17,137.33863830566406,169.61569213867188,29.649999618530273,29.399000263214113,-1.393751904639112
2025-04-21,136.27137756347656,164.87411499023438,33.81999969482422,30.126000213623048,-1.5127824551703608
2025-04-22,137.93475341796875,168.21702575683594,30.56999969482422,30.780500221252442,-1.3448330428232134
2025-04-23,136.78097534179688,175.4881134033203,28.450000762939453,31.3455002784729,-1.4197064527478225
2025-04-24,130.09864807128906,186.6377410888672,26.469999313354492,31.75250024795532,-1.9877343902235898
2025-04-25,128.24298095703125,190.7643280029297,24.84000015258789,32.06000022888183,-2.141002429613145
2025-04-28,128.60833740234375,190.92303466796875,25.149999618530273,32.23500022888184,-2.1066108098822793
2025-04-29,129.1371612548828,189.63348388671875,24.170000076293945,32.32950019836426,-2.0634257302768964
2025-04-30,130.35824584960938,190.92303466796875,24.700000762939453,32.476000213623045,-1.9451881736545051
2025-05-01,128.40643310546875,195.7439727783203,24.600000381469727,32.63050022125244,-2.104311632428643
2025-05-02,128.59872436523438,202.0032501220703,22.68000030517578,32.26350021362305,-2.05940659932792
2025-05-05,126.90652465820312,199.1067352294922,23.639999389648438,31.18000011444092,-2.22807743372929
2025-05-06,125.70466613769531,198.48178100585938,24.760000228881836,30.069000148773192,-2.3416569359407737
2025-05-07,126.83920288085938,203.1638641357422,23.549999237060547,28.630000019073485,-2.216678640368692
2025-05-08,126.36808776855469,206.10006713867188,22.479999542236328,28.073000049591066,-2.2473934072113684
2025-05-09,125.41621398925781,206.52659606933594,21.899999618530273,27.131999969482422,-2.3333490272266104
2025-05-12,126.60843658447266,219.799072265625,18.389999389648438,26.173499870300294,-2.165764913390486
2025-05-13,125.29120635986328,230.55194091796875,18.219999313354492,25.539999866485594,-2.2406043616236406
2025-05-14,123.50285339355469,230.25436401367188,18.6200008392334,24.964999866485595,-2.4068649238477797
2025-05-15,126.43538665771484,230.7701873779297,17.829999923706055,24.224499893188476,-2.1341106799544387
2025-05-16,126.89689636230469,226.77256774902344,17.239999771118164,23.603999900817872,-2.1088887972333734
2025-05-19,126.71422576904297,228.77633666992188,18.139999389648438,22.81999988555908,-2.117042618259446
2025-05-20,126.72383880615234,229.81788635253906,18.09000015258789,22.195999908447266,-2.1116352579857014
2025-05-21,125.13737487792969,227.88356018066406,20.8700008392334,21.816999912261963,-2.2663762086717902
2025-05-22,125.10852813720703,228.67713928222656,20.280000686645508,21.507499980926514,-2.2655928777911525
2025-05-23,124.35856628417969,226.8816680908203,22.290000915527344,21.380000019073485,-2.3425669137862424
2025-05-27,126.31038665771484,233.75599670410156,18.959999084472656,21.070499992370607,-2.1326822929417086
2025-05-28,125.6373519897461,237.50558471679688,19.309999465942383,20.82749996185303,-2.178493098590193
2025-05-29,126.83920288085938,240.0251922607422,19.18000030517578,20.551499938964845,-2.0566910186326592
2025-05-30,126.3873062133789,240.12437438964844,18.56999969482422,20.249999904632567,-2.09794635292684
2025-06-02,125.86811065673828,246.7110137939453,18.360000610351562,20.033999919891357,-2.1172525338272914
2025-06-03,126.77191925048828,254.7855987548828,17.690000534057617,19.736499977111816,-1.9988337354351624
2025-06-04,126.66615295410156,258.9815673828125,17.610000610351562,19.378999996185303,-1.9903787079408504
2025-06-05,126.0604019165039,257.8408203125,18.479999542236328,19.125500011444093,-2.0512081544547645
2025-06-06,126.3938217163086,244.9453125,16.770000457763672,18.840000057220458,-2.076421213349809
2025-06-09,126.32579040527344,242.31661987304688,17.15999984741211,18.60300006866455,-2.0941060527347504
2025-06-10,128.1434783935547,242.66380310058594,16.950000762939453,18.5310001373291,-1.924924138153322
2025-06-11,126.26744079589844,250.87725830078125,17.260000228881836,18.483000183105467,-2.0623332229771663
2025-06-12,128.600341796875,254.01185607910156,18.020000457763672,18.453000164031984,-1.8335267032603018
2025-06-13,127.19088745117188,246.7010955810547,20.81999969482422,18.60250015258789,-1.995274273597266
2025-06-16,127.7352294921875,250.07376098632812,19.110000610351562,18.696000194549562,-1.9304224835651527
2025-06-17,125.67449951171875,247.36570739746094,21.600000381469727,18.869000244140626,-2.1322709136426714
2025-06-18,125.4606704711914,249.24050903320312,20.139999389648438,18.971500205993653,-2.1438587382583436
2025-06-20,125.4606704711914,248.5644073486328,20.6200008392334,18.959000205993654,-2.1467931930397706
2025-06-23,125.48009490966797,252.32284545898438,19.829999923706055,18.93650016784668,-2.1286887741141665
2025-06-24,127.38529968261719,262.2658386230469,17.479999542236328,18.69600009918213,-1.9097854799633023
2025-06-25,124.44003295898438,263.14080810546875,16.760000228881836,18.586000156402587,-2.1776779409948173
2025-06-26,124.63442993164062,268.6293029785156,16.59000015258789,18.450000190734862,-2.1359240572888396
2025-06-27,127.37557220458984,267.81402587890625,16.31999969482422,18.307000160217285,-1.8866022479211422
2025-06-30,128.3476104736328,274.0780334472656,16.729999542236328,18.21500015258789,-1.7697478826566728
2025-07-01,131.47756958007812,263.2302551269531,16.829999923706055,18.138500118255614,-1.5281027758196852
2025-07-02,132.66343688964844,268.36083984375,16.639999389648438,18.086000061035158,-1.3964428117973784
2025-07-03,131.59420776367188,273.6107482910156,16.3799991607666,18.02449998855591,-1.4722893274689677
2025-07-07,130.69020080566406,272.616455078125,17.790000915527344,17.99000005722046,-1.5599961414281487
2025-07-08,131.2637176513672,270.25,16.809999465942383,17.992000007629393,-1.517362338075669
2025-07-09,130.71937561035156,276.31524658203125,15.9399995803833,17.930999994277954,-1.5412511685561736
2025-07-10,132.27464294433594,273.8294677734375,15.779999732971191,17.87249994277954,-1.408572378971786
2025-07-11,131.47756958007812,272.8153076171875,16.399999618530273,17.829499912261962,-1.4865011887328765
2025-07-14,131.77890014648438,274.0283508300781,17.200000762939453,17.788499927520753,-1.4534396303738473
2025-07-15,130.06809997558594,279.337890625,17.3799991607666,17.61649990081787,-1.588209906539784
2025-07-16,131.5650634765625,279.2086181640625,17.15999984741211,17.5189998626709,-1.4506815895448986
2025-07-17,141.37289428710938,284.8164978027344,16.520000457763672,17.264999866485596,-0.5216055323845553
2025-07-18,139.2344207763672,281.7242126464844,16.40999984741211,17.07849988937378,-0.732293181581024
2025-07-21,137.7374725341797,286.56640625,16.649999618530273,16.879999828338622,-0.8493648040348308
2025-07-22,141.9561004638672,277.00128173828125,16.5,16.71349983215332,-0.5017269444725501
2025-07-23,141.5867462158203,282.0722351074219,15.369999885559082,16.60799984931946,-0.513789280497885
2025-07-24,140.46888732910156,287.0635681152344,15.390000343322754,16.539499855041505,-0.5952439969926027
2025-07-25,139.43853759765625,288.5251770019531,14.930000305175781,16.4564998626709,-0.6839462231877693
2025-07-28,137.61111450195312,292.6216735839844,15.029999732971191,16.391999864578246,-0.8347394552159427
2025-07-29,139.86624145507812,295.72393798828125,15.979999542236328,16.354499864578248,-0.6132476413054321
2025-07-30,138.8650360107422,300.894287109375,15.479999542236328,16.28699984550476,-0.6831645297204557
2025-07-31,134.06317138671875,292.025146484375,16.719999313354492,16.290999841690063,-1.164613275687644
2025-08-01,135.3851318359375,286.9939880371094,20.3799991607666,16.490999841690062,-1.0645037912485695
2025-08-04,135.6573028564453,296.0221862792969,17.520000457763672,16.47749981880188,-1.0002123160560388
2025-08-05,135.55038452148438,291.259521484375,17.850000381469727,16.52949986457825,-1.0307463275062043
2025-08-06,136.86264038085938,299.94970703125,16.770000457763672,16.570999908447266,-0.8719779024069645
2025-08-07,139.8953857421875,302.02777099609375,16.56999969482422,16.610499906539918,-0.583198935054173
2025-08-08,141.14932250976562,303.23089599609375,15.149999618530273,16.547999906539918,-0.4623059960414046
2025-08-11,140.81881713867188,302.1669616699219,16.25,16.500499868392943,-0.4974116523043204
2025-08-12,142.7628936767578,311.0460510253906,14.729999542236328,16.367999887466432,-0.27954019588698364
2025-08-13,145.17355346679688,307.327392578125,14.489999771118164,16.234499883651733,-0.07330560345949083
2025-08-14,144.46395874023438,309.4551696777344,14.829999923706055,16.149999856948853,-0.12952801590212532
2025-08-15,146.19418334960938,304.5930480957031,15.09000015258789,16.08399987220764,0.00897600331145644
2025-08-18,145.3679656982422,304.0163879394531,14.989999771118164,16.000999879837035,-0.06974239779344421
2025-08-19,147.90496826171875,293.2282409667969,15.569999694824219,15.954499864578247,0.11746345805392794
2025-08-20,146.5149383544922,289.50958251953125,15.6899995803833,15.970499849319458,-0.02690163453354355
2025-08-21,144.8138885498047,287.9485168457031,16.600000381469727,16.030999851226806,-0.19059266573326814
2025-08-22,145.45542907714844,292.32342529296875,14.220000267028809,15.995499849319458,-0.11242467987418196
2025-08-25,144.0557098388672,292.5521240234375,14.789999961853027,15.98349986076355,-0.24055103477227482
2025-08-26,142.88926696777344,296.310546875,14.619999885559082,15.915499877929687,-0.33183859204838967
2025-08-27,143.51136779785156,298.53778076171875,14.850000381469727,15.883999919891357,-0.2647853055953738
2025-08-28,142.8698272705078,306.8898620605469,14.430000305175781,15.769499969482421,-0.28771489053652133
2025-08-29,144.49310302734375,295.6941223144531,15.359999656677246,15.518499994277954,-0.18656603859626306
2025-09-02,146.07752990722656,296.53924560546875,17.170000076293945,15.500999975204468,-0.03674041811288465
2025-09-03,144.4833984375,300.6656188964844,16.350000381469727,15.425999975204467,-0.16588368069159654
2025-09-04,142.78233337402344,304.3544616699219,15.300000190734863,15.352499961853027,-0.30679016980535223
2025-09-05,143.6883087158203,332.98028564453125,15.180000305175781,15.282999992370605,-0.09897384661137736
2025-09-08,139.0946807861328,343.67889404296875,15.109999656677246,15.280999994277954,-0.4762844699177095
2025-09-09,140.4590301513672,334.7501220703125,15.039999961853027,15.220499992370605,-0.3891814061715221
2025-09-10,140.02716064453125,367.4624938964844,15.350000381469727,15.251500034332276,-0.2870396973525854
2025-09-11,141.5681610107422,357.57916259765625,14.710000038146973,15.262500047683716,-0.1877842590494965
2025-09-12,140.88108825683594,357.8177795410156,14.760000228881836,15.259000062942505,-0.25012854190533246
2025-09-15,138.04443359375,362.0137023925781,15.6899995803833,15.289000034332275,-0.4935881490075056
2025-09-16,137.44569396972656,357.9470520019531,16.360000610351562,15.357500076293945,-0.5664699894566064
2025-09-17,138.62353515625,344.1959228515625,15.720000267028809,15.365000104904174,-0.5175018885966503
2025-09-18,138.1327667236328,343.380615234375,15.699999809265137,15.365500116348267,-0.5663121207898035
2025-09-19,139.1437530517578,342.9729309082031,15.449999809265137,15.308000087738037,-0.4748217945301176
2025-09-22,138.42721557617188,337.4351806640625,16.100000381469727,15.402000093460083,-0.5649550055566975
2025-09-23,139.2811737060547,337.5845642089844,16.639999389648438,15.494500064849854,-0.48553213717220045
2025-09-24,139.5461883544922,337.9530944824219,16.18000030517578,15.572500085830688,-0.4594859918897473
2025-09-25,137.3377227783203,334.75592041015625,16.739999771118164,15.66700005531311,-0.6770853972237945
2025-09-26,137.84812927246094,333.19219970703125,15.289999961853027,15.710000038146973,-0.6367892191883701
2025-09-29,137.58309936523438,326.5887145996094,16.1200008392334,15.74800009727478,-0.6898980757475032
2025-09-30,137.84812927246094,328.5906677246094,16.280000686645508,15.703500127792358,-0.6567610486274371
2025-10-01,140.498291015625,332.0567626953125,16.290000915527344,15.70050015449524,-0.39724960617300975
2025-10-02,139.68360900878906,336.82757568359375,16.6299991607666,15.767000102996827,-0.45169448090644837
2025-10-03,139.3596954345703,337.0168151855469,16.649999618530273,15.84050006866455,-0.48075297213757917
2025-10-06,137.12176513671875,334.1483459472656,16.3700008392334,15.903500127792359,-0.6996437266638729
2025-10-07,138.191650390625,335.0646667480469,17.239999771118164,16.013500118255614,-0.5969736685640538
2025-10-08,136.2776336669922,344.1183166503906,16.299999237060547,16.061000061035156,-0.7342395278857266
2025-10-09,142.03932189941406,343.6402282714844,16.43000030517578,16.147000074386597,-0.20481994646701293
2025-10-10,147.31021118164062,323.331787109375,21.65999984741211,16.49200005531311,0.1932564128293816
2025-10-13,146.1421661376953,355.2735290527344,19.030000686645508,16.65900011062622,0.22414389696078058
2025-10-14,148.74325561523438,342.7538146972656,20.809999465942383,16.881500053405762,0.409746088865466
2025-10-15,148.3702850341797,349.92498779296875,20.639999389648438,17.127500009536742,0.4064656518594834
2025-10-16,149.85240173339844,352.7337341308594,25.309999465942383,17.607999992370605,0.5553761612522748
2025-10-17,150.8732147216797,347.9330139160156,20.780000686645508,17.874500036239624,0.628706057973304
2025-10-20,150.80450439453125,347.8433532714844,18.229999542236328,17.980999994277955,0.6219786320966458
2025-10-21,150.35299682617188,341.2897033691406,17.8700008392334,18.042500066757203,0.5518841928072293
2025-10-22,150.2057647705078,338.9391174316406,18.600000381469727,18.1635000705719,0.5281004295973007
2025-10-23,148.7138214111328,342.9131774902344,17.299999237060547,18.19150004386902,0.40772256690103015
2025-10-24,148.75306701660156,352.71380615234375,16.3700008392334,18.245500087738037,0.4538800730508864
2025-10-27,149.8131561279297,360.6021423339844,15.789999961853027,18.229000043869018,0.5859068085202549
2025-10-28,147.34945678710938,371.47845458984375,16.420000076293945,18.23600001335144,0.40584556606322086
2025-10-29,143.46255493164062,384.43646240234375,16.920000076293945,18.26749997138977,0.10353420424855353
2025-10-30,144.826904296875,374.9644775390625,16.90999984741211,18.281500005722044,0.1882795846748998
2025-10-31,143.3938446044922,368.1518249511719,17.440000534057617,18.321000051498412,0.02651642381444637
2025-11-03,140.94979858398438,361.1001281738281,17.170000076293945,18.36100001335144,-0.22954403099749437
2025-11-04,140.26271057128906,350.5325622558594,19.0,18.44900002479553,-0.3387913276288205
2025-11-05,140.22344970703125,357.54443359375,18.010000228881836,18.534500074386596,-0.31197967768872553
2025-11-06,138.96707153320312,354.16796875,19.5,18.68800005912781,-0.4425306800191258
2025-11-07,140.31178283691406,348.0325927734375,19.079999923706055,18.559000062942506,-0.3451151000861768
2025-11-10,139.98788452148438,356.9568176269531,17.600000381469727,18.487500047683717,-0.33626010615048235
2025-11-11,142.40248107910156,350.552490234375,17.280000686645508,18.311000108718872,-0.14131885364912938
2025-11-12,141.7252197265625,353.7994689941406,17.510000228881836,18.15450015068054,-0.1897010085616597
2025-11-13,142.34359741210938,338.62042236328125,20.0,17.889000177383423,-0.1985388919889535
2025-11-14,143.1582794189453,341.0904541015625,19.829999923706055,17.84150013923645,-0.11266689332676721
2025-11-17,145.1017303466797,341.27972412109375,22.3799991607666,18.049000120162965,0.06743080732690793
2025-11-18,146.02439880371094,339.1383056640625,24.690000534057617,18.390000104904175,0.14324928293652558
2025-11-19,144.39501953125,353.0026550292969,23.65999984741211,18.643000078201293,0.05311985450936157
2025-11-20,143.40365600585938,345.4330749511719,26.420000076293945,19.099000120162962,-0.07118371444399542
2025-11-21,143.62942504882812,338.83953857421875,23.43000030517578,19.452000093460082,-0.0789749878781626
2025-11-24,142.81472778320312,376.4485168457031,20.520000457763672,19.688500118255615,0.00910479258307286
2025-11-25,143.41346740722656,383.4902648925781,18.559999465942383,19.795500087738038,0.09489932019422427
2025-11-26,145.24896240234375,395.9801025390625,17.190000534057617,19.809000110626222,0.3184261015192174
2025-11-28,145.99493408203125,401.3485412597656,16.350000381469727,19.7810001373291,0.41053965446741053
2025-12-01,146.75071716308594,384.5360412597656,17.239999771118164,19.771000099182128,0.4072873080979207
2025-12-02,145.86734008789062,380.0440979003906,16.59000015258789,19.742000102996826,0.30630282612196413
2025-12-03,145.32748413085938,379.087890625,16.079999923706055,19.596000099182127,0.2523529091690852
2025-12-04,144.19871520996094,379.5062561035156,15.779999732971191,19.484500074386595,0.1500439296517615
2025-12-05,143.73585510253906,388.6794128417969,15.40999984741211,19.280000066757204,0.14716063618730094
2025-12-08,144.3404541015625,399.4960021972656,16.65999984741211,19.159000062942503,0.24987944945911253
2025-12-09,143.3592071533203,404.66522216796875,16.93000030517578,19.12550005912781,0.18179875830577039
2025-12-10,148.37440490722656,411.3185119628906,15.770000457763672,19.050000047683717,0.6733093419425826
2025-12-11,147.72024536132812,404.7449035644531,14.850000381469727,18.91700005531311,0.584434375985599
2025-12-12,149.3159942626953,358.4906005859375,15.739999771118164,18.70400004386902,0.5308808169085303
2025-12-15,149.88095092773438,338.4510803222656,16.5,18.537500047683714,0.49601933762884837
2025-12-16,149.03846740722656,339.93511962890625,16.479999542236328,18.242500066757202,0.4247444341447557
2025-12-17,148.7510528564453,324.7162170410156,17.6200008392334,17.88900008201599,0.332177553955599
2025-12-18,148.04733276367188,328.5608215332031,16.8700008392334,17.549500131607054,0.2839485263117371
2025-12-19,146.84805297851562,338.9988708496094,14.90999984741211,16.974000120162962,0.21862317682594584
2025-12-22,145.7478790283203,340.7352600097656,14.079999923706055,16.50650010108948,0.12467253942942569
2025-12-23,142.40771484375,348.5887756347656,14.0,16.180500078201295,-0.14935908325709268
2025-12-24,142.46719360351562,349.48687744140625,13.470000267028809,15.926000118255615,-0.13997439354457003
2025-12-26,142.5068359375,351.39288330078125,13.600000381469727,15.74650011062622,-0.128044979166266
2025-12-29,142.9627685546875,348.65863037109375,14.199999809265137,15.639000082015992,-0.09785422668114763
2025-12-30,142.8834686279297,349.1176452636719,14.329999923706055,15.493500089645385,-0.10317711167578544
2025-12-31,142.24913024902344,345.3755187988281,14.949999809265137,15.411500072479248,-0.17793428959701957
2026-01-02,140.97055053710938,346.8923034667969,14.510000228881836,15.333000087738037,-0.28929534402515067
2026-01-05,138.68101501464844,342.7011413574219,14.899999618530273,15.289000082015992,-0.5186873176820168
2026-01-06,137.72952270507812,343.0503845214844,14.75,15.256000089645386,-0.6049431885706774
2026-01-07,135.79676818847656,342.78094482421875,15.380000114440918,15.192000102996825,-0.7844021414987798
2026-01-08,138.13587951660156,331.7840270996094,15.449999809265137,15.118000078201295,-0.616357144947685
2026-01-09,138.6710968017578,344.24786376953125,14.489999771118164,15.054000043869019,-0.5128890643268069
2026-01-12,140.10826110839844,351.47271728515625,15.119999885559082,15.067500019073487,-0.3489582100687359
2026-01-13,142.20948791503906,353.86767578125,15.979999542236328,15.079500007629395,-0.1447330093394257
2026-01-14,144.6278839111328,339.17852783203125,16.75,15.092000007629395,0.014600480537648994
2026-01-15,145.27212524414062,342.30194091796875,15.84000015258789,15.060000038146972,0.08758579484381791
2026-01-16,145.02435302734375,350.9737548828125,15.859999656677246,14.971999979019165,0.10236761415632942
2026-01-20,146.35247802734375,331.9037780761719,20.09000015258789,15.13299994468689,0.1421136821143968
2026-01-21,145.4406280517578,328.1116943359375,16.899999618530273,15.232499933242797,0.041540249818867024
2026-01-22,143.121337890625,324.8086242675781,15.640000343322754,15.310499954223634,-0.18674193280650664
2026-01-23,143.29974365234375,319.3800354003906,16.09000015258789,15.414999961853027,-0.19384612413646451
2026-01-26,144.5783233642578,324.16998291015625,16.149999618530273,15.548999929428101,-0.0551122339108773
2026-01-27,147.46255493164062,332.0933837890625,16.350000381469727,15.6864999294281,0.24533714261634793
2026-01-28,147.18502807617188,332.54241943359375,16.350000381469727,15.79399995803833,0.22168523797599896
2026-01-29,147.37335205078125,330.0376892089844,16.8799991607666,15.921499919891357,0.22818626210487325
2026-01-30,152.2696075439453,330.6064758300781,17.440000534057617,16.04599995613098,0.6823165535232608
2026-02-02,153.82569885253906,330.4168701171875,16.34000015258789,16.137499952316283,0.8250373321179332
2026-02-03,161.40797424316406,319.659423828125,18.0,16.29249997138977,1.4777843508741346
2026-02-04,164.70846557617188,307.4051513671875,18.639999389648438,16.48699994087219,1.7290558847201496
2026-02-05,166.04652404785156,309.8600158691406,21.770000457763672,16.80649995803833,1.8631416130110465
2026-02-06,168.98031616210938,332.2231140136719,20.3700008392334,17.052500009536743,2.2308347592069198
2026-02-09,164.99591064453125,343.22003173828125,17.360000610351562,17.196000051498412,1.9110174080239213
2026-02-10,165.49148559570312,339.72735595703125,17.790000915527344,17.329500102996825,1.9415732706576505
2026-02-11,167.6521759033203,342.0425109863281,17.649999618530273,17.413000106811523,2.150937393739966
2026-02-12,165.7194366455078,330.4767761230469,20.81999969482422,17.616500091552734,1.9224510290184116
2026-02-13,164.47061157226562,324.48931884765625,20.600000381469727,17.854500102996827,1.7812643954478542
2026-02-17,160.4862060546875,331.8439025878906,20.290000915527344,18.07600016593933,1.4456383802429722
2026-02-18,162.934326171875,332.8118591308594,19.6200008392334,18.052500200271606,1.6756696619820486
2026-02-19,163.13255310058594,333.29083251953125,20.229999542236328,18.21900019645691,1.696034236529966
2026-02-20,163.47946166992188,331.9536437988281,19.09000015258789,18.391500186920165,1.7222315375795476
2026-02-23,166.82952880859375,329.64849853515625,21.010000228881836,18.637500190734862,2.0212580223994916
2026-02-24,168.03871154785156,324.8086242675781,19.549999237060547,18.807500171661378,2.111794399141068
2026-02-25,167.6719970703125,331.6143798828125,17.93000030517578,18.88650016784668,2.107505059117262
2026-02-26,166.09608459472656,321.0265808105469,18.6299991607666,19.000500106811522,1.9161791485905886
2026-02-27,168.23695373535156,318.8810729980469,19.860000610351562,19.149500179290772,2.1043544204894253
2026-03-02,165.79873657226562,318.1526184082031,21.440000534057617,19.34950017929077,1.876276149872392
2026-03-03,163.44972229003906,313.18304443359375,23.56999969482422,19.711000156402587,1.638018971558085
2026-03-04,162.46849060058594,316.86529541015625,21.149999618530273,19.8685001373291,1.5634858610193068
2026-03-05,159.27700805664062,332.0733947753906,23.75,20.12400016784668,1.335090354800467
2026-03-06,159.42999267578125,329.7882080078125,29.489999771118164,20.510000133514403,1.3392843279320963
2026-03-09,161.52999877929688,345.0262451171875,25.5,20.766500091552736,1.5991391796621863
2026-03-10,160.77999877929688,341.86285400390625,24.93000030517578,21.145000076293947,1.5162245013145923
2026-03-11,160.14999389648438,340.85498046875,24.229999542236328,21.467000007629395,1.4537344317684844
2026-03-12,158.86000061035156,335.2667236328125,27.290000915527344,21.949000072479247,1.3104828138807556
2026-03-13,159.8800048828125,321.4856262207031,27.190000534057617,22.267500114440917,1.3447609683623218
2026-03-16,157.72000122070312,324.2398681640625,23.510000228881836,22.413000106811523,1.157462669348602
2026-03-17,156.5,320.63739013671875,22.3700008392334,22.517000102996825,1.0292863523204552
2026-03-18,153.5399932861328,315.2686462402344,25.09000015258789,22.79050006866455,0.7329348632092507
2026-03-19,152.74000549316406,319.17047119140625,24.059999465942383,22.982000064849853,0.6760738447708405
2026-03-20,150.0399932861328,309.8600158691406,26.780000686645508,23.366500091552734,0.38659785641907946
2026-03-23,150.8800048828125,322.510009765625,26.149999618530273,23.623500061035156,0.5189900645289502
2026-03-24,150.58999633789062,318.2900085449219,26.950000762939453,23.9935001373291,0.4739219518643827
2026-03-25,151.72999572753906,318.80999755859375,25.329999923706055,24.363500118255615,0.5813396001884312
2026-03-26,150.8300018310547,309.4200134277344,27.440000534057617,24.804000186920167,0.4575635237328972
2026-03-27,153.0399932861328,300.67999267578125,31.049999237060547,25.363500118255615,0.6234931974838384
2026-03-30,156.82000732421875,293.4100036621094,30.610000610351562,25.822000122070314,0.9406320111578521
2026-03-31,155.2899932861328,309.510009765625,25.25,25.9060001373291,0.8693719850224235
2026-04-01,154.64999389648438,313.489990234375,24.540000915527344,26.075500202178954,0.8276085250096004
2026-04-02,157.00999450683594,314.54998779296875,23.8700008392334,26.081500244140624,1.0499105870567809
2026-04-06,156.72999572753906,314.42999267578125,24.170000076293945,25.815500259399414,1.0235609170048208
2026-04-07,153.2100067138672,333.9700012207031,25.780000686645508,25.82950029373169,0.7836634910937329
2026-04-08,154.8000030517578,350.6300048828125,21.040000915527344,25.63500032424927,1.002643512155726
2026-04-09,157.49000549316406,354.9100036621094,19.489999771118164,25.39800033569336,1.2693626642578815
2026-04-10,157.05999755859375,371.54998779296875,19.229999542236328,24.995000267028807,1.3019178099296924
2026-04-13,155.8800048828125,379.75,19.1200008392334,24.591500282287598,1.228657970267851
2026-04-14,155.72000122070312,380.7799987792969,18.360000610351562,24.334000301361083,1.2183686782474124
2026-04-15,154.85000610351562,396.7200012207031,18.170000076293945,24.12400026321411,1.2072985199073254
2026-04-16,158.3800048828125,398.4700012207031,17.940000534057617,23.7665002822876,1.540523409541464
2026-04-17,157.6699981689453,406.5400085449219,17.479999542236328,23.437500286102296,1.5100537965800138
2026-04-20,156.99000549316406,399.6300048828125,18.8700008392334,23.04200029373169,1.4173357773831872
2026-04-21,154.9199981689453,402.1700134277344,19.5,22.709500312805176,1.2374094825497681
2026-04-22,153.7899932861328,422.6499938964844,18.920000076293945,22.3080002784729,1.2220590464335936
2026-04-23,155.6999969482422,419.94000244140625,19.309999465942383,22.007000255584718,1.3864878208297473
2026-04-24,155.44000244140625,422.760009765625,18.709999084472656,21.57050018310547,1.3747438364689537
2026-04-27,154.10000610351562,418.20001220703125,18.020000457763672,20.919000244140626,1.2313425295383993
2026-04-28,156.2899932861328,399.8299865722656,17.829999923706055,20.28000020980835,1.3536301905190407
2026-04-29,155.2899932861328,405.45001220703125,18.809999465942383,19.95800018310547,1.285776211367694
2026-04-30,158.49000549316406,417.42999267578125,16.889999389648438,19.575500106811525,1.6329617899675355
