Date,PEP,QCOM,VIX,AvgVIX,zscore
2024-01-30,156.6417999267578,139.1292724609375,13.3100004196167,13.347500038146972,0.8687767808112092
2024-01-31,155.63519287109375,141.54054260253906,14.350000381469727,13.405000066757202,0.7518713969644977
2024-02-01,158.56263732910156,134.48782348632812,13.880000114440918,13.397000074386597,1.0923319228280286
2024-02-02,157.8885040283203,135.0405731201172,13.850000381469727,13.383000087738036,1.0265341424612227
2024-02-05,157.84231567382812,137.27076721191406,13.670000076293945,13.399000072479248,0.996235057424368
2024-02-06,158.30404663085938,137.33750915527344,13.0600004196167,13.39800009727478,1.0360626180062602
2024-02-07,158.3502197265625,139.0435028076172,12.829999923706055,13.40150008201599,1.0200542241726496
2024-02-08,160.5481414794922,141.22604370117188,12.789999961853027,13.406500101089478,1.1877021830803227
2024-02-09,154.84100341796875,143.9136962890625,12.930000305175781,13.431000137329102,0.6540981563695196
2024-02-12,157.55606079101562,145.9151153564453,13.930000305175781,13.492500162124633,0.8693628559273995
2024-02-13,155.9584197998047,142.99871826171875,15.850000381469727,13.593000173568726,0.7631473640805442
2024-02-14,154.7024688720703,146.7156982421875,14.380000114440918,13.57250018119812,0.6089496585766775
2024-02-15,155.01644897460938,148.65997314453125,14.010000228881836,13.566500186920166,0.6136937241849855
2024-02-16,153.5942840576172,145.5243682861328,14.239999771118164,13.613500165939332,0.5254914850920294
2024-02-20,155.74600219726562,144.82864379882812,15.420000076293945,13.725000190734864,0.7229360036353806
2024-02-21,155.9122314453125,144.8762969970703,15.34000015258789,13.864500188827515,0.7369965199242519
2024-02-22,155.3765869140625,147.48770141601562,14.539999961853027,13.934500169754028,0.6591614274243779
2024-02-23,156.62332153320312,147.6401824951172,13.75,13.949500179290771,0.7670273388868937
2024-02-26,155.38583374023438,149.66070556640625,13.739999771118164,13.973500156402588,0.6344110798718535
2024-02-27,155.29348754882812,150.87110900878906,13.430000305175781,13.96500015258789,0.6120490949971062
2024-02-28,154.2499542236328,149.29054260253906,13.84000015258789,13.99150013923645,0.5388565676315992
2024-02-29,153.8544921875,151.1488800048828,13.399999618530273,13.944000101089477,0.48221082293089734
2024-03-01,153.1565704345703,156.22579956054688,13.109999656677246,13.905500078201294,0.3610973862485145
2024-03-04,153.88238525390625,159.5498046875,13.489999771118164,13.887500047683716,0.38583399202324964
2024-03-05,150.7837371826172,154.65484619140625,14.460000038146973,13.927000045776367,0.17086979558341195
2024-03-06,151.6770477294922,160.82382202148438,14.5,13.999000024795532,0.17687008528469064
2024-03-07,151.77938842773438,168.32424926757812,14.4399995803833,14.079500007629395,0.09763512654751848
2024-03-08,151.7235565185547,163.39100646972656,14.739999771118164,14.17699999809265,0.15075998938761706
2024-03-11,153.286865234375,163.9178466796875,15.220000267028809,14.291499996185303,0.2820669456750212
2024-03-12,153.1100311279297,165.79537963867188,13.84000015258789,14.286999988555909,0.2444253589222666
2024-03-13,153.81729125976562,162.12655639648438,13.75,14.181999969482423,0.3497950367497261
2024-03-14,153.33338928222656,161.3602294921875,14.399999618530273,14.18299994468689,0.31624743133020045
2024-03-15,153.2217254638672,160.16285705566406,14.40999984741211,14.202999925613403,0.32051189474705416
2024-03-18,159.36325073242188,159.89463806152344,14.329999923706055,14.207499933242797,0.8638608354420224
2024-03-19,159.86572265625,157.1933135986328,13.819999694824219,14.127499914169311,0.9398359846713145
2024-03-20,159.9215545654297,160.613037109375,13.039999961853027,14.012499904632568,0.9045164796114424
2024-03-21,160.4705810546875,163.6592254638672,12.920000076293945,13.931499910354614,0.9169715105187476
2024-03-22,160.07044982910156,162.9407958984375,13.0600004196167,13.896999931335449,0.8902287014310735
2024-03-25,160.6101837158203,160.46937561035156,13.1899995803833,13.869499921798706,0.9667766810219506
2024-03-26,160.7311248779297,160.038330078125,13.239999771118164,13.859999895095825,0.9824852800203675
2024-03-27,161.5127716064453,162.01162719726562,12.779999732971191,13.80699987411499,1.0280227359083502
2024-03-28,162.85272216796875,162.17445373535156,13.010000228881836,13.787499904632568,1.1439659877515453
2024-04-01,160.96376037597656,164.4925994873047,13.649999618530273,13.81449990272522,0.9505463720787919
2024-04-02,159.53073120117188,163.8412322998047,14.609999656677246,13.870499897003175,0.8321634473274389
2024-04-03,157.89297485351562,166.59043884277344,14.329999923706055,13.863999891281129,0.6557681593408035
2024-04-04,157.86509704589844,162.61509704589844,16.350000381469727,13.956499910354614,0.7000828487187605
2024-04-05,157.39051818847656,164.3105926513672,16.030000686645508,14.035999965667724,0.6383938867259187
2024-04-08,157.7999267578125,166.31263732910156,15.1899995803833,14.058499956130982,0.6508519913687696
2024-04-09,158.75839233398438,168.1805877685547,14.979999542236328,14.046499919891357,0.7131813214500807
2024-04-10,157.21371459960938,163.66880798339844,15.800000190734863,14.144499921798706,0.6303927642596742
2024-04-11,156.66468811035156,167.7591094970703,14.90999984741211,14.202499914169312,0.5339825723710236
2024-04-12,156.42274475097656,164.08071899414062,17.309999465942383,14.347999906539917,0.5559751816737258
2024-04-15,155.35263061523438,162.69171142578125,19.229999542236328,14.588999891281128,0.47819113288486
2024-04-16,155.8644256591797,161.4847412109375,18.399999618530273,14.792499876022339,0.5374064247312526
2024-04-17,157.70689392089844,157.404052734375,18.209999084472656,15.01199984550476,0.7474715047216243
2024-04-18,160.30308532714844,154.64527893066406,18.0,15.259999847412109,1.008280949860358
2024-04-19,162.03387451171875,150.99560546875,18.709999084472656,15.549499797821046,1.2034524602294845
2024-04-22,164.2020263671875,153.4383087158203,16.940000534057617,15.743499803543092,1.3654213272997369
2024-04-23,159.32603454589844,154.55906677246094,15.6899995803833,15.868499803543092,0.9233561683673434
2024-04-24,165.0860137939453,156.7430877685547,15.970000267028809,16.004999828338622,1.4042965887035264
2024-04-25,164.40670776367188,156.427001953125,15.369999885559082,16.13449983596802,1.3482649898230883
2024-04-26,163.3831329345703,158.68765258789062,15.029999732971191,16.235499811172485,1.2316390814979647
2024-04-29,163.90423583984375,162.0786590576172,14.670000076293945,16.28649983406067,1.2375815096846272
2024-04-30,163.69021606445312,158.86965942382812,15.649999618530273,16.33849983215332,1.2565081967442326
2024-05-01,162.98301696777344,157.202880859375,15.390000343322754,16.391499853134157,1.213913024192273
2024-05-02,163.26219177246094,172.5198974609375,14.680000305175781,16.307999849319458,1.0582759676349347
2024-05-03,163.91354370117188,172.07925415039062,13.489999771118164,16.18099980354309,1.1207511119205082
2024-05-06,163.60650634765625,174.19627380371094,13.489999771118164,16.095999813079835,1.0688397940831094
2024-05-07,165.65365600585938,172.56777954101562,13.229999542236328,16.008499813079833,1.268060023435753
2024-05-08,165.0860137939453,172.9509735107422,13.0,15.868499803543092,1.2136236273751797
2024-05-09,165.6908721923828,172.94139099121094,12.6899995803833,15.75749979019165,1.266938224944136
2024-05-10,167.30068969726562,174.41656494140625,12.550000190734863,15.519499826431275,1.391179584003464
2024-05-13,168.33358764648438,176.45692443847656,13.600000381469727,15.237999868392944,1.4580275474971367
2024-05-14,167.37513732910156,181.01658630371094,13.420000076293945,14.988999891281129,1.3200837826352514
2024-05-15,166.99363708496094,186.41920471191406,12.449999809265137,14.700999927520751,1.2229704192219344
2024-05-16,170.39007568359375,185.13560485839844,12.420000076293945,14.42199993133545,1.5368133968535445
2024-05-17,169.5339813232422,185.70079040527344,11.989999771118164,14.085999965667725,1.454864467609138
2024-05-20,167.7845458984375,189.4365997314453,12.149999618530273,13.846499919891357,1.25703955916815
2024-05-21,168.50111389160156,192.39657592773438,11.859999656677246,13.654999923706054,1.2852453492640383
2024-05-22,169.44091796875,194.3889923095703,12.289999961853027,13.470999908447265,1.3444690160834232
2024-05-23,166.81683349609375,193.26828002929688,12.770000457763672,13.340999937057495,1.1268452515210134
2024-05-24,165.62576293945312,201.50631713867188,11.930000305175781,13.185999965667724,0.9251676022869084
2024-05-28,161.3359832763672,204.11184692382812,12.920000076293945,13.098499965667724,0.5171970669449689
2024-05-29,159.26087951660156,199.4946746826172,14.279999732971191,13.02999997138977,0.3889933915343805
2024-05-30,158.63742065429688,196.9842987060547,14.470000267028809,12.983999967575073,0.36368806196608394
2024-05-31,160.8893280029297,196.26292419433594,12.920000076293945,12.895999956130982,0.5702467307848641
2024-06-03,159.33531188964844,198.05194091796875,13.109999656677246,12.876999950408935,0.41251290327154544
2024-06-04,161.810546875,196.57070922851562,13.15999984741211,12.860499954223632,0.6476540442634203
2024-06-05,161.43833923339844,203.81333923339844,12.630000114440918,12.830499982833862,0.5297117537957443
2024-06-06,161.16848754882812,201.44723510742188,12.579999923706055,12.809499979019165,0.533811603313187
2024-06-07,160.4134979248047,198.73484802246094,12.220000267028809,12.78600001335144,0.4993136503035448
2024-06-10,155.59283447265625,201.36068725585938,12.739999771118164,12.795499992370605,0.04440894944690397
2024-06-11,154.81442260742188,200.56234741210938,12.850000381469727,12.757999992370605,-0.014666419160378622
2024-06-12,153.6514434814453,207.170166015625,12.039999961853027,12.68899998664856,-0.1946949829694574
2024-06-13,153.1824951171875,209.497802734375,11.9399995803833,12.663499975204468,-0.26332534094975535
2024-06-14,153.6326904296875,207.11245727539062,12.65999984741211,12.675499963760377,-0.19566555787783552
2024-06-17,155.81793212890625,213.739501953125,12.75,12.713499975204467,-0.08141897857806574
2024-06-18,156.1367950439453,218.42364501953125,12.300000190734863,12.721000003814698,-0.10847781544331714
2024-06-20,156.32435607910156,207.2471160888672,13.279999732971191,12.792000007629394,0.03950262129708531
2024-06-21,156.88710021972656,204.41928100585938,13.199999809265137,12.8375,0.1222674648681135
2024-06-24,157.6374053955078,193.17543029785156,13.329999923706055,12.86549997329712,0.3205374886809648
2024-06-25,156.9527587890625,194.45468139648438,12.84000015258789,12.910999965667724,0.2452682682957987
2024-06-26,156.38064575195312,189.79937744140625,12.550000190734863,12.892499971389771,0.24971257387666546
2024-06-27,155.93048095703125,187.7025604248047,12.239999771118164,12.79049997329712,0.23478457285287868
2024-06-28,154.68310546875,191.57876586914062,12.4399995803833,12.688999938964844,0.07946798035581105
2024-07-01,152.7698516845703,192.39633178710938,12.220000267028809,12.653999948501587,-0.09843516424966985
2024-07-02,153.41697692871094,192.52137756347656,12.029999732971191,12.599999952316285,-0.04298667366853904
2024-07-03,152.49786376953125,196.03208923339844,12.09000015258789,12.546499967575073,-0.16513036849496227
2024-07-05,154.1766357421875,197.89804077148438,12.479999542236328,12.538999938964844,-0.03942113229641708
2024-07-08,152.04766845703125,199.95639038085938,12.369999885559082,12.528499937057495,-0.2508947484984322
2024-07-09,151.8413543701172,199.21575927734375,12.510000228881836,12.542999935150146,-0.26032869210298554
2024-07-10,153.4263458251953,200.8316650390625,12.850000381469727,12.548499965667725,-0.13992657021987598
2024-07-11,153.7639923095703,192.22323608398438,12.920000076293945,12.551999950408936,-0.008956649885939303
2024-07-12,156.0430145263672,194.7047576904297,12.460000038146973,12.572999954223633,0.16230743595665612
2024-07-15,153.6795654296875,200.23532104492188,13.119999885559082,12.631999969482422,-0.11063847692676246
2024-07-16,154.52365112304688,201.6395721435547,13.1899995803833,12.658499956130981,-0.05291466572894895
2024-07-17,159.33493041992188,184.28807067871094,14.479999542236328,12.744999933242799,0.5744004013730032
2024-07-18,159.78512573242188,184.15338134765625,15.930000305175781,12.926499938964843,0.6155829945343869
2024-07-19,158.837890625,179.10374450683594,16.520000457763672,13.088499975204467,0.5916714940213268
2024-07-22,157.24346923828125,187.52943420410156,14.90999984741211,13.173999977111816,0.3523085069964985
2024-07-23,155.94921875,185.9712677001953,14.720000267028809,13.243499994277954,0.25679999343246135
2024-07-24,157.72181701660156,174.159912109375,18.040000915527344,13.503500032424927,0.5516646658818597
2024-07-25,160.39474487304688,168.69664001464844,18.459999084472656,13.798999977111816,0.8510399458186794
2024-07-26,162.01727294921875,173.1788330078125,16.389999389648438,14.00649995803833,0.9410240940679907
2024-07-29,162.4486846923828,171.82264709472656,16.600000381469727,14.214499998092652,0.994924471903429
2024-07-30,162.4205322265625,160.5691375732422,17.690000534057617,14.488000011444091,1.1248368919647105
2024-07-31,161.9422149658203,174.04449462890625,16.360000610351562,14.70450005531311,0.9242383526917384
2024-08-01,164.08995056152344,157.74134826660156,18.59000015258789,15.029500055313111,1.3049415550758712
2024-08-02,166.97857666015625,153.23031616210938,23.389999389648438,15.575000047683716,1.6120867747375833
2024-08-05,163.22708129882812,151.92222595214844,38.56999969482422,16.885000038146973,1.2975030563432581
2024-08-06,161.77340698242188,152.66282653808594,27.709999084472656,17.644999980926514,1.160928835057345
2024-08-07,161.1168975830078,150.16204833984375,27.850000381469727,18.394999980926514,1.1326035507276278
2024-08-08,161.66085815429688,158.6550750732422,23.790000915527344,18.938500022888185,1.0805352487704625
2024-08-09,161.6796417236328,158.20301818847656,20.3700008392334,19.334000062942504,1.0875054974729577
2024-08-12,160.76986694335938,156.67369079589844,20.709999084472656,19.713500022888184,1.025475258405563
2024-08-13,161.66085815429688,163.0025634765625,18.1200008392334,19.96000008583069,1.029390484956877
2024-08-14,162.91763305664062,160.7711181640625,16.190000534057617,20.045500135421754,1.1661845243925701
2024-08-15,161.8015594482422,166.72488403320312,15.229999542236328,20.01050009727478,0.997976068606442
2024-08-16,161.8953399658203,165.60916137695312,14.800000190734863,19.92450008392334,1.0193503687151506
2024-08-19,163.0207977294922,167.60977172851562,14.649999618530273,19.91150007247925,1.0948072845955952
2024-08-20,164.92466735839844,165.54185485839844,15.880000114440918,19.969500064849854,1.2865944122206616
2024-08-21,164.32443237304688,167.57130432128906,16.270000457763672,19.88100004196167,1.2099243411470564
2024-08-22,164.82151794433594,162.55052185058594,17.549999237060547,19.835500049591065,1.312712309598714
2024-08-23,164.94342041015625,166.87879943847656,15.859999656677246,19.809000062942506,1.272515788874548
2024-08-26,165.03721618652344,163.0218505859375,16.149999618530273,19.786500024795533,1.326139790014799
2024-08-27,164.40882873535156,167.29238891601562,15.430000305175781,19.67350001335144,1.220628858183904
2024-08-28,163.11456298828125,165.29177856445312,17.110000610351562,19.71100001335144,1.1303240045526928
2024-08-29,161.3982696533203,163.0218505859375,15.649999618530273,19.56399998664856,1.0060669444323749
2024-08-30,162.13919067382812,168.610107421875,15.0,19.144500017166138,1.0054951235787997
2024-09-03,166.50967407226562,157.01036071777344,20.719999313354492,18.25199999809265,1.5263740132495107
2024-09-04,167.4287872314453,159.02059936523438,21.31999969482422,17.932500028610228,1.5835680926167162
2024-09-05,168.16033935546875,158.26646423339844,19.899999618530273,17.534999990463255,1.6567854335408054
2024-09-06,167.5885772705078,152.93936157226562,22.3799991607666,17.46449990272522,1.6691637886481503
2024-09-09,168.391845703125,155.4337158203125,19.450000762939453,17.41849989891052,1.7104732116394064
2024-09-10,168.03271484375,156.31350708007812,19.079999923706055,17.336999940872193,1.6685348901741974
2024-09-11,166.11434936523438,161.03155517578125,17.690000534057617,17.315499925613402,1.4442960444391872
2024-09-12,167.5035400390625,159.5039825439453,17.06999969482422,17.359499883651733,1.5844565460014917
2024-09-13,167.6074676513672,162.16270446777344,16.559999465942383,17.425999879837036,1.5623200034703817
2024-09-16,167.46572875976562,161.0798797607422,17.139999389648438,17.542999839782716,1.5625915734582243
2024-09-17,167.1444091796875,163.1005096435547,17.610000610351562,17.690999889373778,1.510557975311332
2024-09-18,165.57569885253906,162.7137908935547,18.229999542236328,17.80849986076355,1.3771274882975981
2024-09-19,165.0559539794922,168.14724731445312,16.329999923706055,17.81149983406067,1.2674916802775822
2024-09-20,161.7672882080078,163.31321716308594,16.149999618530273,17.741499853134155,1.035097217417812
2024-09-23,162.64617919921875,160.4514617919922,15.890000343322754,17.742999887466432,1.1460686108575093
2024-09-24,160.5765838623047,161.4086151123047,15.390000343322754,17.704999923706055,0.952771909855043
2024-09-25,160.08517456054688,162.68479919433594,15.40999984741211,17.70399990081787,0.8945354516555617
2024-09-26,160.35922241210938,166.9290771484375,15.369999885559082,17.616999864578247,0.8687094565850185
2024-09-27,160.6521759033203,164.48304748535156,16.959999084472656,17.682499837875366,0.9232525349468571
2024-09-30,160.69944763183594,164.40570068359375,16.729999542236328,17.768999814987183,0.9283203646523969
2024-10-01,161.95631408691406,160.27743530273438,19.260000228881836,17.69599986076355,1.0874370452657312
2024-10-02,160.22694396972656,162.733154296875,18.899999618530273,17.574999856948853,0.9064362829342509
2024-10-03,159.26303100585938,163.31321716308594,20.489999771118164,17.604499864578248,0.8148288728712972
2024-10-04,158.73382568359375,163.29388427734375,19.209999084472656,17.44599986076355,0.7685087019117864
2024-10-07,158.01559448242188,161.39892578125,22.639999389648438,17.605499792099,0.7276275288947947
2024-10-08,161.04908752441406,160.81884765625,21.420000076293945,17.722499799728393,1.0012703252819313
2024-10-09,163.05250549316406,164.570068359375,20.860000610351562,17.88099980354309,1.133355928872317
2024-10-10,163.47776794433594,162.92649841308594,20.93000030517578,18.07399983406067,1.190096275945844
2024-10-11,165.19769287109375,164.33802795410156,20.459999084472656,18.268999814987183,1.3247711409493852
2024-10-14,166.41677856445312,172.1304931640625,19.700000762939453,18.396999883651734,1.3403267475534817
2024-10-15,166.22775268554688,168.3115997314453,20.639999389648438,18.548499822616577,1.368626755020582
2024-10-16,164.8858642578125,165.7882537841797,19.579999923706055,18.615999841690062,1.2802826977538118
2024-10-17,165.06539916992188,165.4208526611328,19.110000610351562,18.75499987602234,1.3003963336781637
2024-10-18,165.43394470214844,165.246826171875,18.030000686645508,18.8489999294281,1.33485998223663
2024-10-21,165.38668823242188,163.4002227783203,18.3700008392334,18.97299995422363,1.3524272475734511
2024-10-22,164.7818603515625,167.4318084716797,18.200000762939453,19.11349997520447,1.2517996468293502
2024-10-23,163.43997192382812,161.07022094726562,19.239999771118164,19.30499997138977,1.2086094670916856
2024-10-24,162.69342041015625,162.52044677734375,19.079999923706055,19.49049997329712,1.1258838597887864
2024-10-25,162.34373474121094,164.618408203125,20.329999923706055,19.65900001525879,1.0704455053129855
2024-10-28,160.50096130371094,166.503662109375,19.799999237060547,19.8125,0.8861811347515142
2024-10-29,158.28964233398438,170.158203125,19.34000015258789,19.816499996185303,0.6486861356956005
2024-10-30,157.07058715820312,162.05636596679688,20.350000381469727,19.889000034332277,0.6367727297156658
2024-10-31,156.94773864746094,157.3673553466797,23.15999984741211,20.022500038146973,0.6811297775581516
2024-11-01,156.4846954345703,159.78436279296875,21.8799991607666,20.15600004196167,0.6119674463129552
2024-11-04,157.1934356689453,159.69732666015625,21.979999542236328,20.123000049591063,0.6753304168670851
2024-11-05,158.6204071044922,160.4031219482422,20.489999771118164,20.076500034332277,0.7925402141039815
2024-11-06,155.653076171875,167.2481231689453,16.270000457763672,19.84700002670288,0.45101500820606516
2024-11-07,154.9821014404297,167.17079162597656,15.199999809265137,19.56050000190735,0.39290745476428657
2024-11-08,156.0310821533203,165.23716735839844,14.9399995803833,19.28450002670288,0.5079207958968741
2024-11-11,155.22779846191406,162.7041015625,14.970000267028809,19.048000001907347,0.46706544153381124
2024-11-12,155.30340576171875,157.98611450195312,14.710000038146973,18.751500034332274,0.5292190624729508
2024-11-13,155.68142700195312,155.09535217285156,14.020000457763672,18.473500061035157,0.5964764203795944
2024-11-14,156.06886291503906,158.52749633789062,14.3100004196167,18.233500051498414,0.5901778740774849
2024-11-15,149.89791870117188,155.17266845703125,16.139999389648438,18.13899998664856,0.08686359683324814
2024-11-18,149.62388610839844,159.03993225097656,15.579999923706055,17.99949994087219,0.017265058585962226
2024-11-19,148.10243225097656,159.24295043945312,16.350000381469727,17.906999921798707,-0.11894665363597598
2024-11-20,150.01133728027344,149.14950561523438,17.15999984741211,17.802999925613403,0.16769736666673354
2024-11-21,151.52333068847656,150.2999725341797,16.8700008392334,17.692499971389772,0.2871542787073415
2024-11-22,153.09207153320312,151.58583068847656,15.239999771118164,17.437999963760376,0.41000978576703745
2024-11-25,154.08436584472656,153.54844665527344,14.600000381469727,17.178000020980836,0.4742009436681679
2024-11-26,153.2432861328125,151.72117614746094,14.100000381469727,16.916000032424925,0.42171802015088833
2024-11-27,153.77247619628906,151.20875549316406,14.100000381469727,16.603500032424925,0.4742925089632563
2024-11-29,154.4623565673828,153.26806640625,13.510000228881836,16.121000051498413,0.5107465359955041
2024-12-02,154.08436584472656,157.6186981201172,13.34000015258789,15.694000101089477,0.42631765324412874
2024-12-03,152.8085479736328,157.1836700439453,13.300000190734863,15.260000133514405,0.31921759203305483
2024-12-04,151.37213134765625,157.91842651367188,13.449999809265137,14.908000135421753,0.1842300664362257
2024-12-05,151.66510009765625,155.87750244140625,13.539999961853027,14.77150011062622,0.234008739936193
2024-12-06,150.3832244873047,155.02224731445312,12.770000457763672,14.650000143051148,0.13131949379025384
2024-12-09,151.98439025878906,156.21766662597656,14.1899995803833,14.612500143051147,0.2580909596614552
2024-12-10,152.33702087402344,152.05807495117188,14.180000305175781,14.573000144958495,0.3380417943116925
2024-12-11,149.4111328125,155.33326721191406,13.579999923706055,14.51650013923645,0.04215778211137617
2024-12-12,151.44113159179688,153.78799438476562,13.920000076293945,14.511500120162964,0.23889042767033347
2024-12-13,150.55477905273438,154.06983947753906,13.8100004196167,14.486500120162964,0.15761333938523564
2024-12-16,148.6963348388672,153.4478302001953,14.6899995803833,14.414000129699707,0.0014665746641905806
2024-12-17,148.81068420410156,153.4770050048828,15.869999885559082,14.428500127792358,0.011181246915878011
2024-12-18,147.1809539794922,148.7440185546875,27.6200008392334,14.992000150680543,-0.07648599797478255
2024-12-19,144.3599090576172,146.16854858398438,24.09000015258789,15.338500165939331,-0.29431984833925995
2024-12-20,145.61793518066406,148.58851623535156,18.360000610351562,15.41300015449524,-0.21213595056455148
2024-12-23,144.18833923339844,153.78799438476562,16.780000686645508,15.490000200271606,-0.3990474665497431
2024-12-24,145.6370086669922,154.87648010253906,14.270000457763672,15.473500204086303,-0.2844312167610124
2024-12-26,145.2843780517578,154.06983947753906,14.729999542236328,15.505000162124634,-0.30595825485254713
2024-12-27,145.71324157714844,152.81613159179688,15.949999809265137,15.597500133514405,-0.25348758499566537
2024-12-30,144.59817504882812,150.23097229003906,17.399999618530273,15.792000102996827,-0.3211537569671967
2024-12-31,144.9221954345703,149.2979736328125,17.350000381469727,15.992500114440919,-0.2816777240092601
2025-01-02,143.15907287597656,149.31741333007812,17.93000030517578,16.224000120162962,-0.4369863688813417
2025-01-03,142.62533569335938,153.38951110839844,16.1299991607666,16.358000087738038,-0.5318375981620874
2025-01-06,139.4040069580078,155.3527069091797,16.040000915527344,16.483000135421754,-0.8382732490977312
2025-01-07,138.5748291015625,156.00384521484375,17.81999969482422,16.73550009727478,-0.9188658346772809
2025-01-08,139.6613311767578,154.60435485839844,17.700000762939453,16.911000156402586,-0.80683586935944
2025-01-10,135.9443817138672,152.5634307861328,19.540000915527344,17.179000186920167,-1.1097598039472416
2025-01-13,137.7170867919922,152.70921325683594,19.190000534057617,17.459500217437743,-0.9555520122479945
2025-01-14,138.14596557617188,155.0417022705078,18.709999084472656,17.69900016784668,-0.9452687714347653
2025-01-15,137.98391723632812,159.78440856933594,16.1200008392334,17.814500188827516,-1.0153163373385226
2025-01-16,139.6613311767578,156.88824462890625,16.600000381469727,17.910000228881835,-0.8337040267994166
2025-01-17,141.29107666015625,159.93019104003906,15.970000267028809,17.915000247955323,-0.7261416907090932
2025-01-21,141.5769805908203,162.56394958496094,15.0600004196167,17.287000226974488,-0.7319783665060032
2025-01-22,141.1385498046875,165.45037841796875,15.100000381469727,16.837500238418578,-0.80449822030857
2025-01-23,141.6436767578125,169.45448303222656,15.020000457763672,16.670500230789184,-0.8071736127739938
2025-01-24,142.1202392578125,167.26776123046875,14.850000381469727,16.574000215530397,-0.7395312866053108
2025-01-27,147.35250854492188,166.36392211914062,17.899999618530273,16.755500173568727,-0.26868071220431783
2025-01-28,143.19717407226562,166.72352600097656,16.40999984741211,16.839500188827515,-0.6384042345443932
2025-01-29,143.31153869628906,166.8790283203125,16.559999465942383,16.870000171661378,-0.6301743634985134
2025-01-30,144.76971435546875,167.09280395507812,15.84000015258789,16.792000198364256,-0.5044316967797426
2025-01-31,143.61651611328125,168.06468200683594,16.43000030517578,16.74600019454956,-0.6172975732975519
2025-02-03,143.21624755859375,165.45037841796875,18.6200008392334,16.780500221252442,-0.6217490025651545
2025-02-04,136.7545166015625,168.1715850830078,17.209999084472656,16.834500217437743,-1.2221199137655678
2025-02-05,138.8226318359375,170.91224670410156,15.770000457763672,16.821000194549562,-1.0724552681509276
2025-02-06,138.52719116210938,164.55625915527344,15.5,16.70500020980835,-1.0236683396526072
2025-02-07,137.7933349609375,163.23452758789062,16.540000915527344,16.647000217437743,-1.072667411097458
2025-02-10,137.5741424560547,166.5388641357422,15.8100004196167,16.46050019264221,-1.1308199552277554
2025-02-11,138.80357360839844,167.15115356445312,16.020000457763672,16.302000188827513,-1.0298852961202634
2025-02-12,137.2310333251953,165.49896240234375,15.890000343322754,16.16100025177002,-1.1487653743014044
2025-02-13,137.7933349609375,167.306640625,15.100000381469727,16.110000228881837,-1.1205726014473876
2025-02-14,136.65919494628906,167.38438415527344,14.770000457763672,16.018500232696532,-1.2212433771217739
2025-02-18,137.33587646484375,168.75473022460938,15.350000381469727,15.98750023841858,-1.1778451622375454
2025-02-19,138.96559143066406,170.29026794433594,15.270000457763672,15.998000240325927,-1.0525638031552018
2025-02-20,142.10116577148438,168.81301879882812,15.65999984741211,16.026000213623046,-0.7593876774240979
2025-02-21,146.29461669921875,160.7756805419922,18.209999084472656,16.185500144958496,-0.2959890501493626
2025-02-24,146.62820434570312,156.56752014160156,18.979999542236328,16.392000102996825,-0.21714181584372477
2025-02-25,149.07754516601562,156.68414306640625,19.43000030517578,16.4685001373291,-0.003075758564493766
2025-02-26,144.3980255126953,157.53939819335938,19.100000381469727,16.603000164031982,-0.424736273613173
2025-02-27,144.8841094970703,150.09490966796875,21.1299991607666,16.831500148773195,-0.2944029923844596
2025-02-28,146.26602172851562,152.74807739257812,19.6299991607666,17.021000099182128,-0.20406578970783124
2025-03-03,148.66775512695312,149.2979736328125,22.780000686645508,17.338500118255617,0.04777255455378489
2025-03-04,146.9522247314453,150.11434936523438,23.510000228881836,17.583000087738036,-0.11272532231362138
2025-03-05,146.6567840576172,154.03097534179688,21.93000030517578,17.819000148773192,-0.18478757011283115
2025-03-06,147.35250854492188,152.4675750732422,24.8700008392334,18.27400016784668,-0.10520117606771502
2025-03-07,148.49188232421875,157.52899169921875,23.3700008392334,18.66750020980835,-0.06452820731110304
2025-03-10,150.23216247558594,151.4318389892578,27.860000610351562,19.23350019454956,0.16027076361164755
2025-03-11,146.463134765625,149.5948944091797,26.920000076293945,19.78900017738342,-0.1496335037928144
2025-03-12,142.46336364746094,149.3017578125,24.229999542236328,20.199500131607056,-0.49799507792448955
2025-03-13,142.62680053710938,148.46145629882812,24.65999984741211,20.638000106811525,-0.4737340855147328
2025-03-14,142.86717224121094,152.99520874023438,21.770000457763672,20.97150011062622,-0.50592759070708
2025-03-17,145.51126098632812,154.3338623046875,20.510000228881836,21.25850009918213,-0.2891082061154862
2025-03-18,143.2517852783203,152.71185302734375,21.700000762939453,21.576000118255614,-0.4687645118016399
2025-03-19,142.40567016601562,154.6367645263672,19.899999618530273,21.807500076293945,-0.5658317915592692
2025-03-20,141.48263549804688,154.3338623046875,19.799999237060547,22.014500045776366,-0.6434562604368674
2025-03-21,139.84811401367188,153.229736328125,19.280000686645508,22.06800012588501,-0.7742356072185173
2025-03-24,140.80960083007812,156.41510009765625,17.479999542236328,21.99300012588501,-0.7271388624712134
2025-03-25,139.9346466064453,156.48348999023438,17.149999618530273,21.879000091552733,-0.8049022511156251
2025-03-26,142.91525268554688,154.7637939453125,18.329999923706055,21.84050006866455,-0.522504558946612
2025-03-27,143.9055633544922,154.35340881347656,18.690000534057617,21.7185001373291,-0.430571395638436
2025-03-28,143.52099609375,149.22360229492188,21.649999618530273,21.819500160217284,-0.40404887431788955
2025-03-31,144.16519165039062,150.09323120117188,22.280000686645508,21.794500160217286,-0.35761750372467227
2025-04-01,143.9055633544922,149.54605102539062,21.770000457763672,21.707500171661376,-0.3740166320992698
2025-04-02,143.37677001953125,150.5524444580078,21.510000228881836,21.68650016784668,-0.4323674248283912
2025-04-03,145.54010009765625,136.22808837890625,30.020000457763672,21.944000148773192,-0.07357147306672895
2025-04-04,140.96343994140625,124.54190826416016,45.310001373291016,23.041000175476075,-0.33864464808905265
2025-04-07,137.67515563964844,126.75016021728516,46.97999954223633,23.99700012207031,-0.6538524389289209
2025-04-08,134.89646911621094,121.8060073852539,52.33000183105469,25.26750020980835,-0.8400948669526541
2025-04-09,139.98272705078125,140.3026123046875,33.619998931884766,25.73700017929077,-0.6103179798172714
2025-04-10,138.5885772705078,131.32301330566406,40.720001220703125,26.540000247955323,-0.6273061053054487
2025-04-11,138.8673858642578,136.06199645996094,37.560001373291016,27.32950029373169,-0.6585331726775746
2025-04-14,141.09805297851562,136.00335693359375,30.889999389648438,27.84850025177002,-0.46163929610058724
2025-04-15,137.33863830566406,135.42684936523438,30.1200008392334,28.269500255584717,-0.7855260691541097
2025-04-16,134.6945343017578,132.63235473632812,32.63999938964844,28.906500244140624,-0.9852199767787393
2025-04-17,137.33863830566406,133.53126525878906,29.649999618530273,29.399000263214113,-0.763226020846015
2025-04-21,136.27137756347656,133.023193359375,33.81999969482422,30.126000213623048,-0.8511226037614887
2025-04-22,137.93475341796875,135.56365966796875,30.56999969482422,30.780500221252442,-0.7347027054813751
2025-04-23,136.78097534179688,137.24429321289062,28.450000762939453,31.3455002784729,-0.8559575307939261
2025-04-24,130.09864807128906,143.8397674560547,26.469999313354492,31.75250024795532,-1.5213092496654739
2025-04-25,128.24298095703125,145.15884399414062,24.84000015258789,32.06000022888183,-1.7000470874298166
2025-04-28,128.60833740234375,144.24034118652344,25.149999618530273,32.23500022888184,-1.6571057678832817
2025-04-29,129.1371612548828,143.51730346679688,24.170000076293945,32.32950019836426,-1.6020857468354
2025-04-30,130.35824584960938,145.06112670898438,24.700000762939453,32.476000213623045,-1.512843989359437
2025-05-01,128.40643310546875,132.114501953125,24.600000381469727,32.63050022125244,-1.5322138649614236
2025-05-02,128.59872436523438,136.60916137695312,22.68000030517578,32.26350021362305,-1.5681765101130727
2025-05-05,126.90652465820312,136.2476348876953,23.639999389648438,31.18000011444092,-1.7127651882746566
2025-05-06,125.70466613769531,136.6970977783203,24.760000228881836,30.069000148773192,-1.8237653026419567
2025-05-07,126.83920288085938,140.99635314941406,23.549999237060547,28.630000019073485,-1.7745515631879543
2025-05-08,126.36808776855469,141.77806091308594,22.479999542236328,28.073000049591066,-1.8251858711323277
2025-05-09,125.41621398925781,141.85621643066406,21.899999618530273,27.131999969482422,-1.9098298008032342
2025-05-12,126.60843658447266,148.6373291015625,18.389999389648438,26.173499870300294,-1.8847392436568995
2025-05-13,125.29120635986328,147.8751983642578,18.219999313354492,25.539999866485594,-1.9916337301040996
2025-05-14,123.50285339355469,149.47763061523438,18.6200008392334,24.964999866485595,-2.1677842358244725
2025-05-15,126.43538665771484,149.11611938476562,17.829999923706055,24.224499893188476,-1.905592881516988
2025-05-16,126.89689636230469,149.00863647460938,17.239999771118164,23.603999900817872,-1.8637351641048798
2025-05-19,126.71422576904297,150.18115234375,18.139999389648438,22.81999988555908,-1.893596145322132
2025-05-20,126.72383880615234,150.29843139648438,18.09000015258789,22.195999908447266,-1.8941303013978579
2025-05-21,125.13737487792969,147.8458709716797,20.8700008392334,21.816999912261963,-2.0048193577933295
2025-05-22,125.10852813720703,143.99606323242188,20.280000686645508,21.507499980926514,-1.962066702340787
2025-05-23,124.35856628417969,142.05165100097656,22.290000915527344,21.380000019073485,-2.005157041866807
2025-05-27,126.31038665771484,145.2272491455078,18.959999084472656,21.070499992370607,-1.8708380923790497
2025-05-28,125.6373519897461,144.2208251953125,19.309999465942383,20.82749996185303,-1.9181967952007484
2025-05-29,126.83920288085938,144.94386291503906,19.18000030517578,20.551499938964845,-1.8209908945638615
2025-05-30,126.3873062133789,141.87574768066406,18.56999969482422,20.249999904632567,-1.8246446712708813
2025-06-02,125.86811065673828,143.2730255126953,18.360000610351562,20.033999919891357,-1.8867497127848292
2025-06-03,126.77191925048828,145.53013610839844,17.690000534057617,19.736499977111816,-1.8338060388842115
2025-06-04,126.66615295410156,145.63760375976562,17.610000610351562,19.378999996185303,-1.8443732558340722
2025-06-05,126.0604019165039,145.04782104492188,18.479999542236328,19.125500011444093,-1.8907153096557257
2025-06-06,126.3938217163086,146.69923400878906,16.770000457763672,18.840000057220458,-1.8808160866143324
2025-06-09,126.32579040527344,152.76417541503906,17.15999984741211,18.60300006866455,-1.9581491950283336
2025-06-10,128.1434783935547,156.42086791992188,16.950000762939453,18.5310001373291,-1.8412878971878965
2025-06-11,126.26744079589844,156.764892578125,17.260000228881836,18.483000183105467,-2.010346758436013
2025-06-12,128.600341796875,155.9981689453125,18.020000457763672,18.453000164031984,-1.7961305893033361
2025-06-13,127.19088745117188,152.0859375,20.81999969482422,18.60250015258789,-1.8740784398316326
2025-06-16,127.7352294921875,154.19932556152344,19.110000610351562,18.696000194549562,-1.8510617835980478
2025-06-17,125.67449951171875,151.8303680419922,21.600000381469727,18.869000244140626,-2.004449645199126
2025-06-18,125.4606704711914,151.01449584960938,20.139999389648438,18.971500205993653,-2.0136594338385905
2025-06-20,125.4606704711914,148.7438201904297,20.6200008392334,18.959000205993654,-1.9869467299709276
2025-06-23,125.48009490966797,150.5328369140625,19.829999923706055,18.93650016784668,-2.0062845711292043
2025-06-24,127.38529968261719,153.05908203125,17.479999542236328,18.69600009918213,-1.8684266909982474
2025-06-25,124.44003295898438,153.27532958984375,16.760000228881836,18.586000156402587,-2.130029137037843
2025-06-26,124.63442993164062,155.49685668945312,16.59000015258789,18.450000190734862,-2.13906496423924
2025-06-27,127.37557220458984,155.8408966064453,16.31999969482422,18.307000160217285,-1.9020081452904203
2025-06-30,128.3476104736328,156.54864501953125,16.729999542236328,18.21500015258789,-1.8248361347574145
2025-07-01,131.47756958007812,156.68624877929688,16.829999923706055,18.138500118255614,-1.5511513790021614
2025-07-02,132.66343688964844,159.55654907226562,16.639999389648438,18.086000061035158,-1.4806122016287813
2025-07-03,131.59420776367188,159.4484100341797,16.3799991607666,18.02449998855591,-1.5733868126876591
2025-07-07,130.69020080566406,155.3985595703125,17.790000915527344,17.99000005722046,-1.6052577670673263
2025-07-08,131.2637176513672,156.7353973388672,16.809999465942383,17.992000007629393,-1.5705394660663523
2025-07-09,130.71937561035156,156.63711547851562,15.9399995803833,17.930999994277954,-1.6172622535548284
2025-07-10,132.27464294433594,156.38153076171875,15.779999732971191,17.87249994277954,-1.4774579869099547
2025-07-11,131.47756958007812,154.779296875,16.399999618530273,17.829499912261962,-1.528717597540055
2025-07-14,131.77890014648438,151.6632537841797,17.200000762939453,17.788499927520753,-1.4655555138676746
2025-07-15,130.06809997558594,151.67308044433594,17.3799991607666,17.61649990081787,-1.6161489195824494
2025-07-16,131.5650634765625,151.44700622558594,17.15999984741211,17.5189998626709,-1.481820083305796
2025-07-17,141.37289428710938,150.01185607910156,16.520000457763672,17.264999866485596,-0.6022638430674647
2025-07-18,139.2344207763672,152.16456604003906,16.40999984741211,17.07849988937378,-0.8156836785763877
2025-07-21,137.7374725341797,156.26358032226562,16.649999618530273,16.879999828338622,-0.9955732505143573
2025-07-22,141.9561004638672,155.30027770996094,16.5,16.71349983215332,-0.613180552084278
2025-07-23,141.5867462158203,157.15809631347656,15.369999885559082,16.60799984931946,-0.6675238162792193
2025-07-24,140.46888732910156,156.1357879638672,15.390000343322754,16.539499855041505,-0.7538213030889251
2025-07-25,139.43853759765625,155.70326232910156,14.930000305175781,16.4564998626709,-0.839360025763155
2025-07-28,137.61111450195312,158.30816650390625,15.029999732971191,16.391999864578246,-1.0307403342005146
2025-07-29,139.86624145507812,159.3206329345703,15.979999542236328,16.354499864578248,-0.8442957446992285
2025-07-30,138.8650360107422,156.35203552246094,15.479999542236328,16.28699984550476,-0.8974361277231475
2025-07-31,134.06317138671875,144.26145935058594,16.719999313354492,16.290999841690063,-1.1775603375767405
2025-08-01,135.3851318359375,145.66709899902344,20.3799991607666,16.490999841690062,-1.077820165693341
2025-08-04,135.6573028564453,144.99867248535156,17.520000457763672,16.47749981880188,-1.0460171583020432
2025-08-05,135.55038452148438,144.21231079101562,17.850000381469727,16.52949986457825,-1.0461705101854017
2025-08-06,136.86264038085938,143.3571014404297,16.770000457763672,16.570999908447266,-0.9206868293320895
2025-08-07,139.8953857421875,143.41607666015625,16.56999969482422,16.610499906539918,-0.6546277544557088
2025-08-08,141.14932250976562,145.04782104492188,15.149999618530273,16.547999906539918,-0.5635307228568146
2025-08-11,140.81881713867188,145.4508514404297,16.25,16.500499868392943,-0.5973425016900111
2025-08-12,142.7628936767578,151.11277770996094,14.729999542236328,16.367999887466432,-0.4929543656738103
2025-08-13,145.17355346679688,153.92410278320312,14.489999771118164,16.234499883651733,-0.3139916375694308
2025-08-14,144.46395874023438,155.3985595703125,14.829999923706055,16.149999856948853,-0.3937516742309446
2025-08-15,146.19418334960938,155.16265869140625,15.09000015258789,16.08399987220764,-0.23879015792714722
2025-08-18,145.3679656982422,156.19476318359375,14.989999771118164,16.000999879837035,-0.3236041370824908
2025-08-19,147.90496826171875,153.58987426757812,15.569999694824219,15.954499864578247,-0.06981113196869272
2025-08-20,146.5149383544922,152.79367065429688,15.6899995803833,15.970499849319458,-0.18270806017178112
2025-08-21,144.8138885498047,151.5059814453125,16.600000381469727,16.030999851226806,-0.31717959915244587
2025-08-22,145.45542907714844,155.31991577148438,14.220000267028809,15.995499849319458,-0.30561918386023174
2025-08-25,144.0557098388672,153.75698852539062,14.789999961853027,15.98349986076355,-0.4103484646018642
2025-08-26,142.88926696777344,156.46017456054688,14.619999885559082,15.915499877929687,-0.5447467759180218
2025-08-27,143.51136779785156,157.04995727539062,14.850000381469727,15.883999919891357,-0.4969666342992114
2025-08-28,142.8698272705078,158.0624237060547,14.430000305175781,15.769499969482421,-0.5653058386020086
2025-08-29,144.49310302734375,157.9936065673828,15.359999656677246,15.518499994277954,-0.42171689014904623
2025-09-02,146.07752990722656,156.07681274414062,17.170000076293945,15.500999975204468,-0.25980500935916634
2025-09-03,144.4833984375,154.6023406982422,16.350000381469727,15.425999975204467,-0.3826749204428434
2025-09-04,142.78233337402344,157.8843994140625,15.300000190734863,15.352499961853027,-0.5709072729082787
2025-09-05,143.6883087158203,158.01290893554688,15.180000305175781,15.282999992370605,-0.49273170843981684
2025-09-08,139.0946807861328,158.40834045410156,15.109999656677246,15.280999994277954,-0.9014279361445732
2025-09-09,140.4590301513672,156.8463897705078,15.039999961853027,15.220499992370605,-0.763047984789763
2025-09-10,140.02716064453125,157.13307189941406,15.350000381469727,15.251500034332276,-0.8044067599593664
2025-09-11,141.5681610107422,159.663818359375,14.710000038146973,15.262500047683716,-0.6986363642792748
2025-09-12,140.88108825683594,159.98016357421875,14.760000228881836,15.259000062942505,-0.7627911562457784
2025-09-15,138.04443359375,159.37713623046875,15.6899995803833,15.289000034332275,-1.0052022293412786
2025-09-16,137.44569396972656,162.2637481689453,16.360000610351562,15.357500076293945,-1.0918246109138066
2025-09-17,138.62353515625,163.37095642089844,15.720000267028809,15.365000104904174,-1.0012500078020155
2025-09-18,138.1327667236328,166.20814514160156,15.699999809265137,15.365500116348267,-1.0777940821158547
2025-09-19,139.1437530517578,164.94277954101562,15.449999809265137,15.308000087738037,-0.9739841691032921
2025-09-22,138.42721557617188,167.77996826171875,16.100000381469727,15.402000093460083,-1.0703863367878577
2025-09-23,139.2811737060547,167.59214782714844,16.639999389648438,15.494500064849854,-0.9930647073461425
2025-09-24,139.5461883544922,171.56619262695312,16.18000030517578,15.572500085830688,-1.0165061614855766
2025-09-25,137.3377227783203,167.74041748046875,16.739999771118164,15.66700005531311,-1.1657501775259744
2025-09-26,137.84812927246094,167.2659149169922,15.289999961853027,15.710000038146973,-1.1152739219355785
2025-09-29,137.58309936523438,163.41049194335938,16.1200008392334,15.74800009727478,-1.0932293019209742
2025-09-30,137.84812927246094,164.4583740234375,16.280000686645508,15.703500127792358,-1.0822454230468481
2025-10-01,140.498291015625,164.58689880371094,16.290000915527344,15.70050015449524,-0.8506556640032749
2025-10-02,139.68360900878906,166.919921875,16.6299991607666,15.767000102996827,-0.9497592745909403
2025-10-03,139.3596954345703,167.2461395263672,16.649999618530273,15.84050006866455,-0.9820876138731337
2025-10-06,137.12176513671875,166.69253540039062,16.3700008392334,15.903500127792359,-1.1724177798199265
2025-10-07,138.191650390625,163.56866455078125,17.239999771118164,16.013500118255614,-1.041563416344356
2025-10-08,136.2776336669922,165.85227966308594,16.299999237060547,16.061000061035156,-1.2367805769099443
2025-10-09,142.03932189941406,163.76638793945312,16.43000030517578,16.147000074386597,-0.7054576912541977
2025-10-10,147.31021118164062,151.8343505859375,21.65999984741211,16.49200005531311,-0.10147216334433046
2025-10-13,146.1421661376953,159.9307403564453,19.030000686645508,16.65900011062622,-0.29945817579153505
2025-10-14,148.74325561523438,159.89120483398438,20.809999465942383,16.881500053405762,-0.07020759673985577
2025-10-15,148.3702850341797,161.10714721679688,20.639999389648438,17.127500009536742,-0.11731777849948208
2025-10-16,149.85240173339844,162.20443725585938,25.309999465942383,17.607999992370605,0.00013683516886148458
2025-10-17,150.8732147216797,161.58164978027344,20.780000686645508,17.874500036239624,0.09725165359853577
2025-10-20,150.80450439453125,165.13059997558594,18.229999542236328,17.980999994277955,0.049457467966775984
2025-10-21,150.35299682617188,166.90016174316406,17.8700008392334,18.042500066757203,-0.011073529651341568
2025-10-22,150.2057647705078,167.3351287841797,18.600000381469727,18.1635000705719,-0.02914074485754957
2025-10-23,148.7138214111328,168.08642578125,17.299999237060547,18.19150004386902,-0.16920685247569833
2025-10-24,148.75306701660156,167.00889587402344,16.3700008392334,18.245500087738037,-0.1530786174803388
2025-10-27,149.8131561279297,185.53468322753906,15.789999961853027,18.229000043869018,-0.2777770106766565
2025-10-28,147.34945678710938,178.960693359375,16.420000076293945,18.23600001335144,-0.4171401916303809
2025-10-29,143.46255493164062,176.62767028808594,16.920000076293945,18.26749997138977,-0.7315764096226233
2025-10-30,144.826904296875,175.23377990722656,16.90999984741211,18.281500005722044,-0.5951735548560934
2025-10-31,143.3938446044922,178.83216857910156,17.440000534057617,18.321000051498412,-0.763554181563324
2025-11-03,140.94979858398438,178.6542510986328,17.170000076293945,18.36100001335144,-0.97643343920304
2025-11-04,140.26271057128906,170.8643035888672,19.0,18.44900002479553,-0.9452254484624244
2025-11-05,140.22344970703125,177.66567993164062,18.010000228881836,18.534500074386596,-1.0286915534574017
2025-11-06,138.96707153320312,171.22019958496094,19.5,18.68800005912781,-1.0633735274731797
2025-11-07,140.31178283691406,168.9365997314453,19.079999923706055,18.559000062942506,-0.9182312600987295
2025-11-10,139.98788452148438,169.6088409423828,17.600000381469727,18.487500047683717,-0.9546289508571199
2025-11-11,142.40248107910156,171.99127197265625,17.280000686645508,18.311000108718872,-0.7702743549763961
2025-11-12,141.7252197265625,174.65052795410156,17.510000228881836,18.15450015068054,-0.861128652847319
2025-11-13,142.34359741210938,172.50534057617188,20.0,17.889000177383423,-0.7815012291301329
2025-11-14,143.1582794189453,171.99127197265625,19.829999923706055,17.84150013923645,-0.7037961797372223
2025-11-17,145.1017303466797,164.8439178466797,22.3799991607666,18.049000120162965,-0.44877201441747183
2025-11-18,146.02439880371094,163.17324829101562,24.690000534057617,18.390000104904175,-0.3479622449622458
2025-11-19,144.39501953125,164.21124267578125,23.65999984741211,18.643000078201293,-0.5034896477765421
2025-11-20,143.40365600585938,157.76577758789062,26.420000076293945,19.099000120162962,-0.5148617603656863
2025-11-21,143.62942504882812,161.43336486816406,23.43000030517578,19.452000093460082,-0.5381499316456096
2025-11-24,142.81472778320312,163.17324829101562,20.520000457763672,19.688500118255615,-0.6302770653487628
2025-11-25,143.41346740722656,161.43336486816406,18.559999465942383,19.795500087738038,-0.5571450381254616
2025-11-26,145.24896240234375,163.2523193359375,17.190000534057617,19.809000110626222,-0.41709794443659687
2025-11-28,145.99493408203125,166.16860961914062,16.350000381469727,19.7810001373291,-0.3857919476915948
2025-12-01,146.75071716308594,166.11917114257812,17.239999771118164,19.771000099182128,-0.3187335099889718
2025-12-02,145.86734008789062,168.748779296875,16.59000015258789,19.742000102996826,-0.4273684599513055
2025-12-03,145.32748413085938,173.06883239746094,16.079999923706055,19.596000099182127,-0.5256748800044968
2025-12-04,144.19871520996094,173.2377471923828,15.779999732971191,19.484500074386595,-0.6269457852423952
2025-12-05,143.73585510253906,173.69479370117188,15.40999984741211,19.280000066757204,-0.6730346201507154
2025-12-08,144.3404541015625,174.1916046142578,16.65999984741211,19.159000062942503,-0.6257001570856812
2025-12-09,143.3592071533203,174.87721252441406,16.93000030517578,19.12550005912781,-0.7200738760550552
2025-12-10,148.37440490722656,181.047607421875,15.770000457763672,19.050000047683717,-0.3515391533345825
2025-12-11,147.72024536132812,180.1136016845703,14.850000381469727,18.91700005531311,-0.3980895895575457
2025-12-12,149.3159942626953,177.152587890625,15.739999771118164,18.70400004386902,-0.22289742905789117
2025-12-15,149.88095092773438,178.1164093017578,16.5,18.537500047683714,-0.18454381810457637
2025-12-16,149.03846740722656,174.99644470214844,16.479999542236328,18.242500066757202,-0.22194269324743138
2025-12-17,148.7510528564453,171.2405548095703,17.6200008392334,17.88900008201599,-0.2030378997896355
2025-12-18,148.04733276367188,173.07876586914062,16.8700008392334,17.549500131607054,-0.2865604994380029
2025-12-19,146.84805297851562,174.13198852539062,14.90999984741211,16.974000120162962,-0.40443655083716534
2025-12-22,145.7478790283203,173.1085662841797,14.079999923706055,16.50650010108948,-0.48916540978799683
2025-12-23,142.40771484375,173.6351776123047,14.0,16.180500078201295,-0.7891532559567959
2025-12-24,142.46719360351562,173.65505981445312,13.470000267028809,15.926000118255615,-0.7841555479682842
2025-12-26,142.5068359375,173.69479370117188,13.600000381469727,15.74650011062622,-0.7811361428964
2025-12-29,142.9627685546875,172.32359313964844,14.199999809265137,15.639000082015992,-0.7249023334288299
2025-12-30,142.8834686279297,172.5421905517578,14.329999923706055,15.493500089645385,-0.7344489869473074
2025-12-31,142.24913024902344,169.9587860107422,14.949999809265137,15.411500072479248,-0.7598521288903648
2026-01-02,140.97055053710938,171.87646484375,14.510000228881836,15.333000087738037,-0.8948728515392631
2026-01-05,138.68101501464844,175.1852264404297,14.899999618530273,15.289000082015992,-1.135179765977161
2026-01-06,137.72952270507812,181.2860565185547,14.75,15.256000089645386,-1.2906421470051956
2026-01-07,135.79676818847656,179.0404815673828,15.380000114440918,15.192000102996825,-1.434225097869324
2026-01-08,138.13587951660156,180.7097625732422,15.449999809265137,15.118000078201295,-1.2481203521325783
2026-01-09,138.6710968017578,176.64585876464844,14.489999771118164,15.054000043869019,-1.1532353322244515
2026-01-12,140.10826110839844,168.19015502929688,15.119999885559082,15.067500019073487,-0.9273512022899488
2026-01-13,142.20948791503906,164.23553466796875,15.979999542236328,15.079500007629395,-0.6960094446468884
2026-01-14,144.6278839111328,163.4903106689453,16.75,15.092000007629395,-0.4745262708372549
2026-01-15,145.27212524414062,160.36041259765625,15.84000015258789,15.060000038146972,-0.3810396011188811
2026-01-16,145.02435302734375,158.40298461914062,15.859999656677246,14.971999979019165,-0.37980544732908617
2026-01-20,146.35247802734375,153.0871124267578,20.09000015258789,15.13299994468689,-0.20044978403815017
2026-01-21,145.4406280517578,155.3724365234375,16.899999618530273,15.232499933242797,-0.3075389110107419
2026-01-22,143.121337890625,156.79331970214844,15.640000343322754,15.310499954223634,-0.5282535737875987
2026-01-23,143.29974365234375,154.82595825195312,16.09000015258789,15.414999961853027,-0.48941698689914204
2026-01-26,144.5783233642578,153.53424072265625,16.149999618530273,15.548999929428101,-0.3617602040850896
2026-01-27,147.46255493164062,152.0636749267578,16.350000381469727,15.6864999294281,-0.09077019889345748
2026-01-28,147.18502807617188,151.72584533691406,16.350000381469727,15.79399995803833,-0.11120648495900466
2026-01-29,147.37335205078125,151.24891662597656,16.8799991607666,15.921499919891357,-0.08903127909671273
2026-01-30,152.2696075439453,150.6229248046875,17.440000534057617,16.04599995613098,0.3489956893188729
2026-02-02,153.82569885253906,151.6463623046875,16.34000015258789,16.137499952316283,0.4738257456088239
2026-02-03,161.40797424316406,146.24105834960938,18.0,16.29249997138977,1.2043332897179149
2026-02-04,164.70846557617188,147.94015502929688,18.639999389648438,16.48699994087219,1.474647913798683
2026-02-05,166.04652404785156,135.43048095703125,21.770000457763672,16.80649995803833,1.739506692473573
2026-02-06,168.98031616210938,136.46383666992188,20.3700008392334,17.052500009536743,1.9853992653937256
2026-02-09,164.99591064453125,138.04368591308594,17.360000610351562,17.196000051498412,1.6163550143765786
2026-02-10,165.49148559570312,139.1962890625,17.790000915527344,17.329500102996825,1.6463851114123527
2026-02-11,167.6521759033203,140.14022827148438,17.649999618530273,17.413000106811523,1.8253294529066846
2026-02-12,165.7194366455078,137.58663940429688,20.81999969482422,17.616500091552734,1.6853713843654703
2026-02-13,164.47061157226562,139.80239868164062,20.600000381469727,17.854500102996827,1.549461126274548
2026-02-17,160.4862060546875,141.7200927734375,20.290000915527344,18.07600016593933,1.1764423977232568
2026-02-18,162.934326171875,142.32620239257812,19.6200008392334,18.052500200271606,1.3846426609819373
2026-02-19,163.13255310058594,140.3687744140625,20.229999542236328,18.21900019645691,1.4251058098469525
2026-02-20,163.47946166992188,141.968505859375,19.09000015258789,18.391500186920165,1.4367994643024493
2026-02-23,166.82952880859375,139.51426696777344,21.010000228881836,18.637500190734862,1.7603353643625113
2026-02-24,168.03871154785156,143.85638427734375,19.549999237060547,18.807500171661378,1.8156105464230552
2026-02-25,167.6719970703125,144.88975524902344,17.93000030517578,18.88650016784668,1.771198444548051
2026-02-26,166.09608459472656,144.6612091064453,18.6299991607666,19.000500106811522,1.635273698485205
2026-02-27,168.23695373535156,141.45181274414062,19.860000610351562,19.149500179290772,1.8613353278099998
2026-03-02,165.79873657226562,140.1302947998047,21.440000534057617,19.34950017929077,1.662422317520186
2026-03-03,163.44972229003906,137.24880981445312,23.56999969482422,19.711000156402587,1.4897071535525572
2026-03-04,162.46849060058594,138.6199951171875,21.149999618530273,19.8685001373291,1.3872695007228404
2026-03-05,159.27700805664062,137.0,23.75,20.12400016784668,1.1256124560308505
2026-03-06,159.42999267578125,135.69000244140625,29.489999771118164,20.510000133514403,1.1544796948791118
2026-03-09,161.52999877929688,138.11000061035156,25.5,20.766500091552736,1.3107217354091671
2026-03-10,160.77999877929688,135.1999969482422,24.93000030517578,21.145000076293947,1.2789874603255789
2026-03-11,160.14999389648438,134.1199951171875,24.229999542236328,21.467000007629395,1.2362791378618339
2026-03-12,158.86000061035156,131.14999389648438,27.290000915527344,21.949000072479247,1.1577541966019318
2026-03-13,159.8800048828125,129.82000732421875,27.190000534057617,22.267500114440917,1.263117520604232
2026-03-16,157.72000122070312,129.38999938964844,23.510000228881836,22.413000106811523,1.0781875796566167
2026-03-17,156.5,131.58999633789062,22.3700008392334,22.517000102996825,0.9449980285459465
2026-03-18,153.5399932861328,130.47000122070312,25.09000015258789,22.79050006866455,0.6978189275893639
2026-03-19,152.74000549316406,131.27999877929688,24.059999465942383,22.982000064849853,0.6179249751576541
2026-03-20,150.0399932861328,129.89999389648438,26.780000686645508,23.366500091552734,0.3966731650675913
2026-03-23,150.8800048828125,128.35000610351562,26.149999618530273,23.623500061035156,0.4887929135282156
2026-03-24,150.58999633789062,128.6699981689453,26.950000762939453,23.9935001373291,0.4595200168751421
2026-03-25,151.72999572753906,130.35000610351562,25.329999923706055,24.363500118255615,0.5400276126034376
2026-03-26,150.8300018310547,130.5399932861328,27.440000534057617,24.804000186920167,0.45863129953852805
2026-03-27,153.0399932861328,127.11000061035156,31.049999237060547,25.363500118255615,0.6933678999658635
2026-03-30,156.82000732421875,127.06999969482422,30.610000610351562,25.822000122070314,1.0263192777357724
2026-03-31,155.2899932861328,128.77999877929688,25.25,25.9060001373291,0.8716261941605232
2026-04-01,154.64999389648438,127.27999877929688,24.540000915527344,26.075500202178954,0.8329797256910803
2026-04-02,157.00999450683594,126.80000305175781,23.8700008392334,26.081500244140624,1.0462063831385544
2026-04-06,156.72999572753906,125.7300033569336,24.170000076293945,25.815500259399414,1.0341660751030353
2026-04-07,153.2100067138672,124.06999969482422,25.780000686645508,25.82950029373169,0.7440850729125595
2026-04-08,154.8000030517578,127.51000213623047,21.040000915527344,25.63500032424927,0.8434683568064808
2026-04-09,157.49000549316406,127.75,19.489999771118164,25.39800033569336,1.0772510136263886
2026-04-10,157.05999755859375,128.05999755859375,19.229999542236328,24.995000267028807,1.0357816902082524
2026-04-13,155.8800048828125,131.24000549316406,19.1200008392334,24.591500282287598,0.8945821385223905
2026-04-14,155.72000122070312,132.83999633789062,18.360000610351562,24.334000301361083,0.8616859800708948
2026-04-15,154.85000610351562,133.0500030517578,18.170000076293945,24.12400026321411,0.782692772376164
2026-04-16,158.3800048828125,134.47000122070312,17.940000534057617,23.7665002822876,1.0764776839646573
2026-04-17,157.6699981689453,136.1999969482422,17.479999542236328,23.437500286102296,0.9936751963088862
2026-04-20,156.99000549316406,137.52000427246094,18.8700008392334,23.04200029373169,0.9183358595224643
2026-04-21,154.9199981689453,135.55999755859375,19.5,22.709500312805176,0.7593210025334217
2026-04-22,153.7899932861328,136.07000732421875,18.920000076293945,22.3080002784729,0.6539286724548747
2026-04-23,155.6999969482422,133.9499969482422,19.309999465942383,22.007000255584718,0.8468681735622486
2026-04-24,155.44000244140625,148.85000610351562,18.709999084472656,21.57050018310547,0.6487128646881981
2026-04-27,154.10000610351562,150.25999450683594,18.020000457763672,20.919000244140626,0.5142626621954424
2026-04-28,156.2899932861328,150.0,17.829999923706055,20.28000020980835,0.7099472135315946
2026-04-29,155.2899932861328,156.0,18.809999465942383,19.95800018310547,0.5514044007280012
2026-04-30,158.49000549316406,179.5800018310547,16.889999389648438,19.575500106811525,0.5554695769783867
