Date,PG,CL,VIX,AvgVIX,zscore
2024-01-30,148.4744873046875,79.9580078125,13.3100004196167,13.347500038146972,0.007641431275910494
2024-01-31,148.14451599121094,79.92949676513672,14.350000381469727,13.405000066757202,-0.05632839605873251
2024-02-01,150.06771850585938,81.75214385986328,13.880000114440918,13.397000074386597,-0.0033289248662050604
2024-02-02,149.04013061523438,80.3282241821289,13.850000381469727,13.383000087738036,0.05525309505648319
2024-02-05,149.1532745361328,79.8250961303711,13.670000076293945,13.399000072479248,0.17622233744456567
2024-02-06,149.86033630371094,79.49285125732422,13.0600004196167,13.39800009727478,0.38924484670414994
2024-02-07,150.0111541748047,79.60675811767578,12.829999923706055,13.40150008201599,0.39900547965909283
2024-02-08,149.55862426757812,79.98648071289062,12.789999961853027,13.406500101089478,0.23040694718714752
2024-02-09,148.40847778320312,79.22705078125,12.930000305175781,13.431000137329102,0.13488079848724216
2024-02-12,148.11622619628906,79.32198333740234,13.930000305175781,13.492500162124633,0.0550175664182326
2024-02-13,147.32432556152344,79.23654174804688,15.850000381469727,13.593000173568726,-0.0952182210233616
2024-02-14,146.720947265625,79.46436309814453,14.380000114440918,13.57250018119812,-0.2662476284720571
2024-02-15,148.02195739746094,79.33148193359375,14.010000228881836,13.566500186920166,0.03333538179011165
2024-02-16,148.49330139160156,79.24604034423828,14.239999771118164,13.613500165939332,0.14907364955902433
2024-02-20,149.4360809326172,80.31871795654297,15.420000076293945,13.725000190734864,0.14045529469869622
2024-02-21,151.21788024902344,80.98321533203125,15.34000015258789,13.864500188827515,0.38730504303353236
2024-02-22,151.36874389648438,81.63822174072266,14.539999961853027,13.934500169754028,0.29259657205285655
2024-02-23,151.8118438720703,81.87554168701172,13.75,13.949500179290771,0.3400673779991506
2024-02-26,151.04820251464844,81.78063201904297,13.739999771118164,13.973500156402588,0.19760968772710222
2024-02-27,150.1808624267578,82.02743530273438,13.430000305175781,13.96500015258789,-0.032661581368827304
2024-02-28,150.88792419433594,82.40715026855469,13.84000015258789,13.99150013923645,0.042891457439392065
2024-02-29,149.8414764404297,82.13184356689453,13.399999618530273,13.944000101089477,-0.12427850928974214
2024-03-01,149.75662231445312,82.10337829589844,13.109999656677246,13.905500078201294,-0.1366481593235494
2024-03-04,150.42599487304688,82.42613983154297,13.489999771118164,13.887500047683716,-0.05803361131178049
2024-03-05,150.19970703125,82.3311996459961,14.460000038146973,13.927000045776367,-0.08734652023903273
2024-03-06,150.43540954589844,82.75838470458984,14.5,13.999000024795532,-0.12020319789647271
2024-03-07,151.42530822753906,83.66969299316406,14.4399995803833,14.079500007629395,-0.08774254042471898
2024-03-08,151.17076110839844,83.60324096679688,14.739999771118164,14.17699999809265,-0.1285060576108581
2024-03-11,152.30206298828125,83.66019439697266,15.220000267028809,14.291499996185303,0.09869076182008074
2024-03-12,152.66029357910156,84.25824737548828,13.84000015258789,14.286999988555909,0.058639965268357824
2024-03-13,153.00914001464844,84.67593383789062,13.75,14.181999969482423,0.05143959779220343
2024-03-14,152.2549285888672,83.86903381347656,14.399999618530273,14.18299994468689,0.048442726908566575
2024-03-15,152.1417999267578,83.96395874023438,14.40999984741211,14.202999925613403,0.006295001815642169
2024-03-18,151.98153686523438,83.79309844970703,14.329999923706055,14.207499933242797,0.005542609187052136
2024-03-19,152.56602478027344,84.26773834228516,13.819999694824219,14.127499914169311,0.03695925376943772
2024-03-20,152.71688842773438,83.86903381347656,13.039999961853027,14.012499904632568,0.14570760251249473
2024-03-21,152.59432983398438,84.26773834228516,12.920000076293945,13.931499910354614,0.0429188357428576
2024-03-22,152.40576171875,84.67593383789062,13.0600004196167,13.896999931335449,-0.07560069869024517
2024-03-25,151.0198974609375,84.14432525634766,13.1899995803833,13.869499921798706,-0.2647459434374733
2024-03-26,151.3592987060547,84.39115142822266,13.239999771118164,13.859999895095825,-0.24094425166875033
2024-03-27,153.3013916015625,85.38787841796875,12.779999732971191,13.80699987411499,-0.024493840936126752
2024-03-28,152.9619598388672,85.48283386230469,13.010000228881836,13.787499904632568,-0.11429519991931437
2024-04-01,151.38758850097656,84.54302978515625,13.649999618530273,13.81449990272522,-0.26431346534241656
2024-04-02,151.378173828125,84.54302978515625,14.609999656677246,13.870499897003175,-0.26629570905001765
2024-04-03,147.211181640625,83.63172149658203,14.329999923706055,13.863999891281129,-0.9676881190897717
2024-04-04,146.55125427246094,82.96722412109375,16.350000381469727,13.956499910354614,-0.978329594954662
2024-04-05,147.1640625,83.4228744506836,16.030000686645508,14.035999965667724,-0.9372835371136498
2024-04-08,147.1074676513672,83.27099609375,15.1899995803833,14.058499956130982,-0.9198739054134034
2024-04-09,147.69198608398438,83.20454406738281,14.979999542236328,14.046499919891357,-0.7839735664613292
2024-04-10,148.23878479003906,82.1698226928711,15.800000190734863,14.144499921798706,-0.46905580734922897
2024-04-11,146.9188995361328,81.63822174072266,14.90999984741211,14.202499914169312,-0.6443107557091765
2024-04-12,146.43814086914062,81.49584197998047,17.309999465942383,14.347999906539917,-0.7180421562194405
2024-04-15,146.55125427246094,81.79961395263672,19.229999542236328,14.588999891281128,-0.7528804294415995
2024-04-16,147.02264404296875,81.79961395263672,18.399999618530273,14.792499876022339,-0.6536300974174161
2024-04-17,147.97482299804688,82.3501968383789,18.209999084472656,15.01199984550476,-0.5594602440401645
2024-04-18,149.243408203125,82.31221771240234,18.0,15.259999847412109,-0.2850285022556081
2024-04-19,150.04995727539062,83.19062805175781,18.709999084472656,15.549499797821046,-0.28481966693636324
2024-04-22,152.32717895507812,84.33637237548828,16.940000534057617,15.743499803543092,-0.026581607666353403
2024-04-23,153.238037109375,84.57505798339844,15.6899995803833,15.868499803543092,0.1191112145660899
2024-04-24,154.28176879882812,84.85195922851562,15.970000267028809,16.004999828338622,0.2854014344405114
2024-04-25,154.2343292236328,85.25296020507812,15.369999885559082,16.13449983596802,0.19798544017873598
2024-04-26,153.03880310058594,86.89520263671875,15.029999732971191,16.235499811172485,-0.3708246022908269
2024-04-29,153.38986206054688,86.3987045288086,14.670000076293945,16.28649983406067,-0.20104289347209733
2024-04-30,154.85107421875,87.76405334472656,15.649999618530273,16.33849983215332,-0.157016832340453
2024-05-01,155.0408477783203,87.74495697021484,15.390000343322754,16.391499853134157,-0.11337308267966306
2024-05-02,155.45834350585938,88.70929718017578,14.680000305175781,16.307999849319458,-0.21167063605421815
2024-05-03,156.046630859375,88.68064880371094,13.489999771118164,16.18099980354309,-0.0822761122501364
2024-05-06,156.0276641845703,88.96708679199219,13.489999771118164,16.095999813079835,-0.1415766766697864
2024-05-07,157.28012084960938,89.82638549804688,13.229999542236328,16.008499813079833,-0.043792550819050736
2024-05-08,156.62539672851562,89.24397277832031,13.0,15.868499803543092,-0.06918788870467545
2024-05-09,157.5457763671875,89.82638549804688,12.6899995803833,15.75749979019165,0.012140776489434464
2024-05-10,158.31436157226562,90.80026245117188,12.550000190734863,15.519499826431275,-0.014076882922998243
2024-05-13,157.38450622558594,90.189208984375,13.600000381469727,15.237999868392944,-0.0918705156679483
2024-05-14,157.28012084960938,90.29423522949219,13.420000076293945,14.988999891281129,-0.13412777946753082
2024-05-15,157.9917449951172,90.25605010986328,12.449999809265137,14.700999927520751,0.02307651221678776
2024-05-16,159.27267456054688,90.25605010986328,12.420000076293945,14.42199993133545,0.29277410139343374
2024-05-17,159.06394958496094,89.87413024902344,11.989999771118164,14.085999965667725,0.32257077949467483
2024-05-20,158.75082397460938,90.12237548828125,12.149999618530273,13.846499919891357,0.20871002529124927
2024-05-21,159.7376251220703,90.86711883544922,11.859999656677246,13.654999923706054,0.27267985873381195
2024-05-22,159.22525024414062,90.47566223144531,12.289999961853027,13.470999908447265,0.24038496651463545
2024-05-23,157.02395629882812,89.49222564697266,12.770000457763672,13.340999937057495,-0.03320598513580215
2024-05-24,156.8721160888672,89.08165740966797,11.930000305175781,13.185999965667724,0.014099285876628485
2024-05-28,154.7656707763672,87.78314971923828,12.920000076293945,13.098499965667724,-0.17868562744696456
2024-05-29,153.38037109375,87.16254425048828,14.279999732971191,13.02999997138977,-0.35052794973726853
2024-05-30,154.26280212402344,86.8188247680664,14.470000267028809,12.983999967575073,-0.09836614763068587
2024-05-31,156.12252807617188,88.75703430175781,12.920000076293945,12.895999956130982,-0.08104504903373988
2024-06-03,156.22689819335938,88.2891845703125,13.109999656677246,12.876999950408935,0.03126513416902159
2024-06-04,158.46615600585938,89.56859588623047,13.15999984741211,12.860499954223632,0.25570074081551974
2024-06-05,157.55528259277344,89.42538452148438,12.630000114440918,12.830499982833862,0.09156996709303102
2024-06-06,159.85147094726562,89.73091125488281,12.579999923706055,12.809499979019165,0.5160356735825014
2024-06-07,158.51364135742188,89.64498138427734,12.220000267028809,12.78600001335144,0.2509497330699174
2024-06-10,158.7887725830078,89.65453338623047,12.739999771118164,12.795499992370605,0.30703379718136153
2024-06-11,158.912109375,89.7118148803711,12.850000381469727,12.757999992370605,0.3219418995499803
2024-06-12,156.72979736328125,89.01483154296875,12.039999961853027,12.68899998664856,-0.0029625464076699893
2024-06-13,157.8968505859375,90.47566223144531,11.9399995803833,12.663499975204468,-0.03930737172902362
2024-06-14,158.25741577148438,90.34198760986328,12.65999984741211,12.675499963760377,0.06241972495739884
2024-06-17,158.9311065673828,91.6118392944336,12.75,12.713499975204467,-0.04092636853852119
2024-06-18,159.9368896484375,92.62391662597656,12.300000190734863,12.721000003814698,-0.02457836763426403
2024-06-20,159.09242248535156,92.56664276123047,13.279999732971191,12.792000007629394,-0.1913207431664838
2024-06-21,159.65220642089844,92.87216186523438,13.199999809265137,12.8375,-0.13245062545038253
2024-06-24,159.83248901367188,94.51438903808594,13.329999923706055,12.86549997329712,-0.4115834852014941
2024-06-25,158.31436157226562,94.23751068115234,12.84000015258789,12.910999965667724,-0.6777613608805572
2024-06-26,158.88363647460938,93.78876495361328,12.550000190734863,12.892499971389771,-0.471254964042134
2024-06-27,158.0961456298828,93.73147583007812,12.239999771118164,12.79049997329712,-0.625998124265422
2024-06-28,156.48309326171875,92.65257263183594,12.4399995803833,12.688999938964844,-0.7573025247381192
2024-07-01,154.39564514160156,91.22037506103516,12.220000267028809,12.653999948501587,-0.9202739678796965
2024-07-02,155.5152587890625,91.774169921875,12.029999732971191,12.599999952316285,-0.7914712059407658
2024-07-03,155.44886779785156,91.55455780029297,12.09000015258789,12.546499967575073,-0.7630456947491583
2024-07-05,156.75827026367188,92.66212463378906,12.479999542236328,12.538999938964844,-0.7012088224887097
2024-07-08,158.001220703125,93.16815185546875,12.369999885559082,12.528499937057495,-0.5372144422609256
2024-07-09,157.18524169921875,92.65257263183594,12.510000228881836,12.542999935150146,-0.6094663392454567
2024-07-10,158.2669219970703,92.98673248291016,12.850000381469727,12.548499965667725,-0.44624193762736364
2024-07-11,157.07138061523438,93.34000396728516,12.920000076293945,12.551999950408936,-0.7661729611520463
2024-07-12,158.08663940429688,93.635986328125,12.460000038146973,12.572999954223633,-0.609561959213164
2024-07-15,156.16046142578125,92.85306549072266,13.119999885559082,12.631999969482422,-0.8639444832779809
2024-07-16,158.40924072265625,92.99629211425781,13.1899995803833,12.658499956130981,-0.4181227975867029
2024-07-17,160.77186584472656,94.89630889892578,14.479999542236328,12.744999933242799,-0.28754263057214907
2024-07-18,159.82301330566406,94.05611419677734,15.930000305175781,12.926499938964843,-0.325092128254084
2024-07-19,160.3260498046875,94.12328338623047,16.520000457763672,13.088499975204467,-0.2321480596399266
2024-07-22,160.60289001464844,93.9985122680664,14.90999984741211,13.173999977111816,-0.14976825906020932
2024-07-23,159.04698181152344,92.6550064086914,14.720000267028809,13.243499994277954,-0.21794998381582614
2024-07-24,160.3642578125,92.70298767089844,18.040000915527344,13.503500032424927,0.050135777379955206
2024-07-25,159.31422424316406,92.597412109375,18.459999084472656,13.798999977111816,-0.15056188207945884
2024-07-26,161.4237823486328,95.38043212890625,16.389999389648438,14.00649995803833,-0.24376010836362327
2024-07-29,162.20652770996094,96.81031799316406,16.600000381469727,14.214499998092652,-0.35504530256699474
2024-07-30,154.35060119628906,96.43605041503906,17.690000534057617,14.488000011444091,-1.9368317357855638
2024-07-31,153.45333862304688,95.1884994506836,16.360000610351562,14.70450005531311,-1.884864264742285
2024-08-01,158.15924072265625,96.85830688476562,18.59000015258789,15.029500055313111,-1.2164608277398574
2024-08-02,162.3497314453125,98.66246032714844,23.389999389648438,15.575000047683716,-0.6825167308073924
2024-08-05,160.42152404785156,96.89668273925781,38.56999969482422,16.885000038146973,-0.7475506767885679
2024-08-06,160.45016479492188,98.51850891113281,27.709999084472656,17.644999980926514,-1.0546723274223804
2024-08-07,162.29244995117188,98.29778289794922,27.850000381469727,18.394999980926514,-0.6241631516001922
2024-08-08,163.1038055419922,98.56649780273438,23.790000915527344,18.938500022888185,-0.5052186651066825
2024-08-09,162.78878784179688,97.95230865478516,20.3700008392334,19.334000062942504,-0.4529537980657572
2024-08-12,159.22833251953125,97.19418334960938,20.709999084472656,19.713500022888184,-1.056218368130862
2024-08-13,159.6865234375,96.53202056884766,18.1200008392334,19.96000008583069,-0.8318926763731532
2024-08-14,161.12786865234375,98.0578842163086,16.190000534057617,20.045500135421754,-0.8230427323031854
2024-08-15,160.28787231445312,97.34773254394531,15.229999542236328,20.01050009727478,-0.8627822250817406
2024-08-16,160.2592315673828,97.87554168701172,14.800000190734863,19.92450008392334,-0.9707250377451018
2024-08-19,160.76515197753906,97.7411880493164,14.649999618530273,19.91150007247925,-0.838262531816816
2024-08-20,162.66468811035156,98.90237426757812,15.880000114440918,19.969500064849854,-0.6625271496576663
2024-08-21,162.4260711669922,99.29582214355469,16.270000457763672,19.88100004196167,-0.7887368228575818
2024-08-22,162.41653442382812,99.7564697265625,17.549999237060547,19.835500049591065,-0.8796893629524658
2024-08-23,161.4810791015625,100.0059814453125,15.859999656677246,19.809000062942506,-1.1248251422015592
2024-08-26,162.60745239257812,100.85047912597656,16.149999618530273,19.786500024795533,-1.0507297903688075
2024-08-27,161.5574493408203,101.64700317382812,15.430000305175781,19.67350001335144,-1.425603820714127
2024-08-28,161.37606811523438,101.52224731445312,17.110000610351562,19.71100001335144,-1.4397047273964676
2024-08-29,162.30198669433594,101.54142761230469,15.649999618530273,19.56399998664856,-1.2484575576334096
2024-08-30,163.74334716796875,102.20359802246094,15.0,19.144500017166138,-1.072837336919741
2024-09-03,166.5879364013672,103.43196105957031,20.719999313354492,18.25199999809265,-0.7110934991106608
2024-09-04,167.9051971435547,104.38202667236328,21.31999969482422,17.932500028610228,-0.6171908006803517
2024-09-05,167.49472045898438,104.15170288085938,19.899999618530273,17.534999990463255,-0.6591436864462059
2024-09-06,167.60928344726562,103.50872802734375,22.3799991607666,17.46449990272522,-0.5108732035912986
2024-09-09,168.05789184570312,102.78900146484375,19.450000762939453,17.41849989891052,-0.27745033558532584
2024-09-10,169.70928955078125,102.52986907958984,19.079999923706055,17.336999940872193,0.12028353731380434
2024-09-11,166.01516723632812,101.84851837158203,17.690000534057617,17.315499925613402,-0.5259484947158625
2024-09-12,165.5856475830078,102.05005645751953,17.06999969482422,17.359499883651733,-0.6552973240979929
2024-09-13,166.16790771484375,101.46467590332031,16.559999465942383,17.425999879837036,-0.41967463799305493
2024-09-16,169.1842803955078,101.17676544189453,17.139999389648438,17.542999839782716,0.27100908871462515
2024-09-17,167.88609313964844,100.34185028076172,17.610000610351562,17.690999889373778,0.15888834212426947
2024-09-18,166.01516723632812,99.01753234863281,18.229999542236328,17.80849986076355,0.020675244692353795
2024-09-19,163.74334716796875,97.89473724365234,16.329999923706055,17.81149983406067,-0.24085668692413986
2024-09-20,166.30152893066406,98.90237426757812,16.149999618530273,17.741499853134155,0.10320363517941554
2024-09-23,165.8719940185547,99.14228820800781,15.890000343322754,17.742999887466432,-0.033558246778747775
2024-09-24,165.36607360839844,99.6029281616211,15.390000343322754,17.704999923706055,-0.22902206909608694
2024-09-25,164.43060302734375,99.56454467773438,15.40999984741211,17.70399990081787,-0.4185725307905526
2024-09-26,165.33743286132812,98.90237426757812,15.369999885559082,17.616999864578247,-0.09978518844677746
2024-09-27,165.66200256347656,99.47817993164062,16.959999084472656,17.682499837875366,-0.1426275843736407
2024-09-30,165.32791137695312,99.62212371826172,16.729999542236328,17.768999814987183,-0.24076345650496359
2024-10-01,165.1751708984375,98.20182037353516,19.260000228881836,17.69599986076355,0.001317967490274411
2024-10-02,164.10609436035156,97.94271850585938,18.899999618530273,17.574999856948853,-0.17374537852040906
2024-10-03,162.3878936767578,95.9370346069336,20.489999771118164,17.604499864578248,-0.14824021262765805
2024-10-04,161.20425415039062,95.0445556640625,19.209999084472656,17.44599986076355,-0.22512836552836082
2024-10-07,159.5242462158203,94.59349822998047,22.639999389648438,17.605499792099,-0.49175837017644414
2024-10-08,160.51698303222656,96.52242279052734,21.420000076293945,17.722499799728393,-0.6551875936414321
2024-10-09,161.5765380859375,96.92548370361328,20.860000610351562,17.88099980354309,-0.5099254551543649
2024-10-10,161.2710723876953,95.23648071289062,20.93000030517578,18.07399983406067,-0.248117934907965
2024-10-11,163.3137969970703,96.06178283691406,20.459999084472656,18.268999814987183,0.022620055717078005
2024-10-14,164.6692657470703,96.66637420654297,19.700000762939453,18.396999883651734,0.19127362295408173
2024-10-15,165.68109130859375,97.45330047607422,20.639999389648438,18.548499822616577,0.25236737381650276
2024-10-16,164.54518127441406,97.1078109741211,19.579999923706055,18.615999841690062,0.07991258828389
2024-10-17,164.44972229003906,96.47443389892578,19.110000610351562,18.75499987602234,0.18211009763684435
2024-10-18,164.45645141601562,96.88915252685547,18.030000686645508,18.8489999294281,0.10345054700015745
2024-10-21,162.78575134277344,95.8282699584961,18.3700008392334,18.97299995422363,-0.0434710130443307
2024-10-22,162.9393768310547,96.12723541259766,18.200000762939453,19.11349997520447,-0.06885146277534435
2024-10-23,162.8241729736328,95.4617691040039,19.239999771118164,19.30499997138977,0.03538477780780278
2024-10-24,162.86256408691406,96.19475555419922,19.079999923706055,19.49049997329712,-0.09806145167404617
2024-10-25,161.51834106445312,92.2115478515625,20.329999923706055,19.65900001525879,0.38801623038989685
2024-10-28,162.55532836914062,92.33692932128906,19.799999237060547,19.8125,0.5821427771333416
2024-10-29,160.5101776123047,91.35319519042969,19.34000015258789,19.816499996185303,0.34148496611136875
2024-10-30,159.54042053222656,91.29531860351562,20.350000381469727,19.889000034332277,0.14847938418264953
2024-10-31,158.59947204589844,90.37908935546875,23.15999984741211,20.022500038146973,0.12727527723774254
2024-11-01,158.52264404296875,90.01260375976562,21.8799991607666,20.15600004196167,0.18186250315480387
2024-11-04,158.50343322753906,90.28263854980469,21.979999542236328,20.123000049591063,0.12567776310728745
2024-11-05,159.15635681152344,90.90953826904297,20.489999771118164,20.076500034332277,0.14210418454916046
2024-11-06,154.63397216796875,87.01313781738281,16.270000457763672,19.84700002670288,-0.05773603984973092
2024-11-07,156.8999786376953,87.54359436035156,15.199999809265137,19.56050000190735,0.31694412600946026
2024-11-08,161.02865600585938,89.27960968017578,14.9399995803833,19.28450002670288,0.8510300408428096
2024-11-11,159.41558837890625,88.6912841796875,14.970000267028809,19.048000001907347,0.6249987471296564
2024-11-12,159.233154296875,88.24764251708984,14.710000038146973,18.751500034332274,0.6722485443416654
2024-11-13,159.94371032714844,87.83292388916016,14.020000457763672,18.473500061035157,0.9019312914239165
2024-11-14,160.42376708984375,88.19941711425781,14.3100004196167,18.233500051498414,0.932241736975824
2024-11-15,162.78575134277344,90.23441314697266,16.139999389648438,18.13899998664856,1.0366243682969114
2024-11-18,163.9475555419922,91.25674438476562,15.579999923706055,17.99949994087219,1.0838424704482705
2024-11-19,163.95712280273438,90.28263854980469,16.350000381469727,17.906999921798707,1.2739430309595345
2024-11-20,164.08197021484375,90.57198333740234,17.15999984741211,17.802999925613403,1.244361021080859
2024-11-21,165.86788940429688,90.89988708496094,16.8700008392334,17.692499971389772,1.5570697157671725
2024-11-22,169.25721740722656,91.54607391357422,15.239999771118164,17.437999963760376,2.145917465001727
2024-11-25,170.3230438232422,91.95114135742188,14.600000381469727,17.178000020980836,2.292112595410701
2024-11-26,172.16653442382812,93.1470718383789,14.100000381469727,16.916000032424925,2.449339053625843
2024-11-27,172.21453857421875,93.32067108154297,14.100000381469727,16.603500032424925,2.425926665876063
2024-11-29,172.11851501464844,93.1952896118164,13.510000228881836,16.121000051498413,2.429918470375146
2024-12-02,172.54098510742188,93.6582260131836,13.34000015258789,15.694000101089477,2.4294823121848754
2024-12-03,168.43150329589844,91.2470932006836,13.300000190734863,15.260000133514405,2.0297937194271194
2024-12-04,168.13385009765625,91.43997955322266,13.449999809265137,14.908000135421753,1.929879681311972
2024-12-05,169.01719665527344,91.71967315673828,13.539999961853027,14.77150011062622,2.0618619131925007
2024-12-06,166.89524841308594,90.88060760498047,12.770000457763672,14.650000143051148,1.777101043539464
2024-12-09,163.98594665527344,89.6364517211914,14.1899995803833,14.612500143051147,1.404781468803003
2024-12-10,165.41661071777344,90.55268096923828,14.180000305175781,14.573000144958495,1.529094375669709
2024-12-11,163.8323516845703,89.46286010742188,13.579999923706055,14.51650013923645,1.4059604118569728
2024-12-12,164.0435791015625,90.23441314697266,13.920000076293945,14.511500120162964,1.3014579105151975
2024-12-13,164.24520874023438,90.11868286132812,13.8100004196167,14.486500120162964,1.3662565923236585
2024-12-16,164.32200622558594,89.6171646118164,14.6899995803833,14.414000129699707,1.4792623229089197
2024-12-17,163.54428100585938,90.16690826416016,15.869999885559082,14.428500127792358,1.209365774185991
2024-12-18,162.34410095214844,89.45320892333984,27.6200008392334,14.992000150680543,1.0944752042834205
2024-12-19,162.44969177246094,89.6171646118164,24.09000015258789,15.338500165939331,1.0850496293959748
2024-12-20,161.36471557617188,88.75879669189453,18.360000610351562,15.41300015449524,1.0223485158749284
2024-12-23,161.41273498535156,88.64307403564453,16.780000686645508,15.490000200271606,1.0548033462650173
2024-12-24,162.20965576171875,89.10600280761719,14.270000457763672,15.473500204086303,1.133208629736413
2024-12-26,163.3810577392578,89.08670043945312,14.729999542236328,15.505000162124634,1.3835723843513268
2024-12-27,162.7761688232422,88.54662322998047,15.949999809265137,15.597500133514405,1.3604953720772355
2024-12-30,160.43336486816406,87.56288146972656,17.399999618530273,15.792000102996827,1.057168648440255
2024-12-31,160.9710693359375,87.67860412597656,17.350000381469727,15.992500114440919,1.1480370059917806
2025-01-02,159.36756896972656,87.33140563964844,17.93000030517578,16.224000120162962,0.8774618348260995
2025-01-03,158.55145263671875,86.94563293457031,16.1299991607666,16.358000087738038,0.7801172032615885
2025-01-06,154.20191955566406,84.42839813232422,16.040000915527344,16.483000135421754,0.35037302277847604
2025-01-07,154.87403869628906,84.28372192382812,17.81999969482422,16.73550009727478,0.5198215387398031
2025-01-08,155.64215087890625,84.35123443603516,17.700000762939453,16.911000156402586,0.6685105607677001
2025-01-10,152.24317932128906,83.29035186767578,19.540000915527344,17.179000186920167,0.1577043146652988
2025-01-13,152.5120391845703,84.00404357910156,19.190000534057617,17.459500217437743,0.07650844085195228
2025-01-14,153.3761749267578,84.55377960205078,18.709999084472656,17.69900016784668,0.1523044595557726
2025-01-15,153.28973388671875,84.73703002929688,16.1200008392334,17.814500188827516,0.09872135217558686
2025-01-16,154.1059112548828,85.41213989257812,16.600000381469727,17.910000228881835,0.14021188290510692
2025-01-17,154.71080017089844,85.53753662109375,15.970000267028809,17.915000247955323,0.24335788645036938
2025-01-21,155.27731323242188,85.5763168334961,15.0600004196167,17.287000226974488,0.3551483534495874
2025-01-22,158.17698669433594,84.9167709350586,15.100000381469727,16.837500238418578,1.0930188501173812
2025-01-23,159.5308074951172,85.26594543457031,15.020000457763672,16.670500230789184,1.3106428636613046
2025-01-24,158.54257202148438,85.23683166503906,14.850000381469727,16.574000215530397,1.108192989633891
2025-01-27,163.894287109375,88.4666976928711,17.899999618530273,16.755500173568727,1.6113458187071705
2025-01-28,160.54222106933594,87.15728759765625,16.40999984741211,16.839500188827515,1.1584026349118122
2025-01-29,160.5808563232422,86.87601470947266,16.559999465942383,16.870000171661378,1.220847077475946
2025-01-30,161.72076416015625,88.15631866455078,15.84000015258789,16.792000198364256,1.213644019413894
2025-01-31,160.34902954101562,84.09233856201172,16.43000030517578,16.74600019454956,1.7095251993762584
2025-02-03,163.02487182617188,84.41239929199219,18.6200008392334,16.780500221252442,2.211120098292033
2025-02-04,162.4163055419922,83.89834594726562,17.209999084472656,16.834500217437743,2.182243978575659
2025-02-05,163.26637268066406,84.01473999023438,15.770000457763672,16.821000194549562,2.338750141500595
2025-02-06,163.1408233642578,83.1030044555664,15.5,16.70500020980835,2.4883593002700177
2025-02-07,162.26173400878906,84.15052795410156,16.540000915527344,16.647000217437743,2.10100638689544
2025-02-10,161.83670043945312,83.37459564208984,15.8100004196167,16.46050019264221,2.1613379346868387
2025-02-11,163.672119140625,84.74217987060547,16.020000457763672,16.302000188827513,2.283720934093616
2025-02-12,163.81703186035156,84.1214370727539,15.890000343322754,16.16100025177002,2.434088803936112
2025-02-13,165.20809936523438,85.11075592041016,15.100000381469727,16.110000228881837,2.5359521437533834
2025-02-14,157.35435485839844,83.45219421386719,14.770000457763672,16.018500232696532,1.2026043319038302
2025-02-18,159.8080596923828,83.79166412353516,15.350000381469727,15.98750023841858,1.653680919322298
2025-02-19,160.83203125,84.79067993164062,15.270000457763672,15.998000240325927,1.676380470896388
2025-02-20,161.52757263183594,85.22714233398438,15.65999984741211,16.026000213623046,1.7385507766798065
2025-02-21,164.44493103027344,86.77902221679688,18.209999084472656,16.185500144958496,2.0531494706460913
2025-02-24,164.74440002441406,87.39977264404297,18.979999542236328,16.392000102996825,1.9963439583007623
2025-02-25,166.78268432617188,89.51420593261719,19.43000030517578,16.4685001373291,2.0172338821727718
2025-02-26,165.47857666015625,87.45795440673828,19.100000381469727,16.603000164031982,2.139689544394397
2025-02-27,166.12579345703125,87.48706817626953,21.1299991607666,16.831500148773195,2.2703385033145507
2025-02-28,167.93226623535156,88.42788696289062,19.6299991607666,17.021000099182128,2.4690294147364322
2025-03-03,169.62278747558594,90.01856994628906,22.780000686645508,17.338500118255617,2.5178272507865436
2025-03-04,167.294677734375,88.3211898803711,23.510000228881836,17.583000087738036,2.35538792831031
2025-03-05,168.6760711669922,88.99044799804688,21.93000030517578,17.819000148773192,2.5170136512687606
2025-03-06,168.72438049316406,90.484130859375,24.8700008392334,18.27400016784668,2.238775865247169
2025-03-07,169.97055053710938,93.83036041259766,23.3700008392334,18.66750020980835,1.8550448483661912
2025-03-10,170.27000427246094,94.56749725341797,27.860000610351562,19.23350019454956,1.7757635374005007
2025-03-11,167.23670959472656,91.26976776123047,26.920000076293945,19.78900017738342,1.7738537532081242
2025-03-12,162.64813232421875,88.08840942382812,24.229999542236328,20.199500131607056,1.4220121666684422
2025-03-13,162.8606719970703,87.79743957519531,24.65999984741211,20.638000106811525,1.522944242561755
2025-03-14,162.26173400878906,87.11849212646484,21.770000457763672,20.97150011062622,1.5279340858754888
2025-03-17,163.9908905029297,87.98171997070312,20.510000228881836,21.25850009918213,1.7253279062173403
2025-03-18,162.0105743408203,86.79841613769531,21.700000762939453,21.576000118255614,1.536855024810728
2025-03-19,162.84136962890625,87.71985626220703,19.899999618530273,21.807500076293945,1.5338604118635504
2025-03-20,161.8560028076172,87.56465911865234,19.799999237060547,22.014500045776366,1.3563594609328367
2025-03-21,161.02523803710938,87.58405303955078,19.280000686645508,22.06800012588501,1.1776986260584517
2025-03-24,160.02056884765625,88.16600036621094,17.479999542236328,21.99300012588501,0.8538013236879725
2025-03-25,157.3157501220703,86.8954086303711,17.149999618530273,21.879000091552733,0.5296397038988727
2025-03-26,160.91897583007812,89.26201629638672,18.329999923706055,21.84050006866455,0.8313340982143005
2025-03-27,162.97657775878906,90.38713836669922,18.690000534057617,21.7185001373291,1.0473134524741652
2025-03-28,162.31971740722656,90.02825927734375,21.649999618530273,21.819500160217284,0.9783071224597054
2025-03-31,164.62847900390625,90.88179779052734,22.280000686645508,21.794500160217286,1.2996067070496748
2025-04-01,164.7637176513672,91.0757827758789,21.770000457763672,21.707500171661376,1.2906251963278916
2025-04-02,163.73973083496094,90.7363052368164,21.510000228881836,21.68650016784668,1.140574832305732
2025-04-03,166.5315399169922,93.11261749267578,30.020000457763672,21.944000148773192,1.2695529854730319
2025-04-04,158.1851348876953,88.90316009521484,45.310001373291016,23.041000175476075,0.3250185404693936
2025-04-07,154.78475952148438,86.5074462890625,46.97999954223633,23.99700012207031,0.07165393606645824
2025-04-08,153.00729370117188,85.93518829345703,52.33000183105469,25.26750020980835,-0.1920935338722573
2025-04-09,156.8037567138672,87.51617431640625,33.619998931884766,25.73700017929077,0.3019791863482675
2025-04-10,158.00160217285156,89.03894805908203,40.720001220703125,26.540000247955323,0.2601572792085351
2025-04-11,161.23777770996094,91.17276763916016,37.560001373291016,27.32950029373169,0.5295179887025692
2025-04-14,163.38230895996094,92.12329864501953,30.889999389648438,27.84850025177002,0.7975112555083973
2025-04-15,162.7447509765625,91.4249496459961,30.1200008392334,28.269500255584717,0.7981158906437321
2025-04-16,160.7354278564453,90.67811584472656,32.63999938964844,28.906500244140624,0.519259394222408
2025-04-17,164.8313446044922,93.14574432373047,29.649999618530273,29.399000263214113,0.9051833637232263
2025-04-21,161.115234375,92.3654556274414,33.81999969482422,30.126000213623048,0.2734253521920008
2025-04-22,163.18569946289062,93.4480972290039,30.56999969482422,30.780500221252442,0.500315406590925
2025-04-23,161.09579467773438,91.57542419433594,28.450000762939453,31.3455002784729,0.4218763577999156
2025-04-24,155.06918334960938,90.41474914550781,26.469999313354492,31.75250024795532,-0.6229065410045851
2025-04-25,156.5175018310547,91.59494018554688,24.84000015258789,32.06000022888183,-0.5458438495718011
2025-04-28,157.3242950439453,88.71765899658203,25.149999618530273,32.23500022888184,0.1795878066815021
2025-04-29,157.7228240966797,90.05388641357422,24.170000076293945,32.32950019836426,0.00549064187540748
2025-04-30,158.02415466308594,89.9173355102539,24.700000762939453,32.476000213623045,0.09530135774593244
2025-05-01,155.506591796875,88.45431518554688,24.600000381469727,32.63050022125244,-0.15227858773253472
2025-05-02,156.031494140625,88.24949645996094,22.68000030517578,32.26350021362305,-0.0022136459944835526
2025-05-05,154.38873291015625,88.5030746459961,23.639999389648438,31.18000011444092,-0.3970566854755989
2025-05-06,154.79698181152344,88.75667572021484,24.760000228881836,30.069000148773192,-0.3600673729387916
2025-05-07,154.8358917236328,88.63963317871094,23.549999237060547,28.630000019073485,-0.3292756806520551
2025-05-08,154.21377563476562,88.59086608886719,22.479999542236328,28.073000049591066,-0.4508449464434245
2025-05-09,153.25146484375,87.59600830078125,21.899999618530273,27.131999969482422,-0.4613647815947891
2025-05-12,156.40084838867188,86.94252014160156,18.389999389648438,26.173499870300294,0.32791209307511
2025-05-13,154.29151916503906,85.71357727050781,18.219999313354492,25.539999866485594,0.12108798503717451
2025-05-14,153.60137939453125,85.4112319946289,18.6200008392334,24.964999866485595,0.03415884137064568
2025-05-15,157.86865234375,87.42044067382812,17.829999923706055,24.224499893188476,0.5446760149377777
2025-05-16,158.7143096923828,88.98100280761719,17.239999771118164,23.603999900817872,0.42140507811279726
2025-05-19,160.16265869140625,89.47842407226562,18.139999389648438,22.81999988555908,0.6303074731126583
2025-05-20,161.00833129882812,89.7222671508789,18.09000015258789,22.195999908447266,0.7612797515491341
2025-05-21,160.80418395996094,89.41015625,20.8700008392334,21.816999912261963,0.7785611112895823
2025-05-22,160.41539001464844,88.65913391113281,20.280000686645508,21.507499980926514,0.8417130848047476
2025-05-23,161.22216796875,90.3074722290039,22.290000915527344,21.380000019073485,0.6933078047199076
2025-05-27,163.0690155029297,90.15142059326172,18.959999084472656,21.070499992370607,1.1122898654185622
2025-05-28,162.68023681640625,89.49794006347656,19.309999465942383,20.82749996185303,1.1566110948564707
2025-05-29,163.84666442871094,90.02462768554688,19.18000030517578,20.551499938964845,1.3005044872569702
2025-05-30,165.13949584960938,90.64884948730469,18.56999969482422,20.249999904632567,1.4521795076236057
2025-06-02,163.08848571777344,89.66374969482422,18.360000610351562,20.033999919891357,1.210551705068795
2025-06-03,162.1844940185547,88.38604736328125,17.690000534057617,19.736499977111816,1.2669241764200811
2025-06-04,161.30966186523438,87.97638702392578,17.610000610351562,19.378999996185303,1.1618293940797983
2025-06-05,158.2477264404297,87.92762756347656,18.479999542236328,19.125500011444093,0.5265587526137085
2025-06-06,159.43360900878906,88.01541137695312,16.770000457763672,18.840000057220458,0.7592945301214302
2025-06-09,158.01443481445312,88.62987518310547,17.15999984741211,18.60300006866455,0.3418454118616798
2025-06-10,158.28660583496094,89.67350769042969,16.950000762939453,18.5310001373291,0.19763975141963147
2025-06-11,157.5770263671875,89.83930969238281,17.260000228881836,18.483000183105467,0.01622493114455359
2025-06-12,158.61709594726562,90.84391784667969,18.020000457763672,18.453000164031984,0.04123409086699768
2025-06-13,155.79820251464844,88.03491973876953,20.81999969482422,18.60250015258789,-0.009901051084145837
2025-06-16,156.3814239501953,87.88861846923828,19.110000610351562,18.696000194549562,0.1411439774732606
2025-06-17,154.08741760253906,86.4450912475586,21.600000381469727,18.869000244140626,-0.06313036000906612
2025-06-18,153.60137939453125,86.01594543457031,20.139999389648438,18.971500205993653,-0.0826028519516073
2025-06-20,154.63174438476562,85.61605072021484,20.6200008392334,18.959000205993654,0.21155284961792833
2025-06-23,156.5272216796875,86.4841079711914,19.829999923706055,18.93650016784668,0.4430327471078368
2025-06-24,155.87596130371094,86.00618743896484,17.479999542236328,18.69600009918213,0.3981907175058795
2025-06-25,154.5248260498047,85.63555908203125,16.760000228881836,18.586000156402587,0.18527458069242367
2025-06-26,154.19435119628906,85.62580108642578,16.59000015258789,18.450000190734862,0.11757778227276608
2025-06-27,155.38995361328125,86.52312469482422,16.31999969482422,18.307000160217285,0.1960492648539064
2025-06-30,154.8650360107422,88.65913391113281,16.729999542236328,18.21500015258789,-0.32690471771144275
2025-07-01,156.71192932128906,89.77103424072266,16.829999923706055,18.138500118255614,-0.15273677959327406
2025-07-02,156.6924591064453,90.12215423583984,16.639999389648438,18.086000061035158,-0.2246325528668341
2025-07-03,156.33282470703125,90.49279022216797,16.3799991607666,18.02449998855591,-0.37191759382619677
2025-07-07,156.01205444335938,91.02923583984375,17.790000915527344,17.99000005722046,-0.5430353725045279
2025-07-08,153.4750213623047,89.86856842041016,16.809999465942383,17.992000007629393,-0.8530948494261985
2025-07-09,153.11537170410156,89.32237243652344,15.9399995803833,17.930999994277954,-0.8233556943066481
2025-07-10,154.05824279785156,88.38604736328125,15.779999732971191,17.87249994277954,-0.44404450009120516
2025-07-11,152.6585235595703,87.3716812133789,16.399999618530273,17.829499912261962,-0.5428931648280124
2025-07-14,149.46051025390625,86.65967559814453,17.200000762939453,17.788499927520753,-1.0787512372182824
2025-07-15,148.41070556640625,85.97693634033203,17.3799991607666,17.61649990081787,-1.1679584821977695
2025-07-16,149.4313507080078,85.49900817871094,17.15999984741211,17.5189998626709,-0.8607821131569895
2025-07-17,151.26849365234375,85.08935546875,16.520000457763672,17.264999866485596,-0.3948765231817979
2025-07-18,151.7940673828125,85.20709991455078,16.40999984741211,17.07849988937378,-0.30695265142764483
2025-07-21,151.72555541992188,85.01087188720703,16.649999618530273,16.879999828338622,-0.2834888482852692
2025-07-22,154.94541931152344,87.03213500976562,16.5,16.71349983215332,0.004170546432062017
2025-07-23,154.90626525878906,87.12044525146484,15.369999885559082,16.60799984931946,-0.02112474469939486
2025-07-24,155.4249725341797,86.78683471679688,15.390000343322754,16.539499855041505,0.1525037296839037
2025-07-25,154.92584228515625,86.276611328125,14.930000305175781,16.4564998626709,0.1459296742658434
2025-07-28,153.76121520996094,84.84407043457031,15.029999732971191,16.391999864578246,0.17732295783491028
2025-07-29,153.27186584472656,85.22673034667969,15.979999542236328,16.354499864578248,0.0004049949875046577
2025-07-30,149.62136840820312,84.1866683959961,15.479999542236328,16.28699984550476,-0.567379776085604
2025-07-31,147.2627410888672,82.27333068847656,16.719999313354492,16.290999841690063,-0.6945461288059582
2025-08-01,147.4389190673828,81.9397201538086,20.3799991607666,16.490999841690062,-0.5930366280826755
2025-08-04,147.5465545654297,81.79254913330078,17.520000457763672,16.47749981880188,-0.5419574908008261
2025-08-05,147.3018798828125,81.49817657470703,17.850000381469727,16.52949986457825,-0.5366341212539241
2025-08-06,149.60179138183594,83.01904296875,16.770000457763672,16.570999908447266,-0.3460495746494036
2025-08-07,150.21836853027344,83.1171646118164,16.56999969482422,16.610499906539918,-0.23517619633004655
2025-08-08,150.23794555664062,83.09754180908203,15.149999618530273,16.547999906539918,-0.22726539769884707
2025-08-11,151.67660522460938,82.86204528808594,16.25,16.500499868392943,0.12111308112251258
2025-08-12,151.7842559814453,83.37227630615234,14.729999542236328,16.367999887466432,0.045260307556895044
2025-08-13,152.0974578857422,84.71650695800781,14.489999771118164,16.234499883651733,-0.14834765893928695
2025-08-14,150.4630584716797,83.05828857421875,14.829999923706055,16.149999856948853,-0.17228899819131366
2025-08-15,151.06982421875,83.47039031982422,15.09000015258789,16.08399987220764,-0.12410655310206613
2025-08-18,152.40084838867188,82.67562866210938,14.989999771118164,16.000999879837035,0.3095957133498317
2025-08-19,155.02371215820312,84.23572540283203,15.569999694824219,15.954499864578247,0.5606024929456196
2025-08-20,156.1100616455078,84.43196868896484,15.6899995803833,15.970499849319458,0.7514397411389038
2025-08-21,155.34666442871094,84.65763854980469,16.600000381469727,16.030999851226806,0.5471340385199879
2025-08-22,155.28794860839844,84.32403564453125,14.220000267028809,15.995499849319458,0.599185567516323
2025-08-25,152.82167053222656,82.47937774658203,14.789999961853027,15.98349986076355,0.43609241798524667
2025-08-26,152.6455078125,82.55787658691406,14.619999885559082,15.915499877929687,0.38384462408028514
2025-08-27,153.61441040039062,82.86204528808594,14.850000381469727,15.883999919891357,0.5291147373470034
2025-08-28,152.3323211669922,81.8514175415039,14.430000305175781,15.769499969482421,0.4543110411541486
2025-08-29,153.69268798828125,82.48919677734375,15.359999656677246,15.518499994277954,0.6175877771440463
2025-09-02,154.62245178222656,82.80318450927734,17.170000076293945,15.500999975204468,0.7527213651757375
2025-09-03,154.79861450195312,82.23407745361328,16.350000381469727,15.425999975204467,0.8996987321252893
2025-09-04,155.796875,82.09671783447266,15.300000190734863,15.352499961853027,1.1364030374556993
2025-09-05,156.60919189453125,83.52926635742188,15.180000305175781,15.282999992370605,1.0308299582861185
2025-09-08,155.62071228027344,82.60694122314453,15.109999656677246,15.280999994277954,1.0007952816523742
2025-09-09,156.06112670898438,82.69525146484375,15.039999961853027,15.220499992370605,1.07647233652772
2025-09-10,153.99609375,81.63555145263672,15.350000381469727,15.251500034332276,0.846296308336815
2025-09-11,155.2488250732422,82.47937774658203,14.710000038146973,15.262500047683716,0.9471257690278375
2025-09-12,154.5343780517578,81.71405029296875,14.760000228881836,15.259000062942505,0.9444741463237516
2025-09-15,153.4871826171875,80.58566284179688,15.6899995803833,15.289000034332275,0.9418646978919047
2025-09-16,154.68118286132812,79.9478988647461,16.360000610351562,15.357500076293945,1.3164027520837231
2025-09-17,156.91258239746094,80.67398071289062,15.720000267028809,15.365000104904174,1.6460239798904999
2025-09-18,153.9667510986328,79.99695587158203,15.699999809265137,15.365500116348267,1.1565081121646221
2025-09-19,152.71400451660156,79.64371490478516,15.449999809265137,15.308000087738037,0.9609502851039488
2025-09-22,149.8073272705078,77.86775970458984,16.100000381469727,15.402000093460083,0.6918662945258383
2025-09-23,149.24948120117188,78.64290618896484,16.639999389648438,15.494500064849854,0.4247428061383468
2025-09-24,149.1711883544922,79.60447692871094,16.18000030517578,15.572500085830688,0.22259253910433635
2025-09-25,148.9069366455078,78.20136260986328,16.739999771118164,15.66700005531311,0.4378764989412121
2025-09-26,149.24948120117188,78.09342956542969,15.289999961853027,15.710000038146973,0.530839044070771
2025-09-29,150.2575225830078,78.8882064819336,16.1200008392334,15.74800009727478,0.5896201922507516
2025-09-30,150.37496948242188,78.43685913085938,16.280000686645508,15.703500127792358,0.7014972917439346
2025-10-01,149.91497802734375,77.52434539794922,16.290000915527344,15.70050015449524,0.780840473738175
2025-10-02,148.80908203125,76.8375015258789,16.6299991607666,15.767000102996827,0.6806158405503396
2025-10-03,149.02438354492188,76.53333282470703,16.649999618530273,15.84050006866455,0.7846779309457105
2025-10-06,147.20401000976562,75.9936752319336,16.3700008392334,15.903500127792359,0.5056016319626957
2025-10-07,149.2886199951172,77.6224594116211,17.239999771118164,16.013500118255614,0.6300173905188794
2025-10-08,147.47805786132812,76.53333282470703,16.299999237060547,16.061000061035156,0.4591016305756995
2025-10-09,147.3704071044922,76.3469009399414,16.43000030517578,16.147000074386597,0.4724333278706445
2025-10-10,146.49937438964844,76.49407958984375,21.65999984741211,16.49200005531311,0.2606207033732409
2025-10-13,144.34628295898438,75.53250885009766,19.030000686645508,16.65900011062622,-0.00704327728279124
2025-10-14,145.9806671142578,76.92581939697266,20.809999465942383,16.881500053405762,0.06804484125182644
2025-10-15,144.2777557373047,76.1702880859375,20.639999389648438,17.127500009536742,-0.14461780507668373
2025-10-16,146.41128540039062,76.61182403564453,25.309999465942383,17.607999992370605,0.21933891031605857
2025-10-17,148.17291259765625,78.15276336669922,20.780000686645508,17.874500036239624,0.292712789702072
2025-10-20,148.7209930419922,77.78728485107422,18.229999542236328,17.980999994277955,0.4786789966024971
2025-10-21,148.38821411132812,77.65887451171875,17.8700008392334,18.042500066757203,0.4334071838514246
2025-10-22,148.9558563232422,78.88371276855469,18.600000381469727,18.1635000705719,0.31642419967445723
2025-10-23,148.96566772460938,77.4810791015625,17.299999237060547,18.19150004386902,0.5893188843528055
2025-10-24,150.28330993652344,77.04645538330078,16.3700008392334,18.245500087738037,0.9506660111687102
2025-10-27,149.54417419433594,76.87852478027344,15.789999961853027,18.229000043869018,0.8274672569683765
2025-10-28,149.1795196533203,76.19696044921875,16.420000076293945,18.23600001335144,0.882290373688433
2025-10-29,146.6171417236328,74.80419921875,16.920000076293945,18.26749997138977,0.6117086443650864
2025-10-30,147.41542053222656,75.57466888427734,16.90999984741211,18.281500005722044,0.63101802131188
2025-10-31,148.19398498535156,76.10807037353516,17.440000534057617,18.321000051498412,0.691951117063135
2025-11-03,145.8780059814453,74.0633773803711,17.170000076293945,18.36100001335144,0.5991271616042756
2025-11-04,145.040283203125,75.61418151855469,19.0,18.44900002479553,0.12330747159343518
2025-11-05,143.6802520751953,75.96977996826172,18.010000228881836,18.534500074386596,-0.2317058987480543
2025-11-06,144.01535034179688,76.32537078857422,19.5,18.68800005912781,-0.22981112178721638
2025-11-07,144.85304260253906,77.79715728759766,19.079999923706055,18.559000062942506,-0.3376177632756627
2025-11-10,143.3944549560547,77.51070404052734,17.600000381469727,18.487500047683717,-0.5894108570354398
2025-11-11,146.3904571533203,78.49848175048828,17.280000686645508,18.311000108718872,-0.14933361544573415
2025-11-12,145.86813354492188,77.59960174560547,17.510000228881836,18.15450015068054,-0.08574684651954732
2025-11-13,145.81886291503906,77.82678985595703,20.0,17.889000177383423,-0.13998753692260316
2025-11-14,145.53305053710938,77.09584045410156,19.829999923706055,17.84150013923645,-0.05902876862327978
2025-11-17,143.7098388671875,77.84654235839844,22.3799991607666,18.049000120162965,-0.5878529733314417
2025-11-18,144.8629150390625,78.36019134521484,24.690000534057617,18.390000104904175,-0.44425312670479944
2025-11-19,144.8629150390625,77.51070404052734,23.65999984741211,18.643000078201293,-0.2802290293394783
2025-11-20,146.0455322265625,77.89594268798828,26.420000076293945,19.099000120162962,-0.1056151334914799
2025-11-21,148.73602294921875,79.94063568115234,23.43000030517578,19.452000093460082,0.06606164135046168
2025-11-24,144.85304260253906,78.21202087402344,20.520000457763672,19.688500118255615,-0.4177221096475733
2025-11-25,146.34120178222656,78.84420013427734,18.559999465942383,19.795500087738038,-0.22645762834833866
2025-11-26,146.1046600341797,79.06150817871094,17.190000534057617,19.809000110626222,-0.3182202388448412
2025-11-28,146.01597595214844,79.40723419189453,16.350000381469727,19.7810001373291,-0.4036473743749306
2025-12-01,145.306396484375,78.96273803710938,17.239999771118164,19.771000099182128,-0.4672221707551955
2025-12-02,143.74925231933594,77.85643005371094,16.59000015258789,19.742000102996826,-0.5814637119857582
2025-12-03,144.5869598388672,77.24400329589844,16.079999923706055,19.596000099182127,-0.2868347603328473
2025-12-04,143.25648498535156,76.6513442993164,15.779999732971191,19.484500074386595,-0.45252987830725394
2025-12-05,141.37411499023438,77.11559295654297,15.40999984741211,19.280000066757204,-0.9384996611265369
2025-12-08,136.33807373046875,75.17955780029297,16.65999984741211,19.159000062942503,-1.625008505767409
2025-12-09,137.60940551757812,76.0389175415039,16.93000030517578,19.12550005912781,-1.5232620393970886
2025-12-10,137.79666137695312,76.80938720703125,15.770000457763672,19.050000047683717,-1.632602527972465
2025-12-11,138.72305297851562,76.30561828613281,14.850000381469727,18.91700005531311,-1.3402815964043784
2025-12-12,140.77294921875,77.38228607177734,15.739999771118164,18.70400004386902,-1.1165688185015952
2025-12-15,143.02981567382812,78.45896911621094,16.5,18.537500047683714,-0.8492817524165216
2025-12-16,143.10865783691406,77.98483276367188,16.479999542236328,18.242500066757202,-0.7411325790253978
2025-12-17,145.67103576660156,78.75530242919922,17.6200008392334,17.88900008201599,-0.3503950667087828
2025-12-18,143.4141845703125,76.77975463867188,16.8700008392334,17.549500131607054,-0.44412073054972306
2025-12-19,142.36952209472656,77.40204620361328,14.90999984741211,16.974000120162962,-0.7842284599830157
2025-12-22,140.6251220703125,78.07373809814453,14.079999923706055,16.50650010108948,-1.2812032778633662
2025-12-23,141.1080322265625,78.9528579711914,14.0,16.180500078201295,-1.349273078953683
2025-12-24,142.3990936279297,79.2689437866211,13.470000267028809,15.926000118255615,-1.1384739912267015
2025-12-26,142.6454620361328,78.75530242919922,13.600000381469727,15.74650011062622,-0.9874245826212285
2025-12-29,142.47793579101562,78.7157974243164,14.199999809265137,15.639000082015992,-1.015069091866369
2025-12-30,141.9654541015625,78.53799438476562,14.329999923706055,15.493500089645385,-1.088639983120635
2025-12-31,141.2361602783203,78.0539779663086,14.949999809265137,15.411500072479248,-1.148734795007042
2026-01-02,139.73814392089844,76.74024200439453,14.510000228881836,15.333000087738037,-1.2104756380814778
2026-01-05,138.33868408203125,75.98953247070312,14.899999618530273,15.289000082015992,-1.3601780855100216
2026-01-06,137.88536071777344,76.2562255859375,14.75,15.256000089645386,-1.507119269979169
2026-01-07,136.04241943359375,76.14756774902344,15.380000114440918,15.192000102996825,-1.8741671856022522
2026-01-08,139.48190307617188,79.88136291503906,15.449999809265137,15.118000078201295,-1.870933162968543
2026-01-09,139.81698608398438,80.4839096069336,14.489999771118164,15.054000043869019,-1.916725317713912
2026-01-12,141.38400268554688,80.92840576171875,15.119999885559082,15.067500019073487,-1.672618559159856
2026-01-13,142.15269470214844,81.94580841064453,15.979999542236328,15.079500007629395,-1.7072179316553886
2026-01-14,144.23216247558594,83.5163803100586,16.75,15.092000007629395,-1.5726448814868002
2026-01-15,142.5370635986328,83.3089370727539,15.84000015258789,15.060000038146972,-1.8894907473548737
2026-01-16,142.43849182128906,83.48674011230469,15.859999656677246,14.971999979019165,-1.944576147048086
2026-01-20,144.8727569580078,84.39550018310547,20.09000015258789,15.13299994468689,-1.6075145100092887
2026-01-21,143.94635009765625,84.20667266845703,16.899999618530273,15.232499933242797,-1.7661079857418942
2026-01-22,147.76034545898438,85.27999877929688,15.640000343322754,15.310499954223634,-1.170321841880788
2026-01-23,149.02780151367188,86.124755859375,16.09000015258789,15.414999961853027,-1.066571835240622
2026-01-26,148.3727569580078,84.67376708984375,16.149999618530273,15.548999929428101,-0.9243247734745405
2026-01-27,147.23133850097656,85.23031616210938,16.350000381469727,15.6864999294281,-1.27211035955293
2026-01-28,146.2388153076172,84.47500610351562,16.350000381469727,15.79399995803833,-1.3352446763022705
2026-01-29,148.77967834472656,84.7135238647461,16.8799991607666,15.921499919891357,-0.8463246286621948
2026-01-30,150.63571166992188,89.73233032226562,17.440000534057617,16.04599995613098,-1.4246011138900432
2026-02-02,152.0450897216797,91.32244873046875,16.34000015258789,16.137499952316283,-1.4348884969317492
2026-02-03,154.1591796875,92.57466888427734,18.0,16.29249997138977,-1.2315565397272639
2026-02-04,155.6975860595703,93.7871322631836,18.639999389648438,16.48699994087219,-1.1417573292898513
2026-02-05,157.42459106445312,94.29397583007812,21.770000457763672,16.80649995803833,-0.8760036903590835
2026-02-06,157.9803924560547,93.82688903808594,20.3700008392334,17.052500009536743,-0.6687927162034963
2026-02-09,156.15415954589844,93.57843017578125,17.360000610351562,17.196000051498412,-1.005329092055496
2026-02-10,157.8910675048828,93.349853515625,17.790000915527344,17.329500102996825,-0.5954910598785441
2026-02-11,158.80419921875,94.72132110595703,17.649999618530273,17.413000106811523,-0.6680438741871532
2026-02-12,160.00515747070312,95.57601165771484,20.81999969482422,17.616500091552734,-0.5802128835088365
2026-02-13,158.87368774414062,96.07292175292969,20.600000381469727,17.854500102996827,-0.9143883299999518
2026-02-17,158.35755920410156,95.0592269897461,20.290000915527344,18.07600016593933,-0.8273280784431589
2026-02-18,155.6876678466797,94.98966217041016,19.6200008392334,18.052500200271606,-1.3760372703650137
2026-02-19,157.3749542236328,93.39954376220703,20.229999542236328,18.21900019645691,-0.7137523431552484
2026-02-20,159.578369140625,94.50267791748047,19.09000015258789,18.391500186920165,-0.46282674842530674
2026-02-23,163.93556213378906,96.5002670288086,21.010000228881836,18.637500190734862,0.06886651658041958
2026-02-24,164.04473876953125,97.50403594970703,19.549999237060547,18.807500171661378,-0.10196024037621013
2026-02-25,162.16885375976562,96.07292175292969,17.93000030517578,18.88650016784668,-0.22059660691425415
2026-02-26,162.5261688232422,96.94749450683594,18.6299991607666,19.000500106811522,-0.3142322608590509
2026-02-27,165.95037841796875,98.52767181396484,19.860000610351562,19.149500179290772,0.10161927314613727
2026-03-02,162.2879638671875,96.69903564453125,21.440000534057617,19.34950017929077,-0.31641199265728953
2026-03-03,158.5262908935547,94.92008972167969,23.56999969482422,19.711000156402587,-0.7649364447391147
2026-03-04,157.11691284179688,94.69151306152344,21.149999618530273,19.8685001373291,-1.017543698281468
2026-03-05,152.83912658691406,92.0976333618164,23.75,20.12400016784668,-1.4173826479468545
2026-03-06,152.4818115234375,92.98213195800781,29.489999771118164,20.510000133514403,-1.6633990274213286
2026-03-09,154.05992126464844,92.42559051513672,25.5,20.766500091552736,-1.223670291023456
2026-03-10,154.84400939941406,91.91873931884766,24.93000030517578,21.145000076293947,-0.9607159734720432
2026-03-11,152.17413330078125,89.05653381347656,24.229999542236328,21.467000007629395,-0.9702021606196088
2026-03-12,149.3751983642578,87.40678405761719,27.290000915527344,21.949000072479247,-1.2409696903317533
2026-03-13,149.52407836914062,88.2912826538086,27.190000534057617,22.267500114440917,-1.3804075402179627
2026-03-16,150.98309326171875,89.74227142333984,23.510000228881836,22.413000106811523,-1.3533799849503407
2026-03-17,150.34786987304688,89.3844985961914,22.3700008392334,22.517000102996825,-1.4180442921548757
2026-03-18,145.613525390625,86.97943878173828,25.09000015258789,22.79050006866455,-1.9504692916533066
2026-03-19,143.7574920654297,84.97191619873047,24.059999465942383,22.982000064849853,-1.9536295350287551
2026-03-20,143.20169067382812,84.59426879882812,26.780000686645508,23.366500091552734,-1.997734171309057
2026-03-23,142.9138641357422,84.62407684326172,26.149999618530273,23.623500061035156,-2.0640910858785952
2026-03-24,142.09005737304688,84.00790405273438,26.950000762939453,23.9935001373291,-2.1185678959857914
2026-03-25,142.84437561035156,84.96197509765625,25.329999923706055,24.363500118255615,-2.143965198333156
2026-03-26,141.3555908203125,83.62031555175781,27.440000534057617,24.804000186920167,-2.198370697389025
2026-03-27,141.6434326171875,83.76939392089844,31.049999237060547,25.363500118255615,-2.166551030400382
2026-03-30,143.63839721679688,85.20050048828125,30.610000610351562,25.822000122070314,-2.022841181180276
2026-03-31,143.36048889160156,84.7035903930664,25.25,25.9060001373291,-1.9854079389883128
2026-04-01,143.0131072998047,84.88247680664062,24.540000915527344,26.075500202178954,-2.09308901556589
2026-04-02,142.05035400390625,84.61414337158203,23.8700008392334,26.081500244140624,-2.243983693473599
2026-04-06,141.70297241210938,84.00790405273438,24.170000076293945,25.815500259399414,-2.2000679905958807
2026-04-07,140.24395751953125,82.6165542602539,25.780000686645508,25.82950029373169,-2.238610996800281
2026-04-08,143.81704711914062,85.02161407470703,21.040000915527344,25.63500032424927,-1.9506862811321175
2026-04-09,145.56390380859375,85.50858306884766,19.489999771118164,25.39800033569336,-1.6769154014788585
2026-04-10,144.0751190185547,83.81907653808594,19.229999542236328,24.995000267028807,-1.6641565210335674
2026-04-13,142.5069122314453,83.46131134033203,19.1200008392334,24.591500282287598,-1.9252604038917125
2026-04-14,143.3009490966797,83.64019775390625,18.360000610351562,24.334000301361083,-1.7926177230893972
2026-04-15,142.30841064453125,82.97432708740234,18.170000076293945,24.12400026321411,-1.8730247461335678
2026-04-16,142.04043579101562,83.10353088378906,17.940000534057617,23.7665002822876,-1.9543938487249737
2026-04-17,145.83187866210938,85.27999877929688,17.479999542236328,23.437500286102296,-1.5763573179609485
2026-04-20,143.41012573242188,83.52999877929688,18.8700008392334,23.04200029373169,-1.7483528859205195
2026-04-21,141.25634765625,81.80999755859375,19.5,22.709500312805176,-1.8697191382527067
2026-04-22,141.78237915039062,82.3499984741211,18.920000076293945,22.3080002784729,-1.863230693683208
2026-04-23,144.62100219726562,83.72000122070312,19.309999465942383,22.007000255584718,-1.5300916700732934
2026-04-24,148.17999267578125,84.6500015258789,18.709999084472656,21.57050018310547,-0.9603221749840422
2026-04-27,148.39999389648438,84.16999816894531,18.020000457763672,20.919000244140626,-0.8213193604766466
2026-04-28,149.1699981689453,85.66999816894531,17.829999923706055,20.28000020980835,-0.948825227071153
2026-04-29,146.4600067138672,84.48999786376953,18.809999465942383,19.95800018310547,-1.2915678925409995
2026-04-30,147.08999633789062,85.36000061035156,16.889999389648438,19.575500106811525,-1.3269099669671127
