Date,BAC,TXN,VIX,AvgVIX,zscore
2022-01-31,41.44382095336914,158.58981323242188,24.829999923706055,23.18100004196167,2.578118893491491
2022-02-01,42.16239547729492,160.18017578125,21.959999084472656,23.448999977111818,2.7212392484751784
2022-02-02,42.11748504638672,165.96751403808594,22.09000015258789,23.707999992370606,2.5890162021835645
2022-02-03,41.70430374145508,155.14393615722656,24.350000381469727,23.939000034332274,2.7142353741177705
2022-02-04,43.366004943847656,151.45948791503906,23.219999313354492,24.119499969482423,3.199376644470317
2022-02-07,43.57259750366211,150.16067504882812,22.860000610351562,24.324499988555907,3.2772988040110502
2022-02-08,44.35404968261719,152.5286102294922,21.440000534057617,24.426500034332275,3.419573273604991
2022-02-09,44.264225006103516,156.13351440429688,19.959999084472656,24.503999996185303,3.3220266682926765
2022-02-10,44.0576286315918,150.7880096435547,23.90999984741211,24.818499946594237,3.3832467472810865
2022-02-11,43.04264831542969,145.2569122314453,27.360000610351562,25.171000003814697,3.249878120836768
2022-02-14,42.593536376953125,143.5516357421875,28.329999923706055,25.62799997329712,3.175323011508073
2022-02-15,42.92588424682617,146.82086181640625,25.700000762939453,25.773499965667725,3.1884583443111167
2022-02-16,42.82707595825195,148.64979553222656,24.290000915527344,25.795499992370605,3.12589787799868
2022-02-17,41.380950927734375,145.47776794433594,28.110000610351562,25.92150001525879,2.8372712342829245
2022-02-18,41.28215026855469,147.324462890625,27.75,25.866499996185304,2.7743406911389057
2022-02-22,40.92285919189453,147.28024291992188,28.809999465942383,25.811999988555907,2.687053185567787
2022-02-23,40.22224807739258,146.35252380371094,31.020000457763672,25.805000019073486,2.5344663600352213
2022-02-24,39.1623420715332,149.8425750732422,30.31999969482422,25.723000049591064,2.201149517090205
2022-02-25,40.43781280517578,150.9293975830078,27.59000015258789,25.57800006866455,2.4915446253808873
2022-02-28,39.70126724243164,150.19601440429688,30.149999618530273,25.70250005722046,2.3260654129572136
2022-03-01,38.14735412597656,147.81039428710938,33.31999969482422,26.127000045776366,1.9945058243212253
2022-03-02,38.76712417602539,150.293212890625,30.739999771118164,26.566000080108644,2.094678065307088
2022-03-03,38.3519287109375,151.0884246826172,30.479999542236328,26.985500049591064,1.976085740355358
2022-03-04,36.9619026184082,150.18714904785156,31.979999542236328,27.367000007629393,1.6536792091991945
2022-03-07,34.60609436035156,145.6898651123047,36.45000076293945,28.028500080108643,1.1694592190464066
2022-03-08,34.831748962402344,147.85458374023438,35.130001068115234,28.642000102996825,1.1795293434361867
2022-03-09,37.04314041137695,152.37841796875,32.45000076293945,29.192500114440918,1.6277359497297827
2022-03-10,36.709171295166016,152.6346435546875,30.229999542236328,29.706000137329102,1.540373685368793
2022-03-11,36.40229034423828,150.52291870117188,30.75,30.048000144958497,1.5092509984879143
2022-03-14,37.18755340576172,147.30679321289062,31.770000457763672,30.268500137329102,1.769400733159648
2022-03-15,37.45834732055664,152.2547149658203,29.829999923706055,30.3435001373291,1.7322685621127216
2022-03-16,38.63173294067383,155.7977752685547,26.670000076293945,30.392000102996825,1.9461618729792722
2022-03-17,38.83934020996094,157.6885528564453,25.670000076293945,30.461000061035158,1.9575377817542623
2022-03-18,38.72199249267578,159.12881469726562,23.8700008392334,30.249000072479248,1.8985649363397061
2022-03-21,38.6678352355957,159.4468536376953,23.530000686645508,30.038000106811523,1.8786079163573886
2022-03-22,39.87732696533203,161.11679077148438,22.940000534057617,29.744500160217285,2.140592385989992
2022-03-23,38.893489837646484,158.22755432128906,23.56999969482422,29.37200012207031,1.9595450624441264
2022-03-24,38.87543487548828,162.76022338867188,21.670000076293945,28.9395001411438,1.8601904817719463
2022-03-25,39.47115707397461,163.369873046875,20.809999465942383,28.600500106811523,1.9936857724856223
2022-03-28,39.308692932128906,164.05902099609375,19.6299991607666,28.07450008392334,1.9393654791070323
2022-03-29,39.209407806396484,168.76840209960938,18.899999618530273,27.353500080108642,1.816366531078986
2022-03-30,38.812252044677734,165.6229248046875,19.329999923706055,26.78300008773804,1.7847279849885158
2022-03-31,37.20560836791992,162.1151885986328,20.559999465942383,26.28700008392334,1.4637209266661264
2022-04-01,36.916770935058594,160.87820434570312,19.6299991607666,25.669500064849853,1.418709766529511
2022-04-04,36.85359191894531,161.43487548828125,18.56999969482422,24.77550001144409,1.3915403549314398
2022-04-05,36.23078536987305,156.5487518310547,21.030000686645508,24.070499992370607,1.3409518352570227
2022-04-06,35.83364486694336,156.61062622070312,22.100000381469727,23.55299997329712,1.2421497021446901
2022-04-07,35.553829193115234,156.919921875,21.549999237060547,23.11899995803833,1.1669718749832114
2022-04-08,35.80656433105469,153.83627319335938,21.15999984741211,22.639499950408936,1.293600472710731
2022-04-11,35.734352111816406,151.91896057128906,24.3700008392334,22.26949996948242,1.3160225959054659
2022-04-12,35.355255126953125,152.85552978515625,24.260000228881836,21.99099998474121,1.2033329481714405
2022-04-13,35.039337158203125,154.71981811523438,21.81999969482422,21.748499965667726,1.0867270858932179
2022-04-14,33.91107940673828,153.4386749267578,22.700000762939453,21.6,0.8365452747712778
2022-04-18,35.06642532348633,156.00100708007812,22.170000076293945,21.51499996185303,1.066547552838656
2022-04-19,35.716304779052734,158.20986938476562,21.3700008392334,21.40699996948242,1.1798493938730517
2022-04-20,35.79753494262695,158.52798461914062,20.31999969482422,21.27599992752075,1.1931312467588004
2022-04-21,35.120582580566406,156.5929718017578,22.68000030517578,21.23149995803833,1.0674475671171606
2022-04-22,33.90205383300781,153.1294403076172,28.209999084472656,21.558499908447267,0.8408051983491374
2022-04-25,33.658355712890625,153.65957641601562,27.020000457763672,21.86899995803833,0.7698702231040767
2022-04-26,32.90015411376953,148.82652282714844,33.52000045776367,22.563500022888185,0.6849279832591423
2022-04-27,32.719635009765625,149.6658477783203,31.600000381469727,23.198500061035155,0.6230298566713625
2022-04-28,33.22509765625,155.37367248535156,29.989999771118164,23.73150005340576,0.6276001698107947
2022-04-29,32.20515441894531,150.4257354736328,33.400001525878906,24.37350015640259,0.4808006827994532
2022-05-02,32.62035369873047,153.7390594482422,32.34000015258789,25.00900020599365,0.5133543020851153
2022-05-03,33.5139274597168,152.44908142089844,29.25,25.54300022125244,0.7597598363369722
2022-05-04,34.85881805419922,155.70941162109375,25.420000076293945,25.762500190734862,1.0216820832839228
2022-05-05,33.88399887084961,150.45225524902344,31.200000762939453,26.21750020980835,0.8924370773181277
2022-05-06,33.80278015136719,148.95777893066406,30.190000534057617,26.6495002746582,0.9037930118592832
2022-05-09,32.827945709228516,146.7249755859375,34.75,27.3290002822876,0.7112092255247122
2022-05-10,32.27735137939453,149.66055297851562,32.9900016784668,27.76000032424927,0.5145507682236482
2022-05-11,32.105865478515625,146.50259399414062,32.560001373291016,28.175000381469726,0.5385803257302271
2022-05-12,31.65455436706543,147.57894897460938,31.770000457763672,28.6725004196167,0.4052332362307909
2022-05-13,31.744815826416016,150.99488830566406,28.8700008392334,28.981000423431396,0.355858821278795
2022-05-16,31.419870376586914,149.8917999267578,27.469999313354492,29.246000385284425,0.2991783759465485
2022-05-17,32.484954833984375,155.6562042236328,26.100000381469727,29.48250036239624,0.43996278887862517
2022-05-18,31.483060836791992,151.4930419921875,30.959999084472656,30.01450033187866,0.281160268935629
2022-05-19,31.094942092895508,149.10899353027344,29.350000381469727,30.34800033569336,0.2357949024029412
2022-05-20,30.562397003173828,151.05714416503906,29.43000030517578,30.409000396728516,0.0642462900913116
2022-05-23,32.37664031982422,151.16384887695312,28.479999542236328,30.48200035095215,0.5074467576673761
2022-05-24,32.17806625366211,149.322509765625,29.450000762939453,30.278500366210938,0.49725336623592586
2022-05-25,32.34955596923828,151.23507690429688,28.3700008392334,30.117000389099122,0.49930534311702607
2022-05-26,33.098731994628906,154.90005493164062,27.5,29.992500400543214,0.6064930789272105
2022-05-27,33.41464614868164,158.31600952148438,25.719999313354492,29.608500289916993,0.6125208458289911
2022-05-31,33.57711410522461,157.2396240234375,26.190000534057617,29.301000308990478,0.6749514807185305
2022-06-01,33.098731994628906,155.15802001953125,25.690000534057617,29.12300033569336,0.6010908565450273
2022-06-02,33.31660842895508,157.2040252685547,24.719999313354492,29.088000297546387,0.6117373341363432
2022-06-03,32.8536262512207,153.29884338378906,24.790000915527344,28.76750030517578,0.5798465035260617
2022-06-06,32.81731033325195,149.23353576660156,25.06999969482422,28.51150026321411,0.6560645509958094
2022-06-07,32.998878479003906,151.09271240234375,24.020000457763672,27.975000286102294,0.661709082139606
2022-06-08,32.58127975463867,147.1074676513672,23.959999084472656,27.523500156402587,0.6426374985845894
2022-06-09,31.328500747680664,143.73602294921875,26.09000015258789,27.200000095367432,0.4056575157588849
2022-06-10,30.11203384399414,140.35568237304688,27.75,26.999000072479248,0.17777921559655718
2022-06-13,29.068058013916016,136.5749969482422,34.02000045776367,27.256500053405762,0.000635010104671499
2022-06-14,28.5596866607666,137.06427001953125,32.689998626708984,27.517500019073488,-0.13442709199428127
2022-06-15,29.095293045043945,138.70106506347656,29.6200008392334,27.69350004196167,-0.037201653287804386
2022-06-16,28.913726806640625,134.65354919433594,32.95000076293945,27.79300012588501,0.0029817843324695197
2022-06-17,28.977275848388672,133.6127471923828,31.1299991607666,27.882000064849855,0.04038055868580456
2022-06-21,29.8215389251709,136.51275634765625,30.190000534057617,27.920000076293945,0.18693390696479126
2022-06-22,29.594585418701172,135.7477264404297,28.950000762939453,27.943500137329103,0.14723304049635355
2022-06-23,29.122526168823242,134.44898986816406,29.049999237060547,27.923500061035156,0.05853025272250099
2022-06-24,29.331327438354492,138.72776794433594,27.229999542236328,27.866499996185304,0.020190571145146382
2022-06-27,29.367633819580078,138.4341583251953,26.950000762939453,27.839000034332276,0.03525323313394696
2022-06-28,29.285930633544922,137.13543701171875,28.360000610351562,27.971000099182127,0.042390782189987354
2022-06-29,28.922807693481445,135.9078369140625,28.15999984741211,28.069500064849855,-0.02105555854559255
2022-06-30,28.26010513305664,136.68174743652344,28.709999084472656,28.220499992370605,-0.19997001735081552
2022-07-01,28.650463104248047,132.1360626220703,26.700000762939453,28.319500064849855,-0.008934614852301119
2022-07-05,28.359966278076172,132.63424682617188,27.540000915527344,28.457000064849854,-0.09069053406571756
2022-07-06,28.123933792114258,134.15541076660156,26.729999542236328,28.54000005722046,-0.18049722222081133
2022-07-07,28.922807693481445,137.60691833496094,26.079999923706055,28.643000030517577,-0.05663717835385709
2022-07-08,28.859264373779297,138.35414123535156,24.639999389648438,28.677000045776367,-0.08788650815574361
2022-07-11,28.5596866607666,136.60169982910156,26.170000076293945,28.68100004196167,-0.12474009498044704
2022-07-12,28.468902587890625,137.40231323242188,27.290000915527344,28.65800008773804,-0.1637956917381361
2022-07-13,27.99683952331543,137.25108337402344,26.81999969482422,28.298000049591064,-0.27653013476908184
2022-07-14,27.352294921875,140.41793823242188,26.399999618530273,27.98350009918213,-0.5010987063242094
2022-07-15,29.27685546875,142.8108673095703,24.229999542236328,27.714000034332276,-0.07869040888590409
2022-07-18,29.285930633544922,142.03692626953125,25.299999237060547,27.33149995803833,-0.06025463851831269
2022-07-19,30.27544403076172,146.4580841064453,24.5,27.0,0.09010532123220549
2022-07-20,30.284526824951172,147.07188415527344,23.8799991607666,26.68449993133545,0.07948133464638811
2022-07-21,30.547786712646484,148.14825439453125,23.110000610351562,26.392499923706055,0.12157619466850997
2022-07-22,30.34807014465332,145.79978942871094,23.030000686645508,26.091499996185302,0.12172236239588728
2022-07-25,30.620412826538086,145.17710876464844,23.360000610351562,25.898000049591065,0.20162822090136726
2022-07-26,30.00309944152832,143.0777130126953,24.690000534057617,25.785000038146972,0.09402962430527875
2022-07-27,30.493316650390625,152.59605407714844,23.239999771118164,25.528999996185302,0.015058245503895748
2022-07-28,30.248212814331055,156.34115600585938,22.329999923706055,25.2375,-0.12354864886066193
2022-07-29,30.69303321838379,160.18255615234375,21.329999923706055,24.86850004196167,-0.09478122042269817
2022-08-01,30.602251052856445,160.10195922851562,22.84000015258789,24.675500011444093,-0.11538232399583713
2022-08-02,29.994028091430664,158.6871795654297,23.93000030517578,24.494999980926515,-0.2350860408662314
2022-08-03,30.53870964050293,164.28358459472656,21.950000762939453,24.25600004196167,-0.21855334373799248
2022-08-04,30.32084083557129,165.57298278808594,21.440000534057617,24.024000072479247,-0.29904690049416066
2022-08-05,30.829208374023438,165.0267791748047,21.149999618530273,23.84950008392334,-0.1627935137779788
2022-08-08,30.40254020690918,163.6836700439453,21.290000915527344,23.60550012588501,-0.23942259632868795
2022-08-09,30.792896270751953,159.1259307861328,21.770000457763672,23.329500102996825,-0.048135221826306314
2022-08-10,31.836875915527344,163.97019958496094,19.739999771118164,22.975500106811523,0.10673669733313704
2022-08-11,32.59943389892578,163.0210418701172,20.200000762939453,22.665500164031982,0.3138377416756129
2022-08-12,32.95348358154297,165.9938507080078,19.530000686645508,22.43050022125244,0.3385088027387043
2022-08-15,32.90808868408203,166.01177978515625,19.950000762939453,22.163000297546386,0.3269879318595359
2022-08-16,33.262142181396484,164.18508911132812,19.690000534057617,21.922500324249267,0.45216951356979757
2022-08-17,33.0533447265625,158.23049926757812,19.899999618530273,21.723500347137453,0.5256044459051505
2022-08-18,32.935333251953125,159.79751586914062,19.559999465942383,21.546000289916993,0.46381417638407785
2022-08-19,32.209083557128906,157.99771118164062,20.600000381469727,21.424500274658204,0.3231954751726706
2022-08-22,31.519145965576172,153.5116424560547,23.799999237060547,21.44650020599365,0.24774704458557065
2022-08-23,31.23772621154785,154.47866821289062,24.110000610351562,21.41750020980835,0.15840140837566477
2022-08-24,31.337583541870117,154.18319702148438,22.81999969482422,21.396500205993654,0.18910615475130396
2022-08-25,31.900423049926758,158.7677764892578,21.780000686645508,21.369000244140626,0.2312863415931719
2022-08-26,30.89275550842285,151.7655487060547,25.559999465942383,21.580500221252443,0.130521097557128
2022-08-29,30.774736404418945,150.3776397705078,26.209999084472656,21.74900016784668,0.13061006057250624
2022-08-30,30.94721794128418,149.30313110351562,26.209999084472656,21.863000106811523,0.19545993688064905
2022-08-31,30.511472702026367,147.93313598632812,25.8700008392334,22.059000110626222,0.11716527917704127
2022-09-01,30.584577560424805,148.7837677001953,25.559999465942383,22.26500005722046,0.11730040823643978
2022-09-02,30.548023223876953,145.95425415039062,25.469999313354492,22.48100004196167,0.1675803147161971
2022-09-06,30.209928512573242,146.04380798339844,26.90999984741211,22.761999988555907,0.08269551619839399
2022-09-07,30.67595672607422,148.47933959960938,24.639999389648438,22.905499935150146,0.1461111588891442
2022-09-08,31.662860870361328,150.79847717285156,23.610000610351562,23.098999977111816,0.3398503281563723
2022-09-09,31.927846908569336,152.88482666015625,22.790000915527344,23.228499984741212,0.36121833212276233
2022-09-12,32.229400634765625,152.74154663085938,23.8700008392334,23.445499992370607,0.4382566640255155
2022-09-13,31.068889617919922,145.6408233642578,27.270000457763672,23.811499977111815,0.302027780290576
2022-09-14,30.950096130371094,147.97792053222656,26.15999984741211,24.13499994277954,0.22391872910377253
2022-09-15,31.53491973876953,145.65875244140625,26.270000457763672,24.45349998474121,0.416072550582041
2022-09-16,31.178543090820312,147.97792053222656,26.299999237060547,24.79049997329712,0.28000728174644
2022-09-19,31.69940185546875,148.8643798828125,25.760000228881836,25.048499965667723,0.38932515858406813
2022-09-20,31.22422981262207,148.69422912597656,27.15999984741211,25.216499996185302,0.27622363114356696
2022-09-21,30.29216957092285,146.22286987304688,27.989999771118164,25.41049995422363,0.0991375757781607
2022-09-22,29.698198318481445,145.61398315429688,27.350000381469727,25.636999988555907,-0.03394379794283227
2022-09-23,28.99458122253418,144.4230499267578,29.920000076293945,26.04399995803833,-0.18175650964153173
2022-09-26,28.354928970336914,143.67987060546875,32.2599983215332,26.37899990081787,-0.32324122065566757
2022-09-27,27.934585571289062,143.90371704101562,32.599998474121094,26.698499870300292,-0.4311321215060258
2022-09-28,28.3914794921875,145.775146484375,30.18000030517578,26.89699993133545,-0.35814589320432283
2022-09-29,28.016822814941406,141.8800506591797,31.84000015258789,27.195499897003174,-0.36856216741080977
2022-09-30,27.59648323059082,138.59384155273438,31.6200008392334,27.498499965667726,-0.40294567090788236
2022-10-03,28.409759521484375,143.12469482421875,30.100000381469727,27.730000019073486,-0.29815284887043114
2022-10-04,29.588542938232422,147.87939453125,29.06999969482422,27.83800001144409,-0.1083080299158226
2022-10-05,29.168201446533203,150.2523193359375,28.549999237060547,28.033500003814698,-0.26120377447651816
2022-10-06,28.74785804748535,149.12403869628906,30.520000457763672,28.378999996185303,-0.3407788624821804
2022-10-07,28.099069595336914,142.62326049804688,31.360000610351562,28.807499980926515,-0.36393290890524743
2022-10-10,28.016822814941406,140.3936309814453,32.45000076293945,29.236499977111816,-0.3374340418259272
2022-10-11,27.203548431396484,137.40293884277344,33.630001068115234,29.554500007629393,-0.47447995752146127
2022-10-12,27.285791397094727,135.70166015625,33.56999969482422,29.925,-0.41865993856981454
2022-10-13,28.958032608032227,138.1998748779297,31.940000534057617,30.2085000038147,-0.0604062243431366
2022-10-14,28.96717071533203,132.82728576660156,32.02000045776367,30.494500064849852,0.0543484171568786
2022-10-17,30.721641540527344,135.20016479492188,31.3700008392334,30.77500009536743,0.43541597804453736
2022-10-18,31.873031616210938,135.66580200195312,30.5,30.942000102996825,0.7083553287134096
2022-10-19,30.995784759521484,136.6865692138672,30.760000228881836,31.08050012588501,0.4715961210352491
2022-10-20,30.79475212097168,137.64468383789062,29.979999542236328,31.21200008392334,0.4021738332116987
2022-10-21,31.93699073791504,143.01724243164062,29.690000534057617,31.200500106811525,0.570107128904142
2022-10-24,32.0466423034668,144.7454071044922,29.850000381469727,31.08000020980835,0.5608382316625773
2022-10-25,32.339054107666016,145.20211791992188,28.459999084472656,30.87300024032593,0.6230672122618801
2022-10-26,32.62233352661133,141.3607177734375,27.280000686645508,30.728000259399415,0.7730636648186066
2022-10-27,32.77767562866211,140.36676025390625,27.389999389648438,30.50550022125244,0.8320185715933978
2022-10-28,33.06095886230469,145.63775634765625,25.75,30.212000179290772,0.7911870725088652
2022-10-31,32.933013916015625,144.97889709472656,25.8799991607666,30.001000118255615,0.7735715063224247
2022-11-01,33.079227447509766,147.0277099609375,25.809999465942383,29.838000106811524,0.7665644318238114
2022-11-02,32.97870635986328,143.0474395751953,25.860000610351562,29.703500175476073,0.825237931881837
2022-11-03,32.79595184326172,141.26934814453125,25.299999237060547,29.442500114440918,0.8176040612067603
2022-11-04,33.61836242675781,146.8020782470703,24.549999237060547,29.102000045776368,0.9036585607265482
2022-11-07,33.81938934326172,149.54588317871094,24.350000381469727,28.69700002670288,0.8955550280796897
2022-11-08,33.91077423095703,151.7301025390625,25.540000915527344,28.292500019073486,0.872250724272971
2022-11-09,33.371639251708984,148.9141082763672,26.09000015258789,27.91850004196167,0.7988533539633328
2022-11-10,34.84284210205078,157.6689453125,23.530000686645508,27.498000049591063,0.9767237217121267
2022-11-11,35.09870529174805,162.00128173828125,22.520000457763672,27.023000049591065,0.9488171334567175
2022-11-14,34.50474166870117,160.1510009765625,23.729999542236328,26.64099998474121,0.8417345100056307
2022-11-15,34.44991683959961,160.26834106445312,24.540000915527344,26.34300003051758,0.8258165581889231
2022-11-16,34.139225006103516,156.55880737304688,24.110000610351562,26.010500049591066,0.8272190209259043
2022-11-17,33.96560287475586,158.273681640625,23.93000030517578,25.708000087738036,0.7486787729472726
2022-11-18,33.98387908935547,158.1112060546875,23.1200008392334,25.379500102996825,0.7565684813158953
2022-11-21,34.093536376953125,155.60205078125,22.360000610351562,25.005000114440918,0.8360375883224559
2022-11-22,34.25801086425781,159.95245361328125,21.290000915527344,24.646500205993654,0.7853148029766158
2022-11-23,34.36766815185547,161.54095458984375,20.350000381469727,24.300000190734863,0.7789721030861514
2022-11-25,34.44991683959961,159.8170623779297,20.5,23.955500221252443,0.8352670921385903
2022-11-28,33.68233108520508,156.14361572265625,22.209999084472656,23.778500175476076,0.723736726418945
2022-11-29,33.810264587402344,156.12554931640625,21.889999389648438,23.579000186920165,0.7555254435360392
2022-11-30,34.586971282958984,162.8767547607422,20.579999923706055,23.31750020980835,0.8048417525089984
2022-12-01,33.59431457519531,160.2051544189453,19.84000015258789,23.016500186920165,0.6170713700315112
2022-12-02,33.162330627441406,160.3495635986328,19.059999465942383,22.704500198364258,0.5079860182845901
2022-12-05,31.682527542114258,160.1058807373047,20.75,22.514500236511232,0.14976624209316566
2022-12-06,30.331398010253906,157.35305786132812,22.170000076293945,22.405500221252442,-0.12431585182083563
2022-12-07,30.09242057800293,156.82054138183594,22.68000030517578,22.262500190734862,-0.17183806781777788
2022-12-08,29.816680908203125,159.17623901367188,22.290000915527344,22.072500228881836,-0.2888702457661889
2022-12-09,29.76153564453125,157.28082275390625,22.829999923706055,22.037500190734864,-0.2627163712142562
2022-12-12,30.083232879638672,160.18711853027344,25.0,22.16150016784668,-0.2445956238985121
2022-12-13,30.10161590576172,160.2051544189453,22.549999237060547,22.10250015258789,-0.24045990462533565
2022-12-14,29.669620513916016,158.68885803222656,21.139999389648438,21.932500076293945,-0.314770101203668
2022-12-15,29.200862884521484,153.4449462890625,22.829999923706055,21.86850004196167,-0.3200436745355964
2022-12-16,29.136520385742188,153.02980041503906,22.6200008392334,21.803000068664552,-0.3271472644883135
2022-12-19,29.4674072265625,151.27879333496094,22.420000076293945,21.768000030517577,-0.209238527750357
2022-12-20,29.586896896362305,149.90692138671875,21.479999542236328,21.723999977111816,-0.15117198702592166
2022-12-21,30.03727149963379,152.28964233398438,20.06999969482422,21.66299991607666,-0.09049369204383652
2022-12-22,29.770721435546875,148.65234375,21.969999313354492,21.743999862670897,-0.07976621734710623
2022-12-23,29.84425163269043,148.36354064941406,20.8700008392334,21.76249990463257,-0.055664979112439665
2022-12-27,29.899402618408203,147.8219757080078,21.649999618530273,21.73449993133545,-0.03078296772966787
2022-12-28,30.119991302490234,145.4843292236328,22.139999389648438,21.74699993133545,0.0723304573069473
2022-12-29,30.460073471069336,148.941162109375,21.440000534057617,21.789999961853027,0.08343592190196535
2022-12-30,30.44168472290039,149.12167358398438,21.670000076293945,21.88149995803833,0.07514088235252275
2023-01-03,30.800153732299805,147.30752563476562,22.899999618530273,22.073499965667725,0.20114389978891078
2023-01-04,31.37921142578125,152.68679809570312,22.010000228881836,22.136499977111818,0.23066378706621243
2023-01-05,31.314870834350586,150.6650390625,22.459999084472656,22.15099992752075,0.2572058444474008
2023-01-06,31.62737464904785,158.09315490722656,21.1299991607666,22.073499870300292,0.17837490297753109
2023-01-09,31.14942169189453,159.4650421142578,21.969999313354492,22.05749979019165,0.03229773640512389
2023-01-10,31.360822677612305,161.01747131347656,20.579999923706055,21.944999790191652,0.051690666434710784
2023-01-11,31.599803924560547,161.44166564941406,21.09000015258789,21.749499797821045,0.10148226671298417
2023-01-12,31.682527542114258,160.77377319335938,18.829999923706055,21.56349983215332,0.13577945184765766
2023-01-13,32.381065368652344,161.5679931640625,18.350000381469727,21.423999881744386,0.29065293782261076
2023-01-17,31.728477478027344,158.3097686767578,19.360000610351562,21.25049991607666,0.19866152606860865
2023-01-18,30.993167877197266,156.82955932617188,20.34000015258789,21.136499881744385,0.04912556327513778
2023-01-19,30.54279327392578,154.2753143310547,20.520000457763672,21.041499900817872,-0.007960729944370248
2023-01-20,31.112655639648438,156.14361572265625,19.850000381469727,20.95999994277954,0.09282714364639573
2023-01-23,31.544654846191406,160.8098907470703,19.809999465942383,20.946999931335448,0.10117243143839413
2023-01-24,31.774438858032227,159.7899627685547,19.200000762939453,20.808500003814697,0.17894826401863181
2023-01-25,32.050167083740234,157.98483276367188,19.079999923706055,20.71899995803833,0.2844478210099193
2023-01-26,32.48216247558594,157.1364288330078,18.729999542236328,20.572999954223633,0.4082788154845086
2023-01-27,32.58326721191406,158.1653594970703,18.510000228881836,20.391499996185303,0.41155462621586775
2023-01-30,32.44540023803711,157.37454223632812,19.940000534057617,20.316499996185303,0.3942664151484736
2023-01-31,32.61083984375,161.083251953125,19.399999618530273,20.202999973297118,0.35721871877884853
2023-02-01,33.0152587890625,165.52821350097656,17.8700008392334,19.951500034332277,0.3634271461157141
2023-02-02,33.208274841308594,167.9097900390625,18.729999542236328,19.7875,0.3609424483268892
2023-02-03,33.48402404785156,165.70094299316406,18.329999923706055,19.58100004196167,0.4749016697342207
2023-02-06,33.428871154785156,164.52835083007812,19.43000030517578,19.49600009918213,0.4859165200104801
2023-02-07,33.7965202331543,166.79173278808594,18.65999984741211,19.33050012588501,0.5287831107615408
2023-02-08,33.54835510253906,160.43785095214844,19.6299991607666,19.28300008773804,0.6009142926310047
2023-02-09,32.83143615722656,159.0653076171875,20.709999084472656,19.264000034332277,0.45363891683016866
2023-02-10,32.7027587890625,159.79248046875,20.530000686645508,19.34900007247925,0.40681768448114236
2023-02-13,32.767093658447266,160.6287384033203,20.34000015258789,19.448500061035155,0.405100607141678
2023-02-14,32.73951721191406,160.2924041748047,18.90999984741211,19.426000022888182,0.405373411082971
2023-02-15,32.68437576293945,162.25582885742188,18.229999542236328,19.320499992370607,0.35071760913375055
2023-02-16,32.427024841308594,160.0561065673828,20.170000076293945,19.30299997329712,0.33359840449116285
2023-02-17,32.49135208129883,159.365234375,20.020000457763672,19.311499977111815,0.3638601247688514
2023-02-21,31.728477478027344,155.22019958496094,22.8700008392334,19.46450004577637,0.2633622940503752
2023-02-22,31.517080307006836,154.3475799560547,22.290000915527344,19.619000053405763,0.22973394596790964
2023-02-23,31.489500045776367,156.1837615966797,21.139999389648438,19.72200002670288,0.18450968068528267
2023-02-24,31.44354820251465,153.74766540527344,21.670000076293945,19.869000053405763,0.22424348031226743
2023-02-27,31.44354820251465,155.20204162597656,20.950000762939453,19.99100008010864,0.19378639855813132
2023-02-28,31.526264190673828,155.84742736816406,20.700000762939453,20.029000091552735,0.20057945842925815
2023-03-01,31.37921142578125,156.5019073486328,20.579999923706055,20.088000106811524,0.15076898903295774
2023-03-02,30.981416702270508,158.23806762695312,19.59000015258789,20.17400007247925,0.016743871252411592
2023-03-03,31.601228713989258,159.69247436523438,18.489999771118164,20.16200008392334,0.13846308714505476
2023-03-06,31.53647232055664,157.30181884765625,18.610000610351562,20.176000118255615,0.17262836857003833
2023-03-07,30.528121948242188,156.4019012451172,19.59000015258789,20.184000110626222,-0.05609715334170085
2023-03-08,30.121078491210938,160.18333435058594,19.110000610351562,20.206500148773195,-0.23522448003419438
2023-03-09,28.25238609313965,157.65631103515625,22.610000610351562,20.35550022125244,-0.6411078085782539
2023-03-10,28.002609252929688,156.02012634277344,24.799999237060547,20.560000228881837,-0.6681688404688692
2023-03-13,26.37444496154785,158.06536865234375,26.520000457763672,20.859500217437745,-1.110748364528989
2023-03-14,26.605722427368164,159.73793029785156,23.729999542236328,21.029000186920165,-1.0889911142013353
2023-03-15,26.35594367980957,158.51986694335938,26.139999389648438,21.390500164031984,-1.1248087777435019
2023-03-16,26.79998779296875,161.01052856445312,22.989999771118164,21.628500175476074,-1.0679452108332534
2023-03-17,25.736127853393555,159.71974182128906,25.510000228881836,21.89550018310547,-1.3021140470829837
2023-03-20,25.671371459960938,162.8557586669922,24.149999618530273,22.102000141143797,-1.3836865710488282
2023-03-21,26.448450088500977,162.17405700683594,21.3799991607666,22.027500057220458,-1.1786213808822406
2023-03-22,25.569610595703125,160.27427673339844,22.260000228881836,22.026000022888184,-1.354610442807957
2023-03-23,24.949796676635742,163.8738555908203,22.610000610351562,22.09950008392334,-1.5821690772482508
2023-03-24,25.10706329345703,163.17393493652344,21.739999771118164,22.10300006866455,-1.5288992874683247
2023-03-27,26.35594367980957,160.9377899169922,20.600000381469727,22.085500049591065,-1.1754441474881596
2023-03-28,26.013656616210938,161.33775329589844,19.969999313354492,22.048999977111816,-1.2678587544712967
2023-03-29,26.522457122802734,164.5646514892578,19.1200008392334,21.976000022888183,-1.2105141564599544
2023-03-30,26.180173873901367,167.47348022460938,19.020000457763672,21.947500038146973,-1.3554676828996124
2023-03-31,26.45770263671875,169.08238220214844,18.700000762939453,21.958000087738036,-1.3210216221131852
2023-04-03,26.448450088500977,167.4007568359375,18.549999237060547,21.955000019073488,-1.2880772573832457
2023-04-04,25.884143829345703,163.98294067382812,19.0,21.925500011444093,-1.3550515466477024
2023-04-05,25.569610595703125,161.0741729736328,19.079999923706055,21.923999977111816,-1.3713616140914555
2023-04-06,25.75463104248047,161.91043090820312,18.399999618530273,21.71349992752075,-1.3434478338021565
2023-04-10,25.847137451171875,163.09213256835938,18.969999313354492,21.42199993133545,-1.3454823754158824
2023-04-11,26.55946159362793,163.5011749267578,19.100000381469727,21.050999927520753,-1.1791577913830078
2023-04-12,26.346691131591797,161.39230346679688,19.09000015258789,20.81899995803833,-1.1872341208731736
2023-04-13,26.420700073242188,162.81031799316406,17.799999237060547,20.401999950408936,-1.1987589697146679
2023-04-14,27.30879020690918,162.69216918945312,17.06999969482422,20.10599994659424,-0.9782398546515422
2023-04-17,28.095121383666992,163.664794921875,16.950000762939453,19.67799997329712,-0.8055473637800349
2023-04-18,28.27088737487793,163.9102325439453,16.829999923706055,19.311999988555907,-0.767532977687786
2023-04-19,27.808338165283203,160.96505737304688,16.459999084472656,19.06599998474121,-0.8194216591017488
2023-04-20,27.660324096679688,160.54690551757812,17.170000076293945,18.811499977111815,-0.8470054359406446
2023-04-21,27.63257598876953,160.91053771972656,16.770000457763672,18.51949996948242,-0.861433251657787
2023-04-24,27.53081512451172,159.89242553710938,16.889999389648438,18.276999950408936,-0.8650967128296321
2023-04-25,26.679725646972656,153.97486877441406,18.760000228881836,18.18499994277954,-0.9501335695536995
2023-04-26,26.3096866607666,149.49354553222656,18.84000015258789,18.12849998474121,-0.9471395159922225
2023-04-27,26.725980758666992,150.2298583984375,17.030000686645508,18.023999977111817,-0.8603501531492835
2023-04-28,27.08677101135254,151.98422241210938,15.779999732971191,17.86199994087219,-0.8085078579097634
2023-05-01,26.864744186401367,151.511474609375,16.079999923706055,17.73099989891052,-0.8531199984047576
2023-05-02,26.050661087036133,149.02085876464844,17.780000686645508,17.692499971389772,-1.0008369087513913
2023-05-03,25.773130416870117,148.48455810546875,18.34000015258789,17.659499979019166,-1.057745511660008
2023-05-04,24.96830177307129,147.5300750732422,20.09000015258789,17.709999990463256,-1.2353594599059496
2023-05-05,25.63436508178711,151.89022827148438,17.190000534057617,17.649500036239623,-1.1631357871710046
2023-05-08,25.61586570739746,150.42465209960938,16.979999542236328,17.550000047683717,-1.136986146663513
2023-05-09,25.58811378479004,149.30715942382812,17.709999084472656,17.480499982833862,-1.1203976553889154
2023-05-10,25.273584365844727,149.35293579101562,16.940000534057617,17.37300000190735,-1.1985799033408169
2023-05-11,25.338336944580078,147.63084411621094,16.93000030517578,17.32950005531311,-1.1466182847676922
2023-05-12,25.060810089111328,148.28121948242188,17.030000686645508,17.327500104904175,-1.2283769409528589
2023-05-15,25.57886505126953,151.3772735595703,17.1200008392334,17.33600010871887,-1.1660200830420313
2023-05-16,25.310588836669922,149.65521240234375,17.989999771118164,17.39400010108948,-1.1958247045089732
2023-05-17,26.429948806762695,151.4505615234375,16.8700008392334,17.414500188827514,-0.9585958228134971
2023-05-18,26.33744239807129,155.5450439453125,16.049999237060547,17.358500146865843,-1.067053441102256
2023-05-19,26.004411697387695,155.8198699951172,16.809999465942383,17.36050009727478,-1.1545748296023528
2023-05-22,26.217178344726562,156.50685119628906,17.209999084472656,17.37650008201599,-1.116722665573283
2023-05-23,26.43920135498047,155.48094177246094,18.530000686645508,17.365000104904176,-1.040727061247727
2023-05-24,25.99515724182129,153.0352325439453,20.030000686645508,17.424500131607054,-1.0985320067891073
2023-05-25,26.05990982055664,155.3710174560547,19.139999389648438,17.530000066757204,-1.1315491421288388
2023-05-26,26.189424514770508,161.48068237304688,17.950000762939453,17.638500118255614,-1.2276971989156602
2023-05-30,26.143171310424805,161.7188720703125,17.459999084472656,17.707500076293947,-1.2440414297335927
2023-05-31,25.708375930786133,159.27316284179688,17.940000534057617,17.71550006866455,-1.2995756159007927
2023-06-01,25.904197692871094,161.041015625,15.649999618530273,17.58100004196167,-1.2885190460523535
2023-06-02,26.771398544311523,160.50973510742188,14.600000381469727,17.306500053405763,-1.064477018624458
2023-06-05,26.61287498474121,155.9572296142578,14.729999542236328,17.183500003814697,-1.008060785556998
2023-06-06,27.256284713745117,156.04884338378906,13.960000038146973,17.03250002861023,-0.8520086572079955
2023-06-07,27.489404678344727,157.5511016845703,13.9399995803833,16.84400005340576,-0.826232596336019
2023-06-08,27.256284713745117,157.76177978515625,13.649999618530273,16.679500007629393,-0.8878804235868869
2023-06-09,27.293588638305664,156.25953674316406,13.829999923706055,16.52449998855591,-0.8472620289836955
2023-06-12,27.16303825378418,159.41973876953125,15.010000228881836,16.423499965667723,-0.9454948453779584
2023-06-13,27.41480827331543,162.50660705566406,14.609999656677246,16.297999906539918,-0.9483241978175457
2023-06-14,27.15371322631836,162.240966796875,13.880000114440918,16.092499923706054,-1.0068655917430192
2023-06-15,27.386838912963867,163.12948608398438,14.5,15.973999881744385,-0.9682353998164007
2023-06-16,27.21898651123047,161.91122436523438,13.539999961853027,15.84849991798401,-0.9839342614329679
2023-06-20,26.920595169067383,159.71282958984375,13.880000114440918,15.701999950408936,-1.0111575563069688
2023-06-21,26.640850067138672,156.15875244140625,13.199999809265137,15.50149998664856,-1.0054125387167272
2023-06-22,26.072040557861328,158.12815856933594,12.90999984741211,15.220499944686889,-1.1863099575244782
2023-06-23,25.876220703125,153.59397888183594,13.4399995803833,14.890999889373779,-1.139434525625603
2023-06-26,26.19326400756836,154.5740966796875,14.25,14.646499919891358,-1.0821190132594383
2023-06-27,26.3331356048584,161.4990234375,13.739999771118164,14.435999870300293,-1.192797184423794
2023-06-28,26.174612045288086,160.26243591308594,13.430000305175781,14.23449993133545,-1.2058218451406153
2023-06-29,26.72477149963379,161.938720703125,13.539999961853027,14.01449990272522,-1.105850302067094
2023-06-30,26.752748489379883,164.8973846435547,13.59000015258789,13.9114999294281,-1.1609407544872616
2023-07-03,27.22831153869629,164.65921020507812,13.569999694824219,13.859999895095825,-1.0391922110302203
2023-07-05,27.11641502380371,161.70054626464844,14.180000305175781,13.832499933242797,-1.0047057740658527
2023-07-06,26.370437622070312,160.13417053222656,15.4399995803833,13.906499910354615,-1.1550564384254587
2023-07-07,26.603551864624023,159.10829162597656,14.829999923706055,13.950999927520751,-1.076338341458835
2023-07-10,26.72477149963379,164.36610412597656,15.069999694824219,14.021999931335449,-1.1566837895141624
2023-07-11,27.060466766357422,163.7982177734375,14.84000015258789,14.07249994277954,-1.0623710186374613
2023-07-12,27.37751579284668,167.04995727539062,13.539999961853027,13.9989999294281,-1.0526256767284843
2023-07-13,27.66657829284668,167.73692321777344,13.609999656677246,13.948999929428101,-0.9960409502744327
2023-07-14,27.14438819885254,165.6576385498047,13.34000015258789,13.92199993133545,-1.0807059302067394
2023-07-17,27.41480827331543,167.99343872070312,13.479999542236328,13.870999908447265,-1.06322767204548
2023-07-18,28.627025604248047,168.24989318847656,13.300000190734863,13.858999919891357,-0.7709733077575628
2023-07-19,29.400981903076172,168.24073791503906,13.760000228881836,13.852999925613403,-0.5807589668392111
2023-07-20,29.550180435180664,164.80580139160156,13.989999771118164,13.892499923706055,-0.47219423445484043
2023-07-21,29.820594787597656,168.8361358642578,13.600000381469727,13.926999950408936,-0.4902037766699101
2023-07-24,30.445358276367188,168.44227600097656,13.90999984741211,13.950499963760375,-0.3285630604492328
2023-07-25,29.9791202545166,170.44830322265625,13.859999656677246,13.930999946594238,-0.4850439204444249
2023-07-26,30.221559524536133,161.21510314941406,13.1899995803833,13.903499937057495,-0.23216123687079787
2023-07-27,29.79262351989746,162.7905731201172,14.40999984741211,13.952499914169312,-0.37046707170411014
2023-07-28,29.746000289916992,164.53396606445312,13.329999923706055,13.941999912261963,-0.41842363671635635
2023-07-31,29.83924674987793,166.03753662109375,13.630000114440918,13.943999910354615,-0.427016955624098
2023-08-01,29.484907150268555,164.53396606445312,13.930000305175781,13.961999940872193,-0.48252751570434577
2023-08-02,29.083942413330078,159.06398010253906,16.09000015258789,14.057499933242799,-0.4664221284353249
2023-08-03,29.289087295532227,158.47360229492188,15.920000076293945,14.08149995803833,-0.40369122478110087
2023-08-04,29.186513900756836,155.3742218017578,17.100000381469727,14.194999980926514,-0.36396892391131463
2023-08-07,29.72734832763672,155.85389709472656,15.770000457763672,14.230000019073486,-0.2412278585337489
2023-08-08,29.158540725708008,153.79685974121094,15.989999771118164,14.2875,-0.33780431717777326
2023-08-09,28.776222229003906,154.29501342773438,15.960000038146973,14.408500003814698,-0.44210375631036425
2023-08-10,28.85082244873047,154.56248474121094,15.850000381469727,14.520500040054321,-0.42938912583887456
2023-08-11,29.177188873291016,153.30799865722656,14.84000015258789,14.595500040054322,-0.32298823067487864
2023-08-14,28.841495513916016,157.25599670410156,14.819999694824219,14.662500047683716,-0.48808575151575617
2023-08-15,27.918344497680664,155.115966796875,16.459999084472656,14.820499992370605,-0.6699229971137989
2023-08-16,27.31223487854004,152.865234375,16.780000686645508,14.971500015258789,-0.7716015884627349
2023-08-17,27.302913665771484,152.90211486816406,17.889999389648438,15.166499996185303,-0.7746624825174917
2023-08-18,27.14438819885254,153.5754852294922,17.299999237060547,15.351499938964844,-0.8276853388326108
2023-08-21,27.181686401367188,154.92222595214844,17.1299991607666,15.512499904632568,-0.8467308561041059
2023-08-22,26.519630432128906,154.1474151611328,16.969999313354492,15.667999887466431,-0.9930537366010517
2023-08-23,26.528955459594727,156.6564178466797,15.979999542236328,15.807499885559082,-1.0433069773996673
2023-08-24,26.687475204467773,152.74533081054688,17.200000762939453,15.94699993133545,-0.9224822986750614
2023-08-25,26.575578689575195,154.7930908203125,15.680000305175781,16.064499950408937,-0.9928387911923444
2023-08-28,26.81802749633789,155.6140594482422,15.079999923706055,16.136999940872194,-0.9505049521071771
2023-08-29,27.20033836364746,157.44969177246094,14.449999809265137,16.16299991607666,-0.8950807865239726
2023-08-30,27.079116821289062,156.1029510498047,13.880000114440918,16.05249991416931,-0.8966402212970073
2023-08-31,26.956884384155273,155.02369689941406,13.569999694824219,15.934999895095824,-0.9040494703466245
2023-09-01,27.248361587524414,156.6564178466797,13.09000015258789,15.734499883651733,-0.8666775821190446
2023-09-05,26.938077926635742,156.57339477539062,14.010000228881836,15.646499872207642,-0.9411201301603225
2023-09-06,26.693614959716797,155.0144805908203,14.449999809265137,15.56949987411499,-0.9684946682171679
2023-09-07,26.44915199279785,151.93357849121094,14.399999618530273,15.491499853134155,-0.9639962220370039
2023-09-08,26.665407180786133,151.88748168945312,13.84000015258789,15.390999841690064,-0.909935662490939
2023-09-11,26.77823829650879,152.9759063720703,13.800000190734863,15.338999843597412,-0.9050266827181396
2023-09-12,27.23895835876465,150.8081817626953,14.229999542236328,15.309499835968017,-0.7465143833320603
2023-09-13,27.154338836669922,151.6107177734375,13.479999542236328,15.160499858856202,-0.7840967153330508
2023-09-14,27.455215454101562,153.16964721679688,12.819999694824219,14.962499809265136,-0.7428717543976808
2023-09-15,27.116727828979492,150.0056915283203,13.789999961853027,14.757499837875367,-0.759719065516867
2023-09-18,27.04151153564453,150.1993865966797,14.0,14.59249987602234,-0.7822425539712934
2023-09-19,26.938077926635742,150.48533630371094,14.109999656677246,14.44149990081787,-0.8136259563995122
2023-09-20,26.844051361083984,149.52603149414062,15.140000343322754,14.349999952316285,-0.8166220091244671
2023-09-21,26.373929977416992,147.95787048339844,17.540000915527344,14.428000020980836,-0.8992068093859923
2023-09-22,25.98843002319336,147.87486267089844,17.200000762939453,14.428000020980836,-0.9921168652418607
2023-09-25,25.950820922851562,148.4191131591797,16.899999618530273,14.48899998664856,-1.0127482132168713
2023-09-26,25.546518325805664,145.7071533203125,18.940000534057617,14.682000017166137,-1.0552200422323044
2023-09-27,25.64053726196289,145.87319946289062,18.219999313354492,14.870499992370606,-1.0356136933376783
2023-09-28,25.9132137298584,146.74951171875,17.34000015258789,15.043499994277955,-0.9870173137206655
2023-09-29,25.743967056274414,146.67568969726562,17.520000457763672,15.241000032424926,-1.0270249887052108
2023-10-02,25.104598999023438,147.5427703857422,17.610000610351562,15.467000055313111,-1.202161474077388
2023-10-03,24.361806869506836,145.05223083496094,19.780000686645508,15.755500078201294,-1.3323765436799653
2023-10-04,24.390010833740234,145.71640014648438,18.579999923706055,15.96200008392334,-1.339360696253178
2023-10-05,24.502840042114258,143.07823181152344,18.489999771118164,16.166500091552734,-1.2564110654377532
2023-10-06,24.51224136352539,144.82162475585938,17.450000762939453,16.347000122070312,-1.290612420077182
2023-10-09,24.737899780273438,144.56336975097656,17.700000762939453,16.542000150680543,-1.2298002200645024
2023-10-10,25.396074295043945,145.43043518066406,17.030000686645508,16.682000207901,-1.0863622857428006
2023-10-11,25.405479431152344,145.1260223388672,16.09000015258789,16.81250023841858,-1.0776782098386364
2023-10-12,25.292646408081055,142.9767608642578,16.690000534057617,17.00600028038025,-1.0603719530272635
2023-10-13,25.161014556884766,140.9012908935547,19.31999969482422,17.28250026702881,-1.0492265235526683
2023-10-16,25.37727165222168,142.33108520507812,17.209999084472656,17.44300022125244,-1.0260731354670194
2023-10-17,25.969627380371094,142.2941436767578,17.8799991607666,17.63150019645691,-0.8798636784365456
2023-10-18,25.678146362304688,140.04344177246094,19.219999313354492,17.835500144958495,-0.904294943659904
2023-10-19,25.34906005859375,139.23170471191406,21.399999618530273,18.028500080108643,-0.9680934422026861
2023-10-20,24.737899780273438,136.344482421875,21.709999084472656,18.253999996185303,-1.0576829097378342
2023-10-23,24.0421199798584,134.97007751464844,20.3700008392334,18.42750005722046,-1.199729194644153
2023-10-24,23.948095321655273,135.52354431152344,18.969999313354492,18.428999996185304,-1.2344047583242435
2023-10-25,24.0233154296875,130.7914581298828,20.190000534057617,18.527500057220458,-1.1168387978091803
2023-10-26,24.559253692626953,132.83926391601562,20.68000030517578,18.694500064849855,-1.0281391314189507
2023-10-27,23.666019439697266,132.0182647705078,21.270000457763672,18.882000064849855,-1.2302539003384232
2023-10-30,24.15494728088379,130.78952026367188,19.75,18.989000034332275,-1.0844798166471745
2023-10-31,24.76610565185547,132.19515991210938,18.139999389648438,18.90699996948242,-0.963863987485483
2023-11-01,24.822525024414062,133.27496337890625,16.8700008392334,18.82150001525879,-0.9726247390965855
2023-11-02,25.969627380371094,137.1288299560547,15.65999984741211,18.680000019073486,-0.7716933301884404
2023-11-03,26.721824645996094,139.8470458984375,14.90999984741211,18.55299997329712,-0.6439370272635704
2023-11-06,26.6372013092041,137.30572509765625,14.890000343322754,18.412499952316285,-0.6114943157575349
2023-11-07,26.477357864379883,136.45860290527344,14.8100004196167,18.301499938964845,-0.6329990946203837
2023-11-08,26.223491668701172,135.1833038330078,14.449999809265137,18.219499921798707,-0.6686217008864076
2023-11-09,25.88500213623047,133.3680877685547,15.289999961853027,18.149499893188477,-0.7137143542254045
2023-11-10,26.02604103088379,137.0171356201172,14.170000076293945,17.891999912261962,-0.7555035206980641
2023-11-13,26.044841766357422,135.78836059570312,14.760000228881836,17.76949996948242,-0.7251549295047185
2023-11-14,27.47402000427246,139.5677490234375,14.15999984741211,17.5835000038147,-0.4534082377136254
2023-11-15,27.85011863708496,141.37368774414062,14.180000305175781,17.33150005340576,-0.3988874729262566
2023-11-16,27.774900436401367,141.3922882080078,14.319999694824219,16.97750005722046,-0.41774465445704473
2023-11-17,28.18860626220703,143.93365478515625,13.800000190734863,16.58200011253357,-0.36939162468687803
2023-11-20,28.21681785583496,144.7900390625,13.40999984741211,16.234000062942506,-0.38039920843306213
2023-11-21,27.887727737426758,142.8258514404297,13.350000381469727,15.953000116348267,-0.42006439241946697
2023-11-22,27.859521865844727,143.2913055419922,12.850000381469727,15.586000108718872,-0.4367369204424895
2023-11-24,27.95354652404785,142.9748077392578,12.460000038146973,15.175000095367432,-0.40702388566310355
2023-11-27,27.793703079223633,142.05325317382812,12.6899995803833,14.746000051498413,-0.42696992557053515
2023-11-28,27.7654972076416,142.33248901367188,12.6899995803833,14.393000030517578,-0.4397427303028813
2023-11-29,28.49888801574707,142.6117706298828,12.979999542236328,14.135000038146973,-0.2655284270426266
2023-11-30,28.896944046020508,142.15565490722656,12.920000076293945,13.9375,-0.158245436704323
2023-12-01,29.342388153076172,144.48284912109375,12.630000114440918,13.78600001335144,-0.09761485955957626
2023-12-04,29.209701538085938,146.54010009765625,13.079999923706055,13.694500017166138,-0.1732745174433005
2023-12-05,28.98224449157715,146.38186645507812,12.850000381469727,13.592500019073487,-0.22580634696555693
2023-12-06,28.93485450744629,145.2648162841797,12.970000267028809,13.500500011444093,-0.2140486812651382
2023-12-07,29.058061599731445,146.78211975097656,13.0600004196167,13.43100004196167,-0.21557362250615889
2023-12-08,29.342388153076172,146.1770782470703,12.350000381469727,13.284000062942505,-0.13309486415918476
2023-12-11,29.238134384155273,148.9138641357422,12.630000114440918,13.207000064849854,-0.21600426078644028
2023-12-12,29.13388442993164,147.00555419921875,12.069999694824219,13.072500038146973,-0.20163660939667583
2023-12-13,30.365962982177734,150.62669372558594,12.1899995803833,12.974000024795533,0.025031945524585795
2023-12-14,32.166690826416016,157.11497497558594,12.479999542236328,12.88899998664856,0.33127314398231156
2023-12-15,31.844453811645508,156.98463439941406,12.279999732971191,12.786999988555909,0.2548867032145164
2023-12-18,31.68332862854004,155.8489990234375,12.5600004196167,12.725,0.23910918137278567
2023-12-19,31.759153366088867,156.8543243408203,12.529999732971191,12.680999994277954,0.23667255421707667
2023-12-20,31.256845474243164,153.76376342773438,13.670000076293945,12.696999979019164,0.17806689849551566
2023-12-21,31.465354919433594,155.2811279296875,13.649999618530273,12.736999940872192,0.19748420794593918
2023-12-22,31.68332862854004,156.6123046875,13.029999732971191,12.765499925613403,0.2231242782350615
2023-12-26,32.09086990356445,159.00466918945312,12.989999771118164,12.780499935150146,0.2730841344316523
2023-12-27,32.0719108581543,159.39564514160156,12.430000305175781,12.767499971389771,0.26024159507790684
2023-12-28,32.109825134277344,159.85179138183594,12.470000267028809,12.742000007629395,0.2599978817553824
2023-12-29,31.910789489746094,158.67886352539062,12.449999809265137,12.718499994277954,0.2356935083230153
