Date,CVX,LRCX,VIX,AvgVIX,zscore
2020-01-30,84.41715240478516,28.930837631225586,15.489999771118164,13.696000051498412,2.522831200542466
2020-01-31,81.18899536132812,27.745498657226562,18.84000015258789,14.014500045776368,2.1914383383574103
2020-02-03,80.53730010986328,28.69729995727539,17.969999313354492,14.211999988555908,2.014036023868007
2020-02-04,80.96923065185547,30.275264739990234,16.049999237060547,14.32199993133545,1.9266982587651695
2020-02-05,83.56842803955078,30.295724868774414,15.149999618530273,14.389999914169312,2.2801675466940594
2020-02-06,82.96977996826172,30.100351333618164,14.960000038146973,14.465499925613404,2.2164445374488984
2020-02-07,82.55301666259766,29.34486198425293,15.470000267028809,14.611999940872192,2.2295526714189866
2020-02-10,83.19711303710938,29.75703239440918,15.039999961853027,14.735999917984008,2.279376615929988
2020-02-11,84.27317810058594,30.30038833618164,15.180000305175781,14.878999948501587,2.3760897323998718
2020-02-12,84.90213012695312,31.13309669494629,13.739999771118164,14.946499919891357,2.384828640339785
2020-02-13,84.61418151855469,31.780654907226562,14.149999618530273,15.032999897003174,2.2853839641631417
2020-02-14,84.39186096191406,31.568517684936523,13.680000305175781,15.100999927520752,2.2746684141114986
2020-02-18,84.5145034790039,30.269676208496094,14.829999923706055,15.237499904632568,2.411933466807443
2020-02-19,84.8978271484375,31.06144905090332,14.380000114440918,15.313999891281128,2.3908872791101343
2020-02-20,84.18485260009766,30.56275177001953,15.5600004196167,15.446499919891357,2.339673511475926
2020-02-21,83.5715560913086,29.475116729736328,17.079999923706055,15.651499938964843,2.3567253118926725
2020-02-24,80.27498626708984,27.954835891723633,25.030000686645508,16.174999952316284,2.047052403571476
2020-02-25,77.20842742919922,27.188188552856445,27.850000381469727,16.655999994277956,1.6989103855203738
2020-02-26,75.1614990234375,27.5957088470459,27.559999465942383,17.219999933242796,1.3812434798377806
2020-02-27,72.16390991210938,26.581567764282227,39.15999984741211,18.35849995613098,1.065491820490504
2020-02-28,71.55827331542969,27.300765991210938,40.11000061035156,19.589499998092652,0.9159659686488492
2020-03-02,74.04985046386719,27.9427490234375,33.41999816894531,20.318499898910524,1.1970608010662755
2020-03-03,72.3632583618164,27.117481231689453,36.81999969482422,21.26099991798401,1.0430289586896448
2020-03-04,75.5371322631836,28.492612838745117,31.989999771118164,22.05799994468689,1.3493925331760024
2020-03-05,74.50984191894531,27.831098556518555,39.619998931884766,23.281499910354615,1.2703098699969217
2020-03-06,73.07621765136719,27.391952514648438,41.939998626708984,24.630499839782715,1.115042707483825
2020-03-09,61.84494400024414,24.897546768188477,54.459999084472656,26.57999978065491,-0.18910640430559836
2020-03-10,65.1491470336914,26.755552291870117,47.29999923706055,28.192999744415282,0.09027847629932949
2020-03-11,63.65420150756836,25.737693786621094,53.900001525878906,30.12899980545044,-0.01968389111905697
2020-03-12,58.46405029296875,22.129594802856445,75.47000122070312,33.21549987792969,-0.3945583324784331
2020-03-13,63.953208923339844,24.35604476928711,57.83000183105469,35.39949998855591,0.14937640602439756
2020-03-16,53.43488693237305,19.867795944213867,82.69000244140625,38.850000095367434,-0.8723221890877554
2020-03-17,54.1938591003418,21.334104537963867,75.91000366210938,41.9040002822876,-0.9045875191821964
2020-03-18,42.203590393066406,18.062814712524414,76.44999694824219,45.007500123977664,-2.2404342534843074
2020-03-19,43.99753189086914,18.143754959106445,72.0,47.829500102996825,-2.0026720588367524
2020-03-20,45.53082275390625,17.481319427490234,66.04000091552734,50.27750015258789,-1.7315815052730879
2020-03-23,41.56727600097656,17.942790985107422,61.59000015258789,52.10550012588501,-2.3162974874730335
2020-03-24,51.019962310791016,21.587507247924805,61.66999816894531,53.796500015258786,-1.3620378658004442
2020-03-25,53.10521697998047,21.859882354736328,63.95000076293945,55.61600008010864,-1.1022066982279788
2020-03-26,58.55604553222656,24.36737823486328,61.0,56.708000087738036,-0.5895859326188414
2020-03-27,52.72957992553711,22.57777976989746,65.54000091552734,57.97950010299682,-1.2201658757909368
2020-03-30,55.159812927246094,23.895647048950195,57.08000183105469,59.16250028610229,-1.010161792088455
2020-03-31,55.550819396972656,22.463594436645508,53.540000915527344,59.99850034713745,-0.8238471202875629
2020-04-01,52.560909271240234,20.903308868408203,57.060001373291016,61.252000427246095,-1.087881555662514
2020-04-02,58.35671615600586,20.644973754882812,50.90999984741211,61.81650047302246,-0.2715008590059778
2020-04-03,57.5824089050293,20.418468475341797,46.79999923706055,62.059500503540036,-0.35635216206581066
2020-04-06,61.63028335571289,23.469772338867188,45.2400016784668,61.598500633239745,-0.08599664256706444
2020-04-07,62.036598205566406,23.98175048828125,46.70000076293945,61.568500709533694,-0.07794210115236788
2020-04-08,65.91580963134766,24.96734619140625,43.349998474121094,61.041000556945804,0.36099494658215836
2020-04-09,64.63550567626953,24.1745662689209,41.66999816894531,59.35100040435791,0.2594976371645644
2020-04-13,65.09550476074219,24.221364974975586,41.16999816894531,58.51800022125244,0.3180479802104016
2020-04-14,64.86551666259766,25.506471633911133,37.7599983215332,56.27150001525879,0.16738064349648268
2020-04-15,63.24021911621094,24.598567962646484,40.84000015258789,54.51799983978272,0.029395474152675898
2020-04-16,61.32362365722656,25.33799171447754,40.11000061035156,52.70100002288818,-0.3012436558950143
2020-04-17,66.8281021118164,26.11579132080078,38.150001525878906,51.00850009918213,0.3791809489128078
2020-04-20,64.06818389892578,24.965471267700195,43.83000183105469,49.898000144958495,0.10855782755179044
2020-04-21,62.58858871459961,22.80335807800293,45.40999984741211,49.089000129699706,0.10684986826020006
2020-04-22,64.73517608642578,25.438148498535156,41.97999954223633,48.104500198364256,0.1558987476261488
2020-04-23,66.54444885253906,24.706207275390625,41.380001068115234,46.976000213623045,0.4711703309540873
2020-04-24,66.70542907714844,24.959856033325195,35.93000030517578,45.722500228881835,0.4696481687128926
2020-04-27,68.7753677368164,24.748321533203125,33.290000915527344,44.11000022888184,0.7722789366455873
2020-04-28,68.92870330810547,24.508712768554688,33.56999969482422,42.93450012207031,0.8154724498722838
2020-04-29,72.53959655761719,26.206584930419922,31.229999542236328,41.81900005340576,1.1516446419913362
2020-04-30,70.5309829711914,23.893770217895508,34.150001525878906,40.673500061035156,1.091589233750044
2020-05-01,68.56838989257812,21.997468948364258,37.189998626708984,39.9875,0.999184734104816
2020-05-04,70.10165405273438,21.95067024230957,35.970001220703125,39.44600009918213,1.2131573019724557
2020-05-05,71.21329498291016,22.726604461669922,33.61000061035156,38.86450004577637,1.2931574901092509
2020-05-06,69.03604125976562,22.890399932861328,34.119998931884766,38.235499954223634,0.9802832755346168
2020-05-07,71.02164459228516,23.17774200439453,31.440000534057617,37.64000005722046,1.225101387570687
2020-05-08,73.19122314453125,24.84099006652832,27.979999542236328,36.95550012588501,1.3674263444618937
2020-05-11,71.5812759399414,24.544281005859375,27.56999969482422,36.275500202178954,1.174837686116684
2020-05-12,69.84100341796875,23.959291458129883,33.040000915527344,36.03950033187866,0.9911752713408213
2020-05-13,68.00104522705078,23.23015785217285,35.279998779296875,35.76150026321411,0.8072562776993035
2020-05-14,69.03604125976562,25.17793846130371,32.61000061035156,35.38650026321411,0.768061985296478
2020-05-15,68.3537368774414,23.571788787841797,31.889999389648438,35.07350015640259,0.8237829319617526
2020-05-18,71.99427795410156,24.098752975463867,29.299999237060547,34.34700002670288,1.2726370123863422
2020-05-19,69.71504211425781,24.490924835205078,30.530000686645508,33.60300006866455,0.9246324895891216
2020-05-20,72.34432220458984,25.38105010986328,27.989999771118164,32.90350008010864,1.2015334981335526
2020-05-21,71.59752655029297,24.401079177856445,29.530000686645508,32.31100006103516,1.190344732382683
2020-05-22,70.22842407226562,24.442258834838867,28.15999984741211,31.92250003814697,0.9993379706014612
2020-05-26,72.57771301269531,24.93084144592285,28.010000228881836,31.658500003814698,1.2752102588180352
2020-05-27,73.04444885253906,25.84342384338379,27.6200008392334,31.361000061035156,1.2543605114769827
2020-05-28,70.6874008178711,24.973894119262695,28.59000015258789,31.229000091552734,1.0127689041256214
2020-05-29,71.33305358886719,25.615047454833984,27.510000228881836,30.89700002670288,1.0415622615349447
2020-06-01,72.18097686767578,25.362327575683594,28.229999542236328,30.449000072479247,1.1809375405388423
2020-06-02,73.65895080566406,25.408187866210938,26.84000015258789,29.992500019073486,1.3787544874245383
2020-06-03,75.59591674804688,26.852413177490234,25.65999984741211,29.594999980926513,1.5095955338711053
2020-06-04,74.89583587646484,27.315725326538086,25.809999465942383,29.179500007629393,1.3708963338777924
2020-06-05,78.41967010498047,28.539989471435547,24.520000457763672,28.8335000038147,1.739103572236448
2020-06-08,80.30998229980469,27.853910446166992,25.809999465942383,28.725,2.0612002640375904
2020-06-09,78.97977447509766,28.29756736755371,27.56999969482422,28.725,1.8381723250643494
2020-06-10,75.9070816040039,28.20116424560547,27.56999969482422,28.451499938964844,1.4270112359163716
2020-06-11,69.52056884765625,26.434965133666992,40.790000915527344,28.727000045776368,0.7176897109292552
2020-06-12,71.86980438232422,26.630584716796875,36.09000015258789,28.901000022888184,1.0207336895877022
2020-06-15,70.96744537353516,27.250200271606445,34.400001525878906,29.026500129699706,0.8398779205815917
2020-06-16,73.14556121826172,28.705799102783203,33.66999816894531,29.245000076293945,1.0026343078124287
2020-06-17,71.20861053466797,29.485742568969727,33.470001220703125,29.392000102996825,0.665453044795891
2020-06-18,71.51976013183594,29.581588745117188,32.939998626708984,29.639500045776366,0.6991021204534029
2020-06-19,70.5007095336914,29.62387466430664,35.119998931884766,29.91899995803833,0.5558525161424817
2020-06-22,71.24748229980469,29.346660614013672,31.770000457763672,30.09949998855591,0.6836706882439418
2020-06-23,71.13079833984375,29.692476272583008,31.3700008392334,30.267500019073488,0.6356351481856656
2020-06-24,68.17479705810547,28.73398208618164,33.84000015258789,30.57849998474121,0.3204069426981276
2020-06-25,69.39608764648438,29.374855041503906,32.220001220703125,30.760000038146973,0.427928657799074
2020-06-26,67.25689697265625,28.42764663696289,34.72999954223633,31.121000003814697,0.223329408153366
2020-06-29,68.19813537597656,28.985822677612305,31.780000686645508,31.298500061035156,0.3002338541268901
2020-06-30,69.41165161132812,30.395366668701172,30.43000030517578,31.47800006866455,0.33538090152645605
2020-07-01,68.15923309326172,29.833423614501953,28.6200008392334,31.626000118255615,0.21628076831800228
2020-07-02,68.69599914550781,30.417919158935547,27.68000030517578,31.719500160217287,0.23544321754627973
2020-07-06,68.89825439453125,31.476003646850586,27.940000534057617,31.890500164031984,0.1649345261157962
2020-07-07,67.14019775390625,30.811649322509766,29.43000030517578,32.07150020599365,-0.013796478372896426
2020-07-08,67.17131042480469,31.367013931274414,28.079999923706055,32.097000217437746,-0.06106540639565303
2020-07-09,64.36311340332031,31.551191329956055,29.260000228881836,32.18150024414062,-0.46209433015445517
2020-07-10,66.30006408691406,31.9477481842041,27.290000915527344,31.506500244140625,-0.23406026307092545
2020-07-13,66.43231201171875,31.68086814880371,32.189998626708984,31.31150016784668,-0.19121986338496907
2020-07-14,68.72710418701172,32.51906967163086,29.520000457763672,31.067500114440918,0.04476640326047413
2020-07-15,69.14716339111328,32.252197265625,27.760000228881836,30.772000217437743,0.12695622505973353
2020-07-16,68.73490142822266,32.40818405151367,28.0,30.49850015640259,0.05611962391822515
2020-07-17,67.82476043701172,32.53879928588867,25.68000030517578,30.13550024032593,-0.08043419797168327
2020-07-20,66.3311996459961,33.24169921875,24.459999084472656,29.602500247955323,-0.3498467718240293
2020-07-21,71.09191131591797,33.548980712890625,24.84000015258789,29.256000232696532,0.2725398300306464
2020-07-22,70.81964874267578,34.01319122314453,24.31999969482422,28.903500175476076,0.19224945429335427
2020-07-23,70.79631805419922,33.342247009277344,26.079999923706055,28.515500164031984,0.2513049907605127
2020-07-24,70.11176300048828,32.48712921142578,25.84000015258789,28.19650011062622,0.23704291223512497
2020-07-27,70.81964874267578,33.648590087890625,24.739999771118164,27.697000122070314,0.22607451226890699
2020-07-28,69.31831359863281,32.788761138916016,25.440000534057617,27.380000114440918,0.10057770360751835
2020-07-29,70.06510162353516,33.907005310058594,24.100000381469727,27.063500118255615,0.09893743457055183
2020-07-30,67.10906982421875,35.571205139160156,24.760000228881836,26.870500087738037,-0.4596095371496732
2020-07-31,65.29658508300781,35.4415168762207,24.459999084472656,26.70950002670288,-0.6953845122719129
2020-08-03,65.97335052490234,35.84089660644531,24.280000686645508,26.526500034332276,-0.6399073611307429
2020-08-04,67.28021240234375,36.174495697021484,23.760000228881836,26.243000030517578,-0.4921795211988403
2020-08-05,67.83253479003906,36.034481048583984,22.989999771118164,25.988500022888182,-0.40367535997894066
2020-08-06,68.04255676269531,35.50259780883789,22.649999618530273,25.657999992370605,-0.32561645610925255
2020-08-07,67.52137756347656,34.99798583984375,22.209999084472656,25.403999900817873,-0.35005886055173063
2020-08-10,69.80061340332031,35.30997085571289,22.1299991607666,24.90099992752075,-0.06738092299626475
2020-08-11,69.71504211425781,34.675682067871094,24.030000686645508,24.626499938964844,-0.020235670577059058
2020-08-12,70.57070922851562,35.851234436035156,22.280000686645508,24.352499961853027,-0.012306414495693242
2020-08-13,69.87062072753906,35.428367614746094,22.1299991607666,24.058999919891356,-0.06879337806833859
2020-08-14,70.28290557861328,35.11075210571289,22.049999237060547,23.877499866485596,0.017041097064817448
2020-08-17,70.60963439941406,35.621952056884766,21.350000381469727,23.72199993133545,0.014286674078256024
2020-08-18,69.1497573852539,35.19815444946289,21.510000228881836,23.555499935150145,-0.14599373291401288
2020-08-19,68.17127227783203,34.9744987487793,22.540000915527344,23.466499996185302,-0.2590250014861011
2020-08-20,66.92445373535156,33.688053131103516,22.719999313354492,23.298499965667723,-0.3101453838042773
2020-08-21,67.13754272460938,33.212562561035156,22.540000915527344,23.133500003814696,-0.23689885561540333
2020-08-24,68.81045532226562,32.985164642333984,22.3700008392334,23.01500005722046,0.012921413643372024
2020-08-25,67.96609497070312,33.124244689941406,22.030000686645508,22.844500064849854,-0.11542405269203354
2020-08-26,66.90079498291016,33.0584602355957,23.270000457763672,22.803000068664552,-0.2549709773223778
2020-08-27,67.00338745117188,32.085872650146484,24.469999313354492,22.788500022888183,-0.15071468496502502
2020-08-28,67.571533203125,32.962615966796875,22.959999084472656,22.713500022888184,-0.15437457677562125
2020-08-31,66.23004913330078,31.605697631835938,26.40999984741211,22.819999980926514,-0.21189986873882913
2020-09-01,65.559326171875,32.00223922729492,26.1200008392334,22.938000011444093,-0.34039070758743945
2020-09-02,65.64612579345703,34.082725524902344,26.56999969482422,23.117000007629393,-0.5215357717199941
2020-09-03,64.92802429199219,32.09339141845703,33.599998474121094,23.664499950408935,-0.43515999628542074
2020-09-04,64.65184020996094,31.3031063079834,30.75,24.091499996185302,-0.3996034923547219
2020-09-08,62.31606674194336,28.446435928344727,31.459999084472656,24.557999992370604,-0.4539338518090507
2020-09-09,63.152523040771484,28.27635383605957,28.809999465942383,24.79699993133545,-0.32379289764579866
2020-09-10,61.66900634765625,27.956857681274414,29.709999084472656,25.168499851226805,-0.4969817033909173
2020-09-11,61.305999755859375,27.626081466674805,26.8700008392334,25.405499935150146,-0.5159256594980003
2020-09-14,60.99036407470703,28.70015525817871,25.850000381469727,25.595499992370605,-0.658724799835434
2020-09-15,60.24860382080078,29.029985427856445,25.59000015258789,25.807499980926515,-0.7907389945542149
2020-09-16,61.99251937866211,28.8110408782959,26.040000915527344,26.03400001525879,-0.53199530199889
2020-09-17,62.17402648925781,28.744321823120117,26.459999084472656,26.229999923706053,-0.5009895775388219
2020-09-18,61.716346740722656,28.868362426757812,25.829999923706055,26.385499954223633,-0.575072052686442
2020-09-21,60.20915985107422,29.59663200378418,27.780000686645508,26.64749994277954,-0.848701226028174
2020-09-22,59.60151290893555,29.947126388549805,26.860000610351562,26.87199993133545,-0.9642962588269892
2020-09-23,56.77651596069336,29.79019546508789,28.579999923706055,27.199499893188477,-1.3359765373670287
2020-09-24,56.65814971923828,30.74399185180664,28.510000228881836,27.461499881744384,-1.4406461397392705
2020-09-25,56.68180847167969,31.03529930114746,26.3799991607666,27.55699987411499,-1.4644368676681236
2020-09-28,58.33894729614258,31.631065368652344,26.190000534057617,27.71849994659424,-1.2931404247929326
2020-09-29,56.737060546875,31.85745620727539,26.270000457763672,27.711499977111817,-1.5331564693392599
2020-09-30,56.81595993041992,31.295236587524414,26.3700008392334,27.723999977111816,-1.4702105162960104
2020-10-01,55.56917190551758,31.991411209106445,26.700000762939453,27.73050003051758,-1.7052599015208967
2020-10-02,56.176788330078125,31.008460998535156,27.6299991607666,27.432000064849852,-1.5309943610467254
2020-10-05,57.36833953857422,32.28384780883789,27.959999084472656,27.292500019073486,-1.4864042822185317
2020-10-06,57.052703857421875,32.165931701660156,29.479999542236328,27.19350004196167,-1.5186192155125557
2020-10-07,58.220584869384766,32.61778259277344,28.059999465942383,27.15600004196167,-1.4008636629530906
2020-10-08,59.356903076171875,33.5290641784668,26.360000610351562,26.988500118255615,-1.330046098882076
2020-10-09,58.394187927246094,34.21580123901367,25.0,26.895000076293947,-1.5253809274250627
2020-10-12,58.7966423034668,34.91387939453125,25.06999969482422,26.85600004196167,-1.5351192110623464
2020-10-13,57.920719146728516,35.29875564575195,26.06999969482422,26.880000019073485,-1.6905832019739537
2020-10-14,57.56562805175781,35.303470611572266,26.399999618530273,26.897999954223632,-1.739569382402992
2020-10-15,58.00752639770508,35.421390533447266,26.969999313354492,26.923499965667723,-1.6900919206263987
2020-10-16,57.518272399902344,34.42805862426758,27.40999984741211,27.002499961853026,-1.6648295445431738
2020-10-19,56.247802734375,34.29694366455078,29.18000030517578,27.07249994277954,-1.826366783056886
2020-10-20,56.563453674316406,34.29694366455078,29.350000381469727,27.196999931335448,-1.7832103594298492
2020-10-21,55.92427444458008,34.58465576171875,28.649999618530273,27.20049991607666,-1.8972920623855316
2020-10-22,57.920719146728516,33.77244567871094,28.110000610351562,27.180499935150145,-1.5489831954685611
2020-10-23,57.265743255615234,33.3866081237793,27.549999237060547,27.238999938964845,-1.6027375810768505
2020-10-26,55.979515075683594,32.793243408203125,32.459999084472656,27.552499866485597,-1.72354516380135
2020-10-27,54.85108184814453,32.43478775024414,33.349998474121094,27.906499767303465,-1.8445718715687953
2020-10-28,52.77571487426758,31.969707489013672,40.279998779296875,28.60199966430664,-2.085173382448278
2020-10-29,54.290828704833984,33.32435989379883,37.59000015258789,29.146499633789062,-2.0036988680146983
2020-10-30,54.84318542480469,32.269710540771484,38.02000045776367,29.665999698638917,-1.8303368159465832
2020-11-02,56.93434143066406,33.1064453125,37.130001068115234,30.124499797821045,-1.622056016394261
2020-11-03,56.61079406738281,34.9534912109375,35.54999923706055,30.427999782562257,-1.8376476226352174
2020-11-04,56.63446807861328,35.878910064697266,29.56999969482422,30.50349979400635,-1.9202645370685258
2020-11-05,56.92643356323242,37.70616149902344,27.579999923706055,30.56449975967407,-2.0498656165718643
2020-11-06,56.14521789550781,38.62215042114258,24.860000610351562,30.55749979019165,-2.2416538061256257
2020-11-09,62.655372619628906,39.26926803588867,25.75,30.59149980545044,-1.4116074131209173
2020-11-10,65.55142211914062,38.47592544555664,24.799999237060547,30.527999782562254,-0.9420531806175689
2020-11-11,65.07006072998047,39.99753189086914,23.450000762939453,30.380499839782715,-1.1490295138430535
2020-11-12,63.65756607055664,39.474910736083984,25.350000381469727,30.299499893188475,-1.293663576735721
2020-11-13,65.51985931396484,40.21543502807617,23.100000381469727,30.083999919891358,-1.1077476358616172
2020-11-16,70.19927215576172,41.43989181518555,22.450000762939453,29.74749994277954,-0.5815652656059358
2020-11-17,69.69482421875,40.7455940246582,22.709999084472656,29.415499877929687,-0.5861224591744484
2020-11-18,67.48483276367188,40.59465789794922,23.84000015258789,29.174999904632568,-0.8742741187414625
2020-11-19,68.64588165283203,41.28801727294922,23.110000610351562,28.924999904632568,-0.779858079086171
2020-11-20,68.69392395019531,40.90690994262695,23.700000762939453,28.732499980926512,-0.7379332572963412
2020-11-23,72.88970184326172,42.331356048583984,22.65999984741211,28.242500019073486,-0.2964279815618474
2020-11-24,76.56501770019531,42.11437225341797,21.639999389648438,27.657000064849854,0.22619869246418525
2020-11-25,73.77850341796875,42.146461486816406,21.25,26.70550012588501,-0.1577560834302753
2020-11-27,73.11389923095703,43.06714630126953,20.84000015258789,25.86800012588501,-0.33403657061220265
2020-11-30,69.80693054199219,42.701133728027344,20.56999969482422,24.995500087738037,-0.7522158988841793
2020-12-01,70.02310943603516,44.115196228027344,20.770000457763672,24.17750005722046,-0.8538459888411043
2020-12-02,71.96087646484375,45.206642150878906,21.170000076293945,23.458500099182128,-0.6901670945137126
2020-12-03,71.90483856201172,45.664154052734375,21.280000686645508,23.044000148773193,-0.7402733552596591
2020-12-04,74.69132232666016,47.165000915527344,20.790000915527344,22.704500198364258,-0.4985374826631193
2020-12-07,72.67350769042969,47.98570251464844,21.299999237060547,22.526500129699706,-0.850555870912348
2020-12-08,73.298095703125,48.3904914855957,20.68000030517578,22.273000144958495,-0.8027143518106089
2020-12-09,72.41728973388672,46.70420837402344,22.270000457763672,22.146500205993654,-0.7666987353006559
2020-12-10,74.74736785888672,46.356170654296875,22.520000457763672,22.100000190734864,-0.4158374007731888
2020-12-11,74.02674102783203,46.50276184082031,23.309999465942383,21.998000144958496,-0.5279626035354664
2020-12-14,71.61656188964844,46.51884078979492,24.719999313354492,22.079000091552736,-0.8589787723882327
2020-12-15,71.56051635742188,46.8460807800293,22.889999389648438,22.101000022888183,-0.8970003898911528
2020-12-16,71.0160140991211,46.65503692626953,22.5,22.09050006866455,-0.9537221525554133
2020-12-17,70.79180145263672,45.98638153076172,21.93000030517578,21.995000076293945,-0.9223439365122142
2020-12-18,69.81493377685547,45.487972259521484,21.56999969482422,21.91800003051758,-1.0096644162718151
2020-12-21,68.93413543701172,45.70170974731445,25.15999984741211,21.99099998474121,-1.149917934431161
2020-12-22,67.54890441894531,45.10778045654297,24.229999542236328,22.069499969482422,-1.2842090046730934
2020-12-23,68.61386108398438,44.557350158691406,23.309999465942383,22.15299997329712,-1.0875410691306717
2020-12-24,68.32559967041016,45.42839050292969,21.530000686645508,22.167000007629394,-1.2077615695166353
2020-12-28,67.98129272460938,45.02739334106445,21.700000762939453,22.210000038146973,-1.2176342809445269
2020-12-29,67.74906921386719,44.75502014160156,23.079999923706055,22.335500049591065,-1.2241155239818287
2020-12-30,68.32559967041016,45.81709671020508,22.770000457763672,22.435500049591063,-1.2438229218418027
2020-12-31,67.62095642089844,44.665164947509766,22.75,22.514500045776366,-1.2332952441336202
2021-01-04,67.82914733886719,45.20896530151367,26.969999313354492,22.798999977111816,-1.2552808344376694
2021-01-05,69.66279602050781,46.77231979370117,25.34000015258789,23.026499938964843,-1.1496174734785476
2021-01-06,71.90483856201172,46.95578384399414,25.06999969482422,23.214999961853028,-0.860101431334869
2021-01-07,72.24111938476562,48.65530014038086,22.3700008392334,23.299499988555908,-0.9717932869423647
2021-01-08,72.92973327636719,47.44190216064453,21.559999465942383,23.263999938964844,-0.7650743335165973
2021-01-11,73.34611511230469,48.846343994140625,24.079999923706055,23.34199991226196,-0.8384397436056799
2021-01-12,74.73936462402344,50.73408508300781,23.329999923706055,23.342999935150146,-0.8230828758786932
2021-01-13,74.66732788085938,49.79399871826172,22.209999084472656,23.217499923706054,-0.7457174645879231
2021-01-14,76.46092987060547,52.753265380859375,23.25,23.235499954223634,-0.7750320083623121
2021-01-15,73.73847198486328,51.78291702270508,24.34000015258789,23.32749996185303,-1.0572299523850996
2021-01-19,75.67620086669922,54.85567855834961,23.239999771118164,23.392999935150147,-1.0773684151047087
2021-01-20,76.37284851074219,53.245994567871094,21.579999923706055,23.39349994659424,-0.8327865193804675
2021-01-21,73.67440795898438,53.35853958129883,21.31999969482422,23.201499938964844,-1.2121637855982508
2021-01-22,73.45020294189453,53.32638931274414,21.90999984741211,23.085499954223632,-1.2398348714402734
2021-01-25,72.78560638427734,53.696170806884766,23.190000534057617,23.079500007629395,-1.3650054874114552
2021-01-26,71.5525131225586,52.26808547973633,23.020000457763672,23.153999996185302,-1.4011090136085222
2021-01-27,70.62364959716797,48.71015167236328,37.209999084472656,23.929499912261964,-1.198025698472379
2021-01-28,71.28026580810547,47.982872009277344,30.209999084472656,24.285999870300294,-1.040780075252165
2021-01-29,68.22151184082031,45.76980972290039,33.09000015258789,24.801999855041505,-1.253667071809737
2021-02-01,69.19037628173828,47.42487716674805,30.239999771118164,25.176499843597412,-1.2747471950985771
2021-02-02,69.71083068847656,48.80757141113281,25.559999465942383,25.105999851226805,-1.3318660124168085
2021-02-03,71.2322006225586,47.6972541809082,22.90999984741211,24.984499835968016,-1.0208540852557924
2021-02-04,71.26424407958984,49.13480758666992,21.770000457763672,24.81949987411499,-1.149838854434561
2021-02-05,71.47242736816406,48.21080017089844,20.8700008392334,24.74449987411499,-1.0356528923450037
2021-02-08,73.25003814697266,50.3879280090332,21.239999771118164,24.72849988937378,-0.9945925994499631
2021-02-09,72.83365631103516,49.94342803955078,21.6299991607666,24.605999851226805,-1.0102836570013625
2021-02-10,74.08277130126953,50.361454010009766,21.989999771118164,24.538999843597413,-0.8782836018910705
2021-02-11,73.68240356445312,54.117042541503906,21.25,24.49099988937378,-1.2814390326878486
2021-02-12,74.10680389404297,55.43638229370117,19.969999313354492,24.326999855041503,-1.345812982412815
2021-02-16,75.62530517578125,55.968833923339844,21.459999084472656,24.18299980163574,-1.1875974839108785
2021-02-17,77.89092254638672,55.41272735595703,21.5,24.095999813079835,-0.8262462280367634
2021-02-18,77.14384460449219,54.642887115478516,22.489999771118164,24.14149980545044,-0.8569679954347854
2021-02-19,77.79348754882812,56.59492111206055,22.049999237060547,24.177999782562257,-0.9492431262235344
2021-02-22,79.89665222167969,53.6999626159668,23.450000762939453,24.254999828338622,-0.39312094931907937
2021-02-23,80.9035873413086,53.2129020690918,23.110000610351562,24.25099983215332,-0.2102648221954198
2021-02-24,83.89188385009766,56.452110290527344,21.34000015258789,24.16699981689453,-0.10220931217055529
2021-02-25,83.11233520507812,51.79426574707031,28.889999389648438,23.75099983215332,0.2233303979505706
2021-02-26,81.20404052734375,53.642276763916016,27.950000762939453,23.63799991607666,-0.2090205463228251
2021-03-01,82.86873626708984,56.632755279541016,23.350000381469727,23.15099992752075,-0.2588550188244011
2021-03-02,83.18543243408203,54.225807189941406,24.100000381469727,22.84399995803833,0.007743556546280951
2021-03-03,84.1192626953125,52.132850646972656,26.670000076293945,22.89949998855591,0.32958806521844786
2021-03-04,84.85820770263672,50.0124626159668,28.56999969482422,23.182499980926515,0.6273323699731117
2021-03-05,88.51240539550781,51.79899597167969,24.65999984741211,23.326999950408936,0.9611998869050762
2021-03-08,89.1214370727539,47.53458786010742,25.469999313354492,23.55699987411499,1.4400888690686322
2021-03-09,88.91842651367188,51.402732849121094,24.030000686645508,23.69649991989136,1.0534743291447284
2021-03-10,90.43693542480469,49.05629348754883,22.559999465942383,23.742999935150145,1.4787735681644125
2021-03-11,90.29076385498047,50.63477325439453,21.90999984741211,23.738999938964845,1.3123487572866357
2021-03-12,90.59123992919922,49.63510513305664,20.690000534057617,23.710999965667725,1.4461724257753268
2021-03-15,89.52745819091797,50.763397216796875,20.030000686645508,23.714000034332276,1.1960552888695835
2021-03-16,87.40802764892578,51.87545394897461,19.790000915527344,23.63050012588501,0.8031139487825465
2021-03-17,87.7247314453125,52.42816925048828,19.229999542236328,23.517000102996825,0.7951373904110145
2021-03-18,84.54964447021484,51.11607360839844,21.579999923706055,23.47150011062622,0.48275994087140095
2021-03-19,83.94873046875,51.413753509521484,20.950000762939453,23.416500186920167,0.3729851951450646
2021-03-22,83.2666244506836,53.09369659423828,18.8799991607666,23.188000106811522,0.123873328487303
2021-03-23,82.80376434326172,51.61284637451172,20.299999237060547,23.04750003814697,0.19797275474975268
2021-03-24,85.0206298828125,52.37507629394531,21.200000762939453,23.04050006866455,0.43035283317279904
2021-03-25,85.3210678100586,51.95603561401367,19.809999465942383,22.586500072479247,0.5103048689190306
2021-03-26,87.27811431884766,55.38798141479492,18.860000610351562,22.132000064849855,0.4594850306162111
2021-03-29,86.82337188720703,54.06639862060547,20.739999771118164,22.001500034332274,0.519918641089972
2021-03-30,86.01944732666016,54.28160858154297,19.610000610351562,21.77700004577637,0.39003885334952193
2021-03-31,85.09371185302734,56.431785583496094,19.399999618530273,21.413500022888183,0.06399257952745815
2021-04-01,85.87327575683594,60.60889434814453,17.329999923706055,20.851500034332275,-0.21694585360354937
2021-04-05,84.8663558959961,62.647220611572266,17.90999984741211,20.514000034332277,-0.5437151150790693
2021-04-06,84.11114501953125,61.85844421386719,18.1200008392334,20.14650011062622,-0.5737920736535297
2021-04-07,84.60647583007812,62.4556999206543,17.15999984741211,19.803000068664552,-0.5614785286238061
2021-04-08,83.6563949584961,63.329811096191406,16.950000762939453,19.522500133514406,-0.772469189707569
2021-04-09,83.57520294189453,62.76095962524414,16.690000534057617,19.26150016784668,-0.7307959957346244
2021-04-12,82.64946746826172,61.64890670776367,16.90999984741211,19.072500133514403,-0.7541961571753296
2021-04-13,83.02301025390625,61.14834976196289,16.649999618530273,18.903500080108643,-0.6566865900039524
2021-04-14,84.67143249511719,60.71603012084961,16.989999771118164,18.763500022888184,-0.3912035347124728
2021-04-15,83.98120880126953,61.5759162902832,16.56999969482422,18.630500030517577,-0.5653463129388756
2021-04-16,83.60768127441406,61.02699279785156,16.25,18.364000034332275,-0.5654905845306154
2021-04-19,83.8512954711914,58.943180084228516,17.290000915527344,18.18100004196167,-0.33886208586918376
2021-04-20,82.2840576171875,58.118377685546875,18.68000030517578,18.17100009918213,-0.4766187541310882
2021-04-21,83.4209213256836,60.793766021728516,17.5,18.0310001373291,-0.569387681250497
2021-04-22,81.9754867553711,58.261531829833984,18.709999084472656,17.90650005340576,-0.532087982192962
2021-04-23,82.46269226074219,59.4892463684082,17.329999923706055,17.782500076293946,-0.5793747584583767
2021-04-26,82.4383316040039,60.97580337524414,17.639999389648438,17.72150001525879,-0.7206174100398104
2021-04-27,83.39654541015625,61.137901306152344,17.559999465942383,17.5625,-0.604646789113772
2021-04-28,85.44290161132812,60.49040222167969,17.280000686645508,17.446000003814696,-0.26479461879447647
2021-04-29,86.80713653564453,60.76722717285156,17.610000610351562,17.35650005340576,-0.10395552762023964
2021-04-30,83.69701385498047,58.82182312011719,18.610000610351562,17.420500087738038,-0.34869715299924203
2021-05-03,85.69461822509766,58.51750564575195,18.309999465942383,17.44050006866455,-0.04734833913299688
2021-05-04,86.16560363769531,57.47938919067383,19.479999542236328,17.508500003814696,0.1133546633557505
2021-05-05,88.47991943359375,57.9259147644043,19.149999618530273,17.607999992370605,0.3883471017047702
2021-05-06,88.52864074707031,58.53646469116211,18.389999389648438,17.679999923706056,0.3383659673577355
2021-05-07,89.34069061279297,59.77840805053711,16.690000534057617,17.679999923706056,0.33417251027548117
2021-05-10,88.97525787353516,55.59844970703125,19.65999984741211,17.817499923706055,0.6719961423268224
2021-05-11,86.64471435546875,56.1653938293457,21.84000015258789,18.076999950408936,0.300762624567857
2021-05-12,87.18877410888672,52.86994934082031,27.59000015258789,18.606999969482423,0.6808750749890146
2021-05-13,86.62846374511719,55.43539047241211,23.1299991607666,18.93499994277954,0.3662652437941569
2021-05-14,88.89405059814453,57.166526794433594,18.809999465942383,19.06299991607666,0.5154184642592822
2021-05-17,89.98220825195312,56.13125991821289,19.719999313354492,19.18449983596802,0.7602381184013727
2021-05-18,87.27787780761719,55.44487380981445,21.34000015258789,19.317499828338622,0.4541746291417559
2021-05-19,84.828369140625,57.09163284301758,22.18000030517578,19.551499843597412,-0.03350146261368144
2021-05-20,85.1242904663086,59.416259765625,20.670000076293945,19.649499893188477,-0.2087045944179059
2021-05-21,85.58460235595703,58.21980667114258,20.149999618530273,19.790499877929687,-0.03477156825273226
2021-05-24,86.80113220214844,60.16712188720703,18.399999618530273,19.82849988937378,-0.049103021210643055
2021-05-25,85.37910461425781,60.71035385131836,18.84000015258789,19.892499923706055,-0.29392259336002363
2021-05-26,85.58460235595703,60.48944091796875,17.360000610351562,19.896499919891358,-0.24533182865546777
2021-05-27,84.67220306396484,61.215660095214844,16.739999771118164,19.852999877929687,-0.43745023868251315
2021-05-28,85.31333923339844,61.60909652709961,16.760000228881836,19.7604998588562,-0.38629301619697287
2021-06-01,87.6642074584961,61.532310485839844,17.899999618530273,19.739999866485597,-0.057753987988395976
2021-06-02,88.83963775634766,61.527565002441406,17.479999542236328,19.639999866485596,0.10339342926447236
2021-06-03,88.4368667602539,60.27518844604492,18.040000915527344,19.58449993133545,0.16451222314359323
2021-06-04,89.14378356933594,62.12672424316406,16.420000076293945,19.485999965667723,0.08939118547224116
2021-06-07,88.56837463378906,61.58349609375,16.420000076293945,19.472499942779542,0.06111691383814998
2021-06-08,89.37391662597656,60.4429931640625,17.06999969482422,19.342999935150146,0.2770598336276155
2021-06-09,88.59305572509766,60.114967346191406,17.889999389648438,19.145499897003173,0.20073084428397198
2021-06-10,89.11089324951172,60.748268127441406,16.100000381469727,18.570999908447266,0.21277755047548408
2021-06-11,88.69990539550781,60.875308990478516,15.649999618530273,18.196999931335448,0.14480054153204203
2021-06-14,88.74921417236328,61.646080017089844,16.389999389648438,18.07599992752075,0.08003557078617542
2021-06-15,90.66445922851562,61.12739944458008,17.020000457763672,17.94099998474121,0.39001111443990144
2021-06-16,90.14657592773438,60.67711639404297,18.149999618530273,17.78149995803833,0.3609790874173184
2021-06-17,88.00944519042969,60.77592086791992,17.75,17.55999994277954,0.05961996215389217
2021-06-18,84.68863677978516,58.19964599609375,20.700000762939453,17.561499977111815,-0.15539940017422088
2021-06-21,87.1710205078125,58.76582717895508,17.889999389648438,17.448499965667725,0.13147083722468733
2021-06-22,87.45870208740234,59.066959381103516,16.65999984741211,17.361499977111816,0.14286636521812998
2021-06-23,87.35186004638672,59.297794342041016,16.31999969482422,17.235499954223634,0.10684350991211025
2021-06-24,88.0669937133789,60.32373809814453,15.970000267028809,17.165999937057496,0.10943835952829443
2021-06-25,88.1985092163086,59.88866424560547,15.619999885559082,17.10999994277954,0.1677824276820618
2021-06-28,85.47774505615234,61.45798110961914,15.760000228881836,17.05999994277954,-0.34979572931259956
2021-06-29,85.28868865966797,61.91680908203125,16.020000457763672,16.96599998474121,-0.41821063829828636
2021-06-30,86.09423065185547,61.813262939453125,15.829999923706055,16.883500003814696,-0.29846907404681605
2021-07-01,87.30255126953125,60.13850784301758,15.479999542236328,16.755499935150148,0.02210659407057698
2021-07-02,87.18745422363281,59.98365783691406,15.069999694824219,16.68799991607666,0.020736161590262845
2021-07-06,85.47774505615234,59.07740020751953,16.440000534057617,16.688999938964844,-0.12894264016097948
2021-07-07,84.60643768310547,58.288002014160156,16.200000762939453,16.645499992370606,-0.17483485669594864
2021-07-08,84.3351821899414,57.56983947753906,19.0,16.701000022888184,-0.1452955174003237
2021-07-09,85.54349517822266,58.21770095825195,16.18000030517578,16.705000019073488,-0.04019647044029187
2021-07-12,85.71610260009766,59.41178512573242,16.170000076293945,16.73100004196167,-0.12737573895953
2021-07-13,85.42842864990234,59.340545654296875,17.1200008392334,16.767500114440917,-0.1600980097276018
2021-07-14,83.81735229492188,58.695526123046875,16.329999923706055,16.733000087738038,-0.3205273199006941
2021-07-15,83.2666015625,58.01726150512695,17.010000228881836,16.676000118255615,-0.33290256551560615
2021-07-16,81.06370544433594,55.90266799926758,18.450000762939453,16.711000156402587,-0.43791019828884253
2021-07-19,78.87725067138672,56.19144821166992,22.5,16.801000118255615,-0.7636375795671753
2021-07-20,79.34575653076172,57.6705207824707,19.729999542236328,16.89300012588501,-0.8368001899875104
2021-07-21,82.05007934570312,60.53557205200195,17.90999984741211,16.95550012588501,-0.7328585499945959
2021-07-22,81.22810363769531,60.41018295288086,17.690000534057617,17.02400016784668,-0.8336080075519465
2021-07-23,81.260986328125,60.82246398925781,17.200000762939453,17.08550019264221,-0.8673606753561374
2021-07-26,82.97893524169922,60.833866119384766,17.579999923706055,17.18350019454956,-0.6335370939821814
2021-07-27,82.69944763183594,59.142948150634766,19.360000610351562,17.36350021362305,-0.5148780481636283
2021-07-28,83.16797637939453,60.32183837890625,18.309999465942383,17.478000164031982,-0.5601887812575517
2021-07-29,84.3105239868164,58.86177062988281,17.700000762939453,17.57150020599365,-0.2685228700994901
2021-07-30,83.68582153320312,60.550777435302734,18.239999771118164,17.709500217437743,-0.510627273872776
2021-08-02,83.5378646850586,60.96780776977539,19.459999084472656,17.929000186920167,-0.569545288222248
2021-08-03,84.3351821899414,61.32119369506836,18.040000915527344,18.00900020599365,-0.49331904674670835
2021-08-04,82.44463348388672,61.72586441040039,17.969999313354492,18.097500133514405,-0.7893410458691024
2021-08-05,83.2090835571289,61.33448791503906,17.280000686645508,18.01150016784668,-0.6485148307344726
2021-08-06,83.80089569091797,61.55297088623047,16.149999618530273,18.010000133514403,-0.5878703708848885
2021-08-09,82.40352630615234,60.84431076049805,16.719999313354492,18.03750009536743,-0.7131771251497186
2021-08-10,83.90777587890625,58.62807083129883,16.790000915527344,18.021000099182128,-0.3019064134511356
2021-08-11,84.54067993164062,57.80636978149414,16.170000076293945,18.013000106811525,-0.13914302983272842
2021-08-12,84.36807250976562,55.430545806884766,15.59000015258789,17.942000102996825,0.05766951632377627
2021-08-13,83.80912780761719,55.13606643676758,15.449999809265137,17.79200005531311,0.008569153614301868
2021-08-16,82.95426177978516,55.939720153808594,16.1200008392334,17.47300009727478,-0.18286701113464124
2021-08-17,82.79810333251953,55.00116729736328,17.90999984741211,17.382000112533568,-0.11714515417297802
2021-08-18,80.55714416503906,54.100608825683594,21.56999969482422,17.565000104904176,-0.33998623804205824
2021-08-19,78.5494613647461,54.82543182373047,21.670000076293945,17.76400008201599,-0.6817244579596758
2021-08-20,78.55781555175781,53.764339447021484,18.559999465942383,17.832000017166138,-0.5821417758258601
2021-08-23,80.5821304321289,55.50558853149414,17.149999618530273,17.81050000190735,-0.46691392781314933
2021-08-24,81.50685119628906,55.62718200683594,17.219999313354492,17.703499937057494,-0.3517648315110143
2021-08-25,82.06500244140625,55.93022155761719,16.790000915527344,17.627500009536742,-0.3035671035118938
2021-08-26,80.9903564453125,55.60533905029297,18.84000015258789,17.684499979019165,-0.4203545883822287
2021-08-27,82.17326354980469,57.90802001953125,16.389999389648438,17.591999959945678,-0.47225127536502265
2021-08-30,81.96501922607422,57.75602722167969,16.190000534057617,17.428500032424928,-0.486622059860103
2021-08-31,80.61546325683594,57.45487976074219,16.479999542236328,17.350499963760377,-0.6431977484808361
2021-09-01,79.73241424560547,56.97611618041992,16.110000610351562,17.25750002861023,-0.7195137392326321
2021-09-02,81.39854431152344,57.196502685546875,16.40999984741211,17.21399998664856,-0.5121629934252229
2021-09-03,81.21526336669922,58.01441192626953,16.40999984741211,17.22699999809265,-0.6131012358039697
2021-09-07,80.8570556640625,56.35009765625,18.139999389648438,17.298000001907347,-0.5076730563417213
2021-09-08,80.29891204833984,55.43339157104492,17.959999084472656,17.356499910354614,-0.49893819578016496
2021-09-09,79.97401428222656,56.38999557495117,18.799999237060547,17.487999868392944,-0.6321056689584335
2021-09-10,80.03231048583984,56.81747817993164,20.950000762939453,17.755999898910524,-0.6637940424073844
2021-09-13,81.61514282226562,57.83012008666992,19.3700008392334,17.951999950408936,-0.5413316573716186
2021-09-14,80.1406021118164,57.329498291015625,19.459999084472656,18.118999862670897,-0.6964897211580321
2021-09-15,81.84008026123047,58.08945846557617,18.18000030517578,18.13249988555908,-0.5346373041083108
2021-09-16,81.07363891601562,58.502689361572266,18.690000534057617,17.988499927520753,-0.6777632632295024
2021-09-17,80.60713958740234,57.850074768066406,20.809999465942383,17.945499897003174,-0.6809991133951752
2021-09-20,78.95767211914062,56.03851318359375,25.709999084472656,18.302999877929686,-0.7384539929695823
2021-09-21,79.01598358154297,55.68798065185547,24.360000610351562,18.663499927520753,-0.6979616593500007
2021-09-22,81.3402328491211,57.101505279541016,20.8700008392334,18.846000003814698,-0.5113222797312107
2021-09-23,83.35624694824219,58.190147399902344,18.6299991607666,18.93799991607666,-0.3366851739646054
2021-09-24,83.80609893798828,58.18255615234375,17.75,18.883499908447266,-0.2744762551062609
2021-09-27,85.78045654296875,58.724395751953125,18.760000228881836,19.001999950408937,-0.054806122417133334
2021-09-28,86.10533142089844,55.80089569091797,23.25,19.354999923706053,0.26083262081099273
2021-09-29,86.08035278320312,54.04297637939453,22.559999465942383,19.658999919891357,0.42050453924285663
2021-09-30,84.51420593261719,54.199153900146484,23.139999389648438,20.0104998588562,0.19188880877746545
2021-10-01,86.91339111328125,54.25438690185547,21.100000381469727,20.244999885559082,0.5147860545775039
2021-10-04,87.23829650878906,52.38887023925781,22.959999084472656,20.57249984741211,0.7322769176738099
2021-10-05,88.18798828125,52.9373779296875,21.299999237060547,20.730499839782716,0.8112340847210562
2021-10-06,87.41326141357422,52.54027557373047,21.0,20.88249988555908,0.742152174499017
2021-10-07,88.03803253173828,52.92975997924805,19.540000915527344,20.919499969482423,0.7914385751027118
2021-10-08,90.01241302490234,52.39076614379883,18.770000457763672,20.810499954223634,1.1113837509021245
2021-10-11,89.24597930908203,52.60789489746094,20.0,20.84199991226196,0.986451774217606
2021-10-12,89.26264190673828,52.06889724731445,19.850000381469727,20.861499977111816,1.038734223754999
2021-10-13,89.79582977294922,51.843204498291016,18.639999389648438,20.884499931335448,1.1325708700693427
2021-10-14,90.6455307006836,54.082969665527344,16.860000610351562,20.792999935150146,1.0409544459556883
2021-10-15,91.31198120117188,53.75348663330078,16.299999237060547,20.567499923706055,1.1626399366622175
2021-10-18,91.27032470703125,54.15629959106445,16.309999465942383,20.097499942779542,1.1195745033511906
2021-10-19,93.05309295654297,54.359134674072266,15.699999809265137,19.66449990272522,1.3445005474317333
2021-10-20,94.26936340332031,53.8515739440918,15.489999771118164,19.395499849319457,1.5578792751915393
2021-10-21,93.08641052246094,52.89167404174805,15.010000228881836,19.21449990272522,1.4851961818335702
2021-10-22,93.96946716308594,53.01736831665039,15.430000305175781,19.098499917984007,1.594268433847482
2021-10-25,94.84416198730469,52.563133239746094,15.239999771118164,18.922499895095825,1.7559990952148663
2021-10-26,95.05243682861328,52.27458572387695,15.979999542236328,18.558999872207643,1.8112441981957836
2021-10-27,93.36131286621094,52.72025680541992,16.979999542236328,18.279999876022337,1.5386842286072826
2021-10-28,94.23602294921875,53.894432067871094,16.530000686645508,17.949499940872194,1.5493448351239512
2021-10-29,95.3773193359375,53.667781829833984,16.260000228881836,17.707499933242797,1.7264121154292198
2021-11-01,95.41065216064453,54.542930603027344,16.40999984741211,17.379999971389772,1.649779467884596
2021-11-02,94.82750701904297,54.68386459350586,16.030000686645508,17.116500043869017,1.55697586860413
2021-11-03,94.14440155029297,55.36570358276367,15.100000381469727,16.821500062942505,1.4003242386989163
2021-11-04,94.56092834472656,57.01599884033203,15.4399995803833,16.616499996185304,1.3041701439775306
2021-11-05,95.58558654785156,58.16254806518555,16.479999542236328,16.501999950408937,1.3378948994715265
2021-11-08,95.9271469116211,58.00066375732422,17.219999313354492,16.36299991607666,1.3996121669761494
2021-11-09,96.63524627685547,59.223388671875,17.780000686645508,16.259499931335448,1.3829893393429074
2021-11-10,95.0940933227539,57.687355041503906,18.729999542236328,16.263999938964844,1.314781943284732
2021-11-11,95.10242462158203,58.441566467285156,17.65999984741211,16.30399990081787,1.2459507304026054
2021-11-12,95.16073608398438,59.46241760253906,16.290000915527344,16.30349998474121,1.1592159998211031
2021-11-15,97.31835174560547,60.018550872802734,16.489999771118164,16.3125,1.4026154746533361
2021-11-16,97.70157623291016,60.39945602416992,16.3700008392334,16.346000051498415,1.4196730611829709
2021-11-17,97.26338958740234,60.05378341674805,17.110000610351562,16.427000093460084,1.3918323184231132
2021-11-18,96.44596862792969,60.546119689941406,17.59000015258789,16.556000089645387,1.2343975000378877
2021-11-19,94.3055419921875,61.374610900878906,17.90999984741211,16.680000066757202,0.8648926917358509
2021-11-22,95.99092102050781,61.584102630615234,19.170000076293945,16.87650008201599,1.075885932438526
2021-11-23,98.00495147705078,62.976341247558594,19.3799991607666,17.046500062942506,1.2220863421070245
2021-11-24,98.75493621826172,62.9258918762207,18.579999923706055,17.12650008201599,1.3293060739770002
2021-11-26,96.49654388427734,61.13462829589844,28.6200008392334,17.731000089645384,1.1867146748717474
2021-11-29,96.78302764892578,64.80662536621094,22.959999084472656,18.066000032424927,0.8852219575203415
2021-11-30,95.1145248413086,64.74092102050781,27.190000534057617,18.605000066757203,0.6631965130520009
2021-12-01,94.46564483642578,66.04362487792969,31.1200008392334,19.359500074386595,0.4536249017347727
2021-12-02,97.02742767333984,62.995384216308594,27.950000762939453,20.002000093460083,1.0866706765749468
2021-12-03,96.41224670410156,62.99062728881836,30.670000076293945,20.763500118255614,1.0030032256016082
2021-12-06,97.9206771850586,63.5705680847168,27.18000030517578,21.29850015640259,1.1554361226208436
2021-12-07,99.37010955810547,67.24541473388672,21.889999389648438,21.532000160217287,1.0126796861636795
2021-12-08,99.81672668457031,67.99581146240234,19.899999618530273,21.638000106811525,1.0041256824381701
2021-12-09,99.55549621582031,66.60169219970703,21.579999923706055,21.78050012588501,1.0977460421885945
2021-12-10,99.72402954101562,67.22732543945312,18.690000534057617,21.832000160217284,1.062746523363593
2021-12-13,97.65101623535156,65.22848510742188,20.309999465942383,22.03300008773804,0.9647579839608585
2021-12-14,97.9375228881836,64.8219223022461,21.889999389648438,22.303000068664552,1.041647701162083
2021-12-15,97.38134765625,66.54933166503906,19.290000915527344,22.449000072479247,0.8053497635853596
2021-12-16,98.29145050048828,64.06511688232422,20.56999969482422,22.62200002670288,1.1602483241175992
2021-12-17,95.72968292236328,63.86374282836914,21.56999969482422,22.821000003814696,0.8286804004401047
2021-12-20,95.77181243896484,63.091636657714844,22.8700008392334,23.069000053405762,0.9060708613459081
2021-12-21,97.30549621582031,65.19031524658203,21.010000228881836,23.161000061035157,0.9210589242252836
2021-12-22,97.86168670654297,65.96813201904297,18.6299991607666,23.123500061035156,0.9249421750716041
2021-12-23,98.09764862060547,66.68390655517578,17.959999084472656,23.092500019073487,0.8907989689465644
2021-12-27,100.1032485961914,69.03929138183594,17.68000030517578,22.545499992370605,0.9464930028357282
2021-12-28,99.90943145751953,68.34260559082031,17.540000915527344,22.27450008392334,0.984627410585469
2021-12-29,99.39537811279297,69.35901641845703,16.950000762939453,21.762500095367432,0.8200497660757837
2021-12-30,98.95718383789062,68.5554428100586,17.329999923706055,21.073000049591066,0.8346887253516474
2021-12-31,98.8897705078125,68.63367462158203,17.219999313354492,20.536499977111816,0.8182140589200877
