Date,INTC,AMD,VIX,AvgVIX,zscore
2022-01-31,45.27891540527344,114.25,24.829999923706055,23.18100004196167,1.7713898320518366
2022-02-01,45.39947509765625,116.77999877929688,21.959999084472656,23.448999977111818,1.7246218897284578
2022-02-02,45.918861389160156,122.76000213623047,22.09000015258789,23.707999992370606,1.6606986981150818
2022-02-03,44.778076171875,120.08000183105469,24.350000381469727,23.939000034332274,1.5087735155573707
2022-02-04,44.86685562133789,123.5999984741211,23.219999313354492,24.119499969482423,1.4280035590801154
2022-02-07,45.025726318359375,123.66999816894531,22.860000610351562,24.324499988555907,1.4576401121677827
2022-02-08,45.614479064941406,128.22999572753906,21.440000534057617,24.426500034332275,1.447217281638622
2022-02-09,46.64247131347656,132.85000610351562,19.959999084472656,24.503999996185303,1.5224658720561732
2022-02-10,45.66121292114258,125.7699966430664,23.90999984741211,24.818499946594237,1.52529678968936
2022-02-11,44.5117301940918,113.18000030517578,27.360000610351562,25.171000003814697,1.648742353996609
2022-02-14,44.465003967285156,114.2699966430664,28.329999923706055,25.62799997329712,1.6089719749683258
2022-02-15,45.26870346069336,121.47000122070312,25.700000762939453,25.773499965667725,1.567475491185789
2022-02-16,45.072444915771484,117.69000244140625,24.290000915527344,25.795499992370605,1.6341416913302926
2022-02-17,44.45566177368164,112.37000274658203,28.110000610351562,25.92150001525879,1.6602412047854544
2022-02-18,42.09130096435547,113.83000183105469,27.75,25.866499996185304,1.1492278941994885
2022-02-22,41.76421356201172,115.6500015258789,28.809999465942383,25.811999988555907,1.0332912765848623
2022-02-23,41.726829528808594,109.76000213623047,31.020000457763672,25.805000019073486,1.1905513125112883
2022-02-24,43.661312103271484,116.61000061035156,30.31999969482422,25.723000049591064,1.3837150772486968
2022-02-25,44.58649444580078,121.05999755859375,27.59000015258789,25.57800006866455,1.443272213284398
2022-02-28,44.5771484375,123.33999633789062,30.149999618530273,25.70250005722046,1.3776609649764728
2022-03-01,43.75476837158203,113.83000183105469,33.31999969482422,26.127000045776366,1.4800337872092624
2022-03-02,45.670555114746094,118.27999877929688,30.739999771118164,26.566000080108644,1.7365877336109412
2022-03-03,44.79209518432617,111.9800033569336,30.479999542236328,26.985500049591064,1.7380511730548074
2022-03-04,44.92293167114258,108.41000366210938,31.979999542236328,27.367000007629393,1.863893282275373
2022-03-07,44.5584602355957,102.94999694824219,36.45000076293945,28.028500080108643,1.9440836659409402
2022-03-08,44.39025115966797,105.52999877929688,35.130001068115234,28.642000102996825,1.8384914743469174
2022-03-09,44.5117301940918,111.05000305175781,32.45000076293945,29.192500114440918,1.7083007075286758
2022-03-10,43.60523986816406,106.45999908447266,30.229999542236328,29.706000137329102,1.6563755992758127
2022-03-11,42.8295783996582,104.29000091552734,30.75,30.048000144958497,1.5628003201824805
2022-03-14,41.493202209472656,102.25,31.770000457763672,30.268500137329102,1.354083412494853
2022-03-15,41.87635803222656,109.33000183105469,29.829999923706055,30.3435001373291,1.232310879947613
2022-03-16,43.577205657958984,115.37000274658203,26.670000076293945,30.392000102996825,1.4016616800968633
2022-03-17,44.05381774902344,111.69000244140625,25.670000076293945,30.461000061035158,1.5993423523348487
2022-03-18,44.3435173034668,113.45999908447266,23.8700008392334,30.249000072479248,1.6074614092000634
2022-03-21,44.287445068359375,115.91999816894531,23.530000686645508,30.038000106811523,1.5275248219183615
2022-03-22,45.22197723388672,114.77999877929688,22.940000534057617,29.744500160217285,1.7452471381074735
2022-03-23,45.10983657836914,113.91999816894531,23.56999969482422,29.37200012207031,1.7469933393431605
2022-03-24,48.24051284790039,120.52999877929688,21.670000076293945,28.9395001411438,2.1847492340567913
2022-03-25,48.436767578125,119.66999816894531,20.809999465942383,28.600500106811523,2.2478245665621017
2022-03-28,48.13771438598633,120.23999786376953,19.6299991607666,28.07450008392334,2.1724151101703972
2022-03-29,48.82926940917969,123.2300033569336,18.899999618530273,27.353500080108642,2.2263357360223783
2022-03-30,48.06295394897461,119.22000122070312,19.329999923706055,26.78300008773804,2.1860687003743977
2022-03-31,46.31538391113281,109.33999633789062,20.559999465942383,26.28700008392334,2.1147994909384193
2022-04-01,44.96031188964844,108.19000244140625,19.6299991607666,25.669500064849853,1.8774785185715315
2022-04-04,45.97895431518555,110.52999877929688,18.56999969482422,24.77550001144409,2.0146208324428443
2022-04-05,44.97900390625,106.81999969482422,21.030000686645508,24.070499992370607,1.9195033232775074
2022-04-06,44.42762756347656,103.66999816894531,22.100000381469727,23.55299997329712,1.8979331301503801
2022-04-07,44.446327209472656,103.72000122070312,21.549999237060547,23.11899995803833,1.9002536697256986
2022-04-08,43.94166946411133,101.0,21.15999984741211,22.639499950408936,1.8759506416119744
2022-04-11,43.52113723754883,97.37000274658203,24.3700008392334,22.26949996948242,1.8938222974581678
2022-04-12,43.455711364746094,95.0999984741211,24.260000228881836,21.99099998474121,1.9442845520892547
2022-04-13,43.93232345581055,97.73999786376953,21.81999969482422,21.748499965667726,1.9652472611735885
2022-04-14,42.6800537109375,93.05999755859375,22.700000762939453,21.6,1.8470750868363255
2022-04-18,43.586544036865234,93.88999938964844,22.170000076293945,21.51499996185303,2.0041362632937796
2022-04-19,44.79209518432617,96.93000030517578,21.3700008392334,21.40699996948242,2.158874909318746
2022-04-20,44.96031188964844,94.0199966430664,20.31999969482422,21.27599992752075,2.2736960317794486
2022-04-21,44.39025115966797,89.8499984741211,22.68000030517578,21.23149995803833,2.2769310075716684
2022-04-22,43.493099212646484,88.13999938964844,28.209999084472656,21.558499908447267,2.1463331334011997
2022-04-25,43.979061126708984,90.69000244140625,27.020000457763672,21.86899995803833,2.1716716485443435
2022-04-26,42.539878845214844,85.16000366210938,33.52000045776367,22.563500022888185,2.0400964684350558
2022-04-27,42.259517669677734,84.91000366210938,31.600000381469727,23.198500061035155,1.9913327940075178
2022-04-28,43.773460388183594,89.63999938964844,29.989999771118164,23.73150005340576,2.1601446773526924
2022-04-29,40.736228942871094,85.5199966430664,33.400001525878906,24.37350015640259,1.6713471285458135
2022-05-02,42.016536712646484,89.83999633789062,32.34000015258789,25.00900020599365,1.80516132288432
2022-05-03,42.1099853515625,91.12999725341797,29.25,25.54300022125244,1.7876743873265226
2022-05-04,43.493099212646484,99.41999816894531,25.420000076293945,25.762500190734862,1.8309251421183037
2022-05-05,42.00957107543945,93.87000274658203,31.200000762939453,26.21750020980835,1.6910902517163613
2022-05-06,41.72699737548828,95.33999633789062,30.190000534057617,26.6495002746582,1.5937926306894807
2022-05-09,40.56843566894531,86.36000061035156,34.75,27.3290002822876,1.61449093141867
2022-05-10,41.45384216308594,88.7300033569336,32.9900016784668,27.76000032424927,1.7242982156551199
2022-05-11,40.34238052368164,87.91999816894531,32.560001373291016,28.175000381469726,1.5259162236332537
2022-05-12,40.35179901123047,87.05999755859375,31.770000457763672,28.6725004196167,1.5518363165249434
2022-05-13,41.067649841308594,95.12000274658203,28.8700008392334,28.981000423431396,1.4688227018651712
2022-05-16,40.577857971191406,94.23999786376953,27.469999313354492,29.246000385284425,1.3960265463652903
2022-05-17,41.821189880371094,102.47000122070312,26.100000381469727,29.48250036239624,1.4131571597209516
2022-05-18,39.89025115966797,96.27999877929688,30.959999084472656,30.01450033187866,1.2022435304546237
2022-05-19,39.57000732421875,96.66999816894531,29.350000381469727,30.34800033569336,1.127653106407579
2022-05-20,39.23091506958008,93.5,29.43000030517578,30.409000396728516,1.148857985742641
2022-05-23,39.560585021972656,95.06999969482422,28.479999542236328,30.48200035095215,1.1705180220822455
2022-05-24,39.249752044677734,91.16000366210938,29.450000762939453,30.278500366210938,1.218034291710379
2022-05-25,39.748966217041016,92.6500015258789,28.3700008392334,30.117000389099122,1.2756477724708515
2022-05-26,40.954627990722656,98.75,27.5,29.992500400543214,1.3448456710694499
2022-05-27,41.96247482299805,102.26000213623047,25.719999313354492,29.608500289916993,1.4471257601283163
2022-05-31,41.840030670166016,101.86000061035156,26.190000534057617,29.301000308990478,1.4339605951859284
2022-06-01,41.54803466796875,101.22000122070312,25.690000534057617,29.12300033569336,1.3937882054697115
2022-06-02,42.235633850097656,108.58999633789062,24.719999313354492,29.088000297546387,1.3244501768671688
2022-06-03,40.86985397338867,106.30000305175781,24.790000915527344,28.76750030517578,1.1168761099208906
2022-06-06,40.82275390625,105.6500015258789,25.06999969482422,28.51150026321411,1.125684692924515
2022-06-07,41.0017204284668,105.27999877929688,24.020000457763672,27.975000286102294,1.1716208258840277
2022-06-08,38.83530807495117,101.9000015258789,23.959999084472656,27.523500156402587,0.8353071349676635
2022-06-09,37.68616485595703,98.80000305175781,26.09000015258789,27.200000095367432,0.6934637007943489
2022-06-10,36.90437316894531,94.81999969482422,27.75,26.999000072479248,0.6492801641446073
2022-06-13,35.57627487182617,86.98999786376953,34.02000045776367,27.256500053405762,0.6041077358511366
2022-06-14,35.72697830200195,86.98999786376953,32.689998626708984,27.517500019073488,0.6340774139959309
2022-06-15,36.4051628112793,89.30000305175781,29.6200008392334,27.69350004196167,0.7043530765167624
2022-06-16,35.171241760253906,82.05000305175781,32.95000076293945,27.79300012588501,0.6616913918384038
2022-06-17,34.82273483276367,81.56999969482422,31.1299991607666,27.882000064849855,0.6058071800071071
2022-06-21,35.53859329223633,83.79000091552734,30.190000534057617,27.920000076293945,0.6860915470850697
2022-06-22,35.208927154541016,83.75,28.950000762939453,27.943500137329103,0.6216508957865228
2022-06-23,35.237178802490234,82.43000030517578,29.049999237060547,27.923500061035156,0.6641786085982946
2022-06-24,36.36747741699219,87.08000183105469,27.229999542236328,27.866499996185304,0.7589337783119692
2022-06-27,36.386322021484375,86.16000366210938,26.950000762939453,27.839000034332276,0.7884060324799226
2022-06-28,35.58568572998047,80.77999877929688,28.360000610351562,27.971000099182127,0.7796213872925323
2022-06-29,35.124149322509766,77.98999786376953,28.15999984741211,28.069500064849855,0.7658510064010939
2022-06-30,35.237178802490234,76.47000122070312,28.709999084472656,28.220499992370605,0.8308303411083751
2022-07-01,34.22932815551758,73.66999816894531,26.700000762939453,28.319500064849855,0.7086967089280227
2022-07-05,34.558998107910156,75.19999694824219,27.540000915527344,28.457000064849854,0.7314752390425652
2022-07-06,34.84156799316406,75.3499984741211,26.729999542236328,28.54000005722046,0.7834742768934535
2022-07-07,35.92478561401367,79.30000305175781,26.079999923706055,28.643000030517577,0.8884397798852539
2022-07-08,35.78348922729492,79.3499984741211,24.639999389648438,28.677000045776367,0.8589428787452514
2022-07-11,35.03937530517578,76.94999694824219,26.170000076293945,28.68100004196167,0.7780725968159752
2022-07-12,35.04879379272461,76.36000061035156,27.290000915527344,28.65800008773804,0.7964429100595489
2022-07-13,35.04879379272461,77.5199966430664,26.81999969482422,28.298000049591064,0.7640074439098333
2022-07-14,35.51975631713867,78.5999984741211,26.399999618530273,27.98350009918213,0.8274668409720907
2022-07-15,36.37689971923828,81.11000061035156,24.229999542236328,27.714000034332276,0.9277389562669989
2022-07-18,36.461673736572266,81.43000030517578,25.299999237060547,27.33149995803833,0.9356498271392603
2022-07-19,37.883968353271484,85.87999725341797,24.5,27.0,1.0940653291811089
2022-07-20,38.2042236328125,89.43000030517578,23.8799991607666,26.68449993133545,1.0584888455341694
2022-07-21,38.251319885253906,91.08999633789062,23.110000610351562,26.392499923706055,1.0214383360933326
2022-07-22,36.92321014404297,88.0999984741211,23.030000686645508,26.091499996185302,0.8409288718321676
2022-07-25,36.88554000854492,87.54000091552734,23.360000610351562,25.898000049591065,0.8490960763995533
2022-07-26,36.6971549987793,85.25,24.690000534057617,25.785000038146972,0.8756651694341857
2022-07-27,37.84629440307617,89.81999969482422,23.239999771118164,25.528999996185302,0.9764041054239337
2022-07-28,37.40359115600586,91.66999816894531,22.329999923706055,25.2375,0.8366366947764875
2022-07-29,34.201072692871094,94.47000122070312,21.329999923706055,24.86850004196167,0.12147414230117426
2022-08-01,34.81330871582031,96.77999877929688,22.84000015258789,24.675500011444093,0.17863515469499577
2022-08-02,33.91849136352539,99.29000091552734,23.93000030517578,24.494999980926515,-0.06949687628780166
2022-08-03,34.39887237548828,98.08999633789062,21.950000762939453,24.25600004196167,0.059588396018397466
2022-08-04,33.927913665771484,103.91000366210938,21.440000534057617,24.024000072479247,-0.1968062586578845
2022-08-05,33.6710319519043,102.30999755859375,21.149999618530273,23.84950008392334,-0.20315221205129003
2022-08-08,33.66151809692383,100.06999969482422,21.290000915527344,23.60550012588501,-0.1424100292984852
2022-08-09,32.84328842163086,95.54000091552734,21.770000457763672,23.329500102996825,-0.17846100686987673
2022-08-10,33.65199661254883,99.05000305175781,19.739999771118164,22.975500106811523,-0.11578267724483536
2022-08-11,33.86131286621094,98.12000274658203,20.200000762939453,22.665500164031982,-0.04815255059730154
2022-08-12,34.35605239868164,100.83000183105469,19.530000686645508,22.43050022125244,-0.025542233779227073
2022-08-15,34.57487869262695,101.01000213623047,19.950000762939453,22.163000297546386,0.012941600655934974
2022-08-16,34.432167053222656,100.19999694824219,19.690000534057617,21.922500324249267,0.007210337744249148
2022-08-17,34.04207992553711,98.2699966430664,19.899999618530273,21.723500347137453,-0.016398345754072893
2022-08-18,34.441688537597656,100.44000244140625,19.559999465942383,21.546000289916993,0.0023928676438367312
2022-08-19,33.66151809692383,95.94999694824219,20.600000381469727,21.424500274658204,-0.02720773045032446
2022-08-22,32.196311950683594,92.83999633789062,23.799999237060547,21.44650020599365,-0.23162542681870307
2022-08-23,32.30097198486328,92.48999786376953,24.110000610351562,21.41750020980835,-0.2010256271261267
2022-08-24,32.21533966064453,92.7300033569336,22.81999969482422,21.396500205993654,-0.22476588494596775
2022-08-25,33.1953125,97.18000030517578,21.780000686645508,21.369000244140626,-0.1543128220334971
2022-08-26,31.73963165283203,91.18000030517578,25.559999465942383,21.580500221252443,-0.27602695864771337
2022-08-29,31.340030670166016,88.48999786376953,26.209999084472656,21.74900016784668,-0.2802766624115796
2022-08-30,30.693058013916016,86.94000244140625,26.209999084472656,21.863000106811523,-0.3655965397846201
2022-08-31,30.36957359313965,84.87000274658203,25.8700008392334,22.059000110626222,-0.37204563652653183
2022-09-01,30.217348098754883,82.33000183105469,25.559999465942383,22.26500005722046,-0.33129524565228424
2022-09-02,29.703571319580078,80.23999786376953,25.469999313354492,22.48100004196167,-0.3750275298369586
2022-09-06,28.885347366333008,78.72000122070312,26.90999984741211,22.761999988555907,-0.4952421594111172
2022-09-07,29.161264419555664,79.61000061035156,24.639999389648438,22.905499935150146,-0.4652577402993057
2022-09-08,29.25640106201172,82.77999877929688,23.610000610351562,23.098999977111816,-0.5349769180163055
2022-09-09,29.931917190551758,85.44999694824219,22.790000915527344,23.228499984741212,-0.47529792106064483
2022-09-12,30.02705955505371,84.63999938964844,23.8700008392334,23.445499992370607,-0.4337284968910091
2022-09-13,27.867319107055664,77.02999877929688,27.270000457763672,23.811499977111815,-0.650437274126964
2022-09-14,27.762662887573242,77.44999694824219,26.15999984741211,24.13499994277954,-0.6829936259821668
2022-09-15,27.43917465209961,76.66000366210938,26.270000457763672,24.45349998474121,-0.7252346421402807
2022-09-16,27.819747924804688,76.51000213623047,26.299999237060547,24.79049997329712,-0.6453575376580319
2022-09-19,28.010032653808594,76.7699966430664,25.760000228881836,25.048499965667723,-0.6147864034247444
2022-09-20,27.553348541259766,75.25,27.15999984741211,25.216499996185302,-0.6631033154113988
2022-09-21,27.08715057373047,74.4800033569336,27.989999771118164,25.41049995422363,-0.734283481011304
2022-09-22,26.70657730102539,69.5,27.350000381469727,25.636999988555907,-0.6707169054881015
2022-09-23,26.183292388916016,67.95999908447266,29.920000076293945,26.04399995803833,-0.7317190498260144
2022-09-26,25.66000747680664,66.30000305175781,32.2599983215332,26.37899990081787,-0.7893659261699866
2022-09-27,25.58388900756836,67.16999816894531,32.599998474121094,26.698499870300292,-0.8288297922921416
2022-09-28,25.81223487854004,68.36000061035156,30.18000030517578,26.89699993133545,-0.8166942257704491
2022-09-29,25.098665237426758,64.13999938964844,31.84000015258789,27.195499897003174,-0.8406000176085607
2022-09-30,24.518295288085938,63.36000061035156,31.6200008392334,27.498499965667726,-0.9342053482796974
2022-10-03,25.66000747680664,66.11000061035156,30.100000381469727,27.730000019073486,-0.7840531340717478
2022-10-04,26.354549407958984,67.9000015258789,29.06999969482422,27.83800001144409,-0.6959843427102167
2022-10-05,26.297462463378906,67.94000244140625,28.549999237060547,28.033500003814698,-0.7084554470616967
2022-10-06,25.85980796813965,67.8499984741211,30.520000457763672,28.378999996185303,-0.7929730615546603
2022-10-07,24.470720291137695,58.439998626708984,31.360000610351562,28.807499980926515,-0.80609472181427
2022-10-10,23.975980758666992,57.810001373291016,32.45000076293945,29.236499977111816,-0.8868654349438952
2022-10-11,23.823753356933594,57.630001068115234,33.630001068115234,29.554500007629393,-0.9121050627802902
2022-10-12,24.099666595458984,57.849998474121094,33.56999969482422,29.925,-0.8633870048780878
2022-10-13,25.136720657348633,58.939998626708984,31.940000534057617,30.2085000038147,-0.6876312321846272
2022-10-14,24.6514949798584,55.939998626708984,32.02000045776367,30.494500064849852,-0.7002406538049312
2022-10-17,25.136720657348633,57.959999084472656,31.3700008392334,30.77500009536743,-0.6602287746912598
2022-10-18,24.61343765258789,57.91999816894531,30.5,30.942000102996825,-0.7631730962950294
2022-10-19,24.73712158203125,57.22999954223633,30.760000228881836,31.08050012588501,-0.7192831208018992
2022-10-20,24.813236236572266,57.77000045776367,29.979999542236328,31.21200008392334,-0.7192459055354666
2022-10-21,25.66000747680664,58.81999969482422,29.690000534057617,31.200500106811525,-0.5802122835357449
2022-10-24,25.85980796813965,58.70000076293945,29.850000381469727,31.08000020980835,-0.5371235304692692
2022-10-25,26.078636169433594,61.470001220703125,28.459999084472656,30.87300024032593,-0.571060135341692
2022-10-26,25.888347625732422,59.72999954223633,27.280000686645508,30.728000259399415,-0.5602485051711171
2022-10-27,24.994009017944336,58.599998474121094,27.389999389648438,30.50550022125244,-0.7065046369536834
2022-10-28,27.658004760742188,62.0099983215332,25.75,30.212000179290772,-0.2720778152616699
2022-10-31,27.049091339111328,60.060001373291016,25.8799991607666,30.001000118255615,-0.3386443082949079
2022-11-01,26.925405502319336,59.65999984741211,25.809999465942383,29.838000106811524,-0.35205640105170705
2022-11-02,26.088150024414062,58.630001068115234,25.860000610351562,29.703500175476073,-0.48975691530587545
2022-11-03,26.059606552124023,60.11000061035156,25.299999237060547,29.442500114440918,-0.5368165302779312
2022-11-04,27.19263458251953,62.189998626708984,24.549999237060547,29.102000045776368,-0.3696568961480787
2022-11-07,27.395130157470703,63.08000183105469,24.350000381469727,28.69700002670288,-0.35427356571083884
2022-11-08,27.462631225585938,63.849998474121094,25.540000915527344,28.292500019073486,-0.3623803661662489
2022-11-09,26.536924362182617,59.91999816894531,26.09000015258789,27.91850004196167,-0.43658180359898263
2022-11-10,28.6969051361084,68.47000122070312,23.530000686645508,27.498000049591063,-0.24610930426668615
2022-11-11,29.342973709106445,72.37000274658203,22.520000457763672,27.023000049591065,-0.2266793936121904
2022-11-14,29.26582908630371,73.52999877929688,23.729999542236328,26.64099998474121,-0.2744562459088754
2022-11-15,29.61297035217285,76.37000274658203,24.540000915527344,26.34300003051758,-0.28483325614813537
2022-11-16,28.47512435913086,72.69999694824219,24.110000610351562,26.010500049591066,-0.4084916881515298
2022-11-17,28.822261810302734,73.9000015258789,23.93000030517578,25.708000087738036,-0.3730122788834853
2022-11-18,28.802976608276367,73.56999969482422,23.1200008392334,25.379500102996825,-0.367620022122442
2022-11-21,27.906200408935547,72.45999908447266,22.360000610351562,25.005000114440918,-0.5149201530917372
2022-11-22,28.754762649536133,75.25,21.290000915527344,24.646500205993654,-0.42418377587828976
2022-11-23,28.610122680664062,76.4000015258789,20.350000381469727,24.300000190734863,-0.4851036448654492
2022-11-25,28.291912078857422,75.13999938964844,20.5,23.955500221252443,-0.5131528744631578
2022-11-28,27.703702926635742,73.19000244140625,22.209999084472656,23.778500175476076,-0.5756020073958833
2022-11-29,27.867630004882812,73.38999938964844,21.889999389648438,23.579000186920165,-0.5485948604672359
2022-11-30,28.995832443237305,77.62999725341797,20.579999923706055,23.31750020980835,-0.44279214619153057
2022-12-01,28.764404296875,77.4800033569336,19.84000015258789,23.016500186920165,-0.48462108172381757
2022-12-02,28.35940933227539,74.9800033569336,19.059999465942383,22.704500198364258,-0.4952562532528266
2022-12-05,28.12798500061035,73.62000274658203,20.75,22.514500236511232,-0.5032505801423357
2022-12-06,27.578344345092773,70.2699966430664,22.170000076293945,22.405500221252442,-0.5188831364821526
2022-12-07,27.317989349365234,70.13999938964844,22.68000030517578,22.262500190734862,-0.5670237579098368
2022-12-08,27.424062728881836,70.47000122070312,22.290000915527344,22.072500228881836,-0.5551568604291892
2022-12-09,27.231204986572266,68.58999633789062,22.829999923706055,22.037500190734864,-0.540941426418084
2022-12-12,27.665130615234375,70.66999816894531,25.0,22.16150016784668,-0.51280908596437
2022-12-13,27.703702926635742,71.6500015258789,22.549999237060547,22.10250015258789,-0.5325409570496896
2022-12-14,27.250492095947266,68.93000030517578,21.139999389648438,21.932500076293945,-0.5466129806501812
2022-12-15,26.180145263671875,66.52999877929688,22.829999923706055,21.86850004196167,-0.6923596579356776
2022-12-16,25.958358764648438,65.41000366210938,22.6200008392334,21.803000068664552,-0.7051483172962904
2022-12-19,25.8330020904541,64.58999633789062,22.420000076293945,21.768000030517577,-0.7071486036107429
2022-12-20,25.495502471923828,65.05000305175781,21.479999542236328,21.723999977111816,-0.7871281277021446
2022-12-21,25.871570587158203,67.68000030517578,20.06999969482422,21.66299991607666,-0.7858804466168944
2022-12-22,25.042293548583984,63.86000061035156,21.969999313354492,21.743999862670897,-0.8439811455669777
2022-12-23,25.158008575439453,64.5199966430664,20.8700008392334,21.76249990463257,-0.8394240596112192
2022-12-27,25.013368606567383,63.27000045776367,21.649999618530273,21.73449993133545,-0.8332359020836335
2022-12-28,24.627655029296875,62.56999969482422,22.139999389648438,21.74699993133545,-0.8903677218918151
2022-12-29,25.273719787597656,64.81999969482422,21.440000534057617,21.789999961853027,-0.8248017149535615
2022-12-30,25.48586082458496,64.7699966430664,21.670000076293945,21.88149995803833,-0.7812160600668986
2023-01-03,25.775144577026367,64.0199966430664,22.899999618530273,22.073499965667725,-0.7027162906044289
2023-01-04,26.691211700439453,64.66000366210938,22.010000228881836,22.136499977111818,-0.5384380429738366
2023-01-05,26.57549285888672,62.33000183105469,22.459999084472656,22.15099992752075,-0.4962996790929307
2023-01-06,27.703702926635742,63.959999084472656,21.1299991607666,22.073499870300292,-0.31751538209517743
2023-01-09,28.262981414794922,67.23999786376953,21.969999313354492,22.05749979019165,-0.2980086714725375
2023-01-10,28.388338088989258,68.05000305175781,20.579999923706055,21.944999790191652,-0.29572870838163184
2023-01-11,28.783693313598633,69.05999755859375,21.09000015258789,21.749499797821045,-0.24534745321086965
2023-01-12,29.20797348022461,70.80000305175781,18.829999923706055,21.56349983215332,-0.20962638306661052
2023-01-13,29.034404754638672,71.0,18.350000381469727,21.423999881744386,-0.24973542987221523
2023-01-17,28.542621612548828,71.58999633789062,19.360000610351562,21.25049991607666,-0.36403131978087927
2023-01-18,27.780841827392578,70.52999877929688,20.34000015258789,21.136499881744385,-0.4858835231132644
2023-01-19,27.404773712158203,67.70999908447266,20.520000457763672,21.041499900817872,-0.48181841210027593
2023-01-20,28.176193237304688,70.06999969482422,19.850000381469727,20.95999994277954,-0.3943995003114046
2023-01-23,29.188690185546875,76.52999877929688,19.809999465942383,20.946999931335448,-0.3736816072821589
2023-01-24,28.8511905670166,74.69999694824219,19.200000762939453,20.808500003814697,-0.38962858941086564
2023-01-25,28.639049530029297,74.91000366210938,19.079999923706055,20.71899995803833,-0.4376882193972817
2023-01-26,29.015117645263672,75.16000366210938,18.729999542236328,20.572999954223633,-0.3698917586847555
2023-01-27,27.15406036376953,75.4000015258789,18.510000228881836,20.391499996185303,-0.746702164463544
2023-01-30,26.95156478881836,72.44999694824219,19.940000534057617,20.316499996185303,-0.7044843454767038
2023-01-31,27.250492095947266,75.1500015258789,19.399999618530273,20.202999973297118,-0.7205348160319245
2023-02-01,28.031553268432617,84.63999938964844,17.8700008392334,19.951500034332277,-0.8305653908899792
2023-02-02,29.111547470092773,88.30999755859375,18.729999542236328,19.7875,-0.7184114575970435
2023-02-03,29.236900329589844,86.08999633789062,18.329999923706055,19.58100004196167,-0.6314081096450654
2023-02-06,28.002227783203125,83.68000030517578,19.43000030517578,19.49600009918213,-0.809554000785729
2023-02-07,28.35359764099121,85.91000366210938,18.65999984741211,19.33050012588501,-0.8020334342177765
2023-02-08,27.56301498413086,84.69000244140625,19.6299991607666,19.28300008773804,-0.9251395532728722
2023-02-09,27.06524085998535,83.20999908447266,20.709999084472656,19.264000034332277,-0.9827461219030698
2023-02-10,27.133560180664062,81.4800033569336,20.530000686645508,19.34900007247925,-0.9207861527213151
2023-02-13,27.865583419799805,83.12999725341797,20.34000015258789,19.448500061035155,-0.8213487960965092
2023-02-14,27.95342445373535,85.94999694824219,18.90999984741211,19.426000022888182,-0.8827322630955813
2023-02-15,28.15839195251465,85.18000030517578,18.229999542236328,19.320499992370607,-0.8204409278563384
2023-02-16,27.523975372314453,80.08000183105469,20.170000076293945,19.30299997329712,-0.8039997019068591
2023-02-17,26.948116302490234,78.5,20.020000457763672,19.311499977111815,-0.8743385264735681
2023-02-21,25.43527603149414,76.7699966430664,22.8700008392334,19.46450004577637,-1.1268160711100554
2023-02-22,24.859418869018555,76.61000061035156,22.290000915527344,19.619000053405763,-1.2368602987236188
2023-02-23,24.996063232421875,79.75,21.139999389648438,19.72200002670288,-1.2974862153603857
2023-02-24,24.537328720092773,78.08999633789062,21.670000076293945,19.869000053405763,-1.3422960457726854
2023-02-27,24.303081512451172,78.7699966430664,20.950000762939453,19.99100008010864,-1.407893647188557
2023-02-28,24.332365036010742,78.58000183105469,20.700000762939453,20.029000091552735,-1.3967575926383116
2023-03-01,24.7227725982666,78.29000091552734,20.579999923706055,20.088000106811524,-1.311010167974647
2023-03-02,25.57192039489746,80.44000244140625,19.59000015258789,20.17400007247925,-1.2022618702666004
2023-03-03,25.767122268676758,81.5199966430664,18.489999771118164,20.16200008392334,-1.193641475775079
2023-03-06,25.366952896118164,81.16000366210938,18.610000610351562,20.176000118255615,-1.263155248285326
2023-03-07,24.917980194091797,82.11000061035156,19.59000015258789,20.184000110626222,-1.379003859168652
2023-03-08,25.35719108581543,85.37000274658203,19.110000610351562,20.206500148773195,-1.382815283158369
2023-03-09,25.80616569519043,84.02999877929688,22.610000610351562,20.35550022125244,-1.256061031996714
2023-03-10,26.56746482849121,82.66999816894531,24.799999237060547,20.560000228881837,-1.0666371402225319
2023-03-13,26.303937911987305,82.01000213623047,26.520000457763672,20.859500217437745,-1.1005888773389871
2023-03-14,27.33852767944336,87.44999694824219,23.729999542236328,21.029000186920165,-1.0469564319453912
2023-03-15,27.728939056396484,89.68000030517578,26.139999389648438,21.390500164031984,-1.0316718631759274
2023-03-16,29.45650863647461,96.5999984741211,22.989999771118164,21.628500175476074,-0.8816132174499768
2023-03-17,29.09537696838379,97.83999633789062,25.510000228881836,21.89550018310547,-0.9881022173817983
2023-03-20,28.46095848083496,96.80999755859375,24.149999618530273,22.102000141143797,-1.0854654990344865
2023-03-21,27.777738571166992,95.93000030517578,21.3799991607666,22.027500057220458,-1.1967279869360146
2023-03-22,27.455650329589844,97.58000183105469,22.260000228881836,22.026000022888184,-1.3069170065558895
2023-03-23,28.334075927734375,100.27999877929688,22.610000610351562,22.09950008392334,-1.207725180392092
2023-03-24,28.656164169311523,97.94999694824219,21.739999771118164,22.10300006866455,-1.0785221932600135
2023-03-27,28.480480194091797,96.61000061035156,20.600000381469727,22.085500049591065,-1.0759910527372143
2023-03-28,28.587846755981445,94.55999755859375,19.969999313354492,22.048999977111816,-0.9973179932382463
2023-03-29,30.764387130737305,96.08999633789062,19.1200008392334,21.976000022888183,-0.6072610802175747
2023-03-30,31.320720672607422,97.87999725341797,19.020000457763672,21.947500038146973,-0.546677137335387
2023-03-31,31.88681411743164,98.01000213623047,18.700000762939453,21.958000087738036,-0.43773597038903783
2023-04-03,32.10154342651367,96.55999755859375,18.549999237060547,21.955000019073488,-0.35448916927728996
2023-04-04,32.3065071105957,95.87000274658203,19.0,21.925500011444093,-0.2944355801987213
2023-04-05,32.0429801940918,92.55999755859375,19.079999923706055,21.923999977111816,-0.25428854470891027
2023-04-06,32.023460388183594,92.47000122070312,18.399999618530273,21.71349992752075,-0.25565390516151126
2023-04-10,31.74041175842285,95.4800033569336,18.969999313354492,21.42199993133545,-0.396107236909681
2023-04-11,31.574480056762695,94.02999877929688,19.100000381469727,21.050999927520753,-0.3885606900052112
2023-04-12,31.252399444580078,92.33000183105469,19.09000015258789,20.81899995803833,-0.40507652539386446
2023-04-13,31.35976219177246,92.08999633789062,17.799999237060547,20.401999950408936,-0.3770148411691282
2023-04-14,31.125513076782227,91.75,17.06999969482422,20.10599994659424,-0.4140919772875301
2023-04-17,31.36952018737793,89.87000274658203,16.950000762939453,19.67799997329712,-0.31299951022297645
2023-04-18,31.066953659057617,89.77999877929688,16.829999923706055,19.311999988555907,-0.3706528198685111
2023-04-19,30.403255462646484,89.94000244140625,16.459999084472656,19.06599998474121,-0.5071133151723594
2023-04-20,30.120208740234375,90.11000061035156,17.170000076293945,18.811499977111815,-0.5681549162414999
2023-04-21,29.57362937927246,88.43000030517578,16.770000457763672,18.51949996948242,-0.6298748958642157
2023-04-24,28.948972702026367,87.56999969482422,16.889999389648438,18.276999950408936,-0.7300503310328108
2023-04-25,28.187671661376953,83.80000305175781,18.760000228881836,18.18499994277954,-0.7760311354378148
2023-04-26,28.35359764099121,85.94000244140625,18.84000015258789,18.12849998474121,-0.802872251216262
2023-04-27,29.14417839050293,87.44000244140625,17.030000686645508,18.023999977111817,-0.6875957545602592
2023-04-28,30.315414428710938,89.37000274658203,15.779999732971191,17.86199994087219,-0.5086436830301693
2023-05-01,29.57362937927246,89.69000244140625,16.079999923706055,17.73099989891052,-0.6651067031167155
2023-05-02,29.056339263916016,89.91000366210938,17.780000686645508,17.692499971389772,-0.7741293500301188
2023-05-03,29.915239334106445,81.62000274658203,18.34000015258789,17.659499979019166,-0.3715214018178249
2023-05-04,30.615957260131836,86.61000061035156,20.09000015258789,17.709999990463256,-0.3717017882623394
2023-05-05,30.37095069885254,89.83999633789062,17.190000534057617,17.649500036239623,-0.5107412696036515
2023-05-08,30.155345916748047,95.04000091552734,16.979999542236328,17.550000047683717,-0.6990185633214386
2023-05-09,29.49873161315918,95.05999755859375,17.709999084472656,17.480499982833862,-0.8301554834976057
2023-05-10,29.371328353881836,97.0199966430664,16.940000534057617,17.37300000190735,-0.9102964818812889
2023-05-11,28.28350257873535,97.0999984741211,16.93000030517578,17.32950005531311,-1.1288642345685251
2023-05-12,28.371702194213867,95.26000213623047,17.030000686645508,17.327500104904175,-1.0598749606700397
2023-05-15,29.204721450805664,97.4000015258789,17.1200008392334,17.33600010871887,-0.9540543926350965
2023-05-16,28.636306762695312,101.4800033569336,17.989999771118164,17.39400010108948,-1.181176137425888
2023-05-17,28.29330062866211,103.75,16.8700008392334,17.414500188827514,-1.3128611195352649
2023-05-18,29.087120056152344,107.93000030517578,16.049999237060547,17.358500146865843,-1.2718779385865182
2023-05-19,29.33212661743164,105.81999969482422,16.809999465942383,17.36050009727478,-1.164155429619983
2023-05-22,29.67513656616211,108.0,17.209999084472656,17.37650008201599,-1.1568991880621817
2023-05-23,28.920516967773438,108.12000274658203,18.530000686645508,17.365000104904176,-1.3103222986312901
2023-05-24,28.420703887939453,108.2699966430664,20.030000686645508,17.424500131607054,-1.4139118460741127
2023-05-25,26.852664947509766,120.3499984741211,19.139999389648438,17.530000066757204,-2.0635177715069912
2023-05-26,28.420703887939453,127.02999877929688,17.950000762939453,17.638500118255614,-1.93847347999125
2023-05-30,29.390928268432617,125.2699966430664,17.459999084472656,17.707500076293947,-1.6963168883651265
2023-05-31,30.81196403503418,118.20999908447266,17.940000534057617,17.71550006866455,-1.2163126640610775
2023-06-01,30.508155822753906,119.47000122070312,15.649999618530273,17.58100004196167,-1.3119613730998527
2023-06-02,30.684560775756836,117.86000061035156,14.600000381469727,17.306500053405763,-1.2318621935909082
2023-06-05,29.263525009155273,117.93000030517578,14.729999542236328,17.183500003814697,-1.516414164005555
2023-06-06,30.341550827026367,124.2300033569336,13.960000038146973,17.03250002861023,-1.4781910929372106
2023-06-07,30.655160903930664,117.83000183105469,13.9399995803833,16.84400005340576,-1.2368699900046114
2023-06-08,31.184371948242188,121.05000305175781,13.649999618530273,16.679500007629393,-1.2216650156866582
2023-06-09,30.713960647583008,124.91999816894531,13.829999923706055,16.52449998855591,-1.423425144841545
2023-06-12,32.409400939941406,129.19000244140625,15.010000228881836,16.423499965667723,-1.2056575526084927
2023-06-13,33.23262023925781,124.52999877929688,14.609999656677246,16.297999906539918,-0.9116461805889079
2023-06-14,34.869266510009766,127.33000183105469,13.880000114440918,16.092499923706054,-0.6644669376912681
2023-06-15,35.10447311401367,124.23999786376953,14.5,15.973999881744385,-0.5312907357033243
2023-06-16,35.64347839355469,120.08000183105469,13.539999961853027,15.84849991798401,-0.3077807266327113
2023-06-20,34.30084991455078,118.93000030517578,13.880000114440918,15.701999950408936,-0.5426268972490338
2023-06-21,32.2427978515625,112.11000061035156,13.199999809265137,15.50149998664856,-0.761203158530929
2023-06-22,32.05659103393555,110.69999694824219,12.90999984741211,15.220499944686889,-0.7588071217872527
2023-06-23,32.34080123901367,110.01000213623047,13.4399995803833,14.890999889373779,-0.6829941520125877
2023-06-26,32.674007415771484,107.51000213623047,14.25,14.646499919891358,-0.5468267551674301
2023-06-27,33.418827056884766,110.38999938964844,13.739999771118164,14.435999870300293,-0.4792376288782273
2023-06-28,32.899417877197266,110.16999816894531,13.430000305175781,14.23449993133545,-0.576378465895896
2023-06-29,32.252601623535156,111.23999786376953,13.539999961853027,14.01449990272522,-0.734926769172293
2023-06-30,32.77201461791992,113.91000366210938,13.59000015258789,13.9114999294281,-0.7062914772754019
2023-07-03,32.94841384887695,115.81999969482422,13.569999694824219,13.859999895095825,-0.7246185412376124
2023-07-05,31.8605899810791,113.94999694824219,14.180000305175781,13.832499933242797,-0.8886604630782943
2023-07-06,31.331378936767578,113.4800033569336,15.4399995803833,13.906499910354615,-0.9807603377744228
2023-07-07,31.213775634765625,113.16999816894531,14.829999923706055,13.950999927520751,-0.995479276610921
2023-07-10,32.08599853515625,113.58000183105469,15.069999694824219,14.021999931335449,-0.8334888363020386
2023-07-11,32.63480758666992,111.31999969482422,14.84000015258789,14.07249994277954,-0.6611562651421219
2023-07-12,33.30122756958008,114.58000183105469,13.539999961853027,13.9989999294281,-0.6197836921485665
2023-07-13,33.19342041015625,115.91999816894531,13.609999656677246,13.948999929428101,-0.6786913733530205
2023-07-14,32.48780822753906,115.94000244140625,13.34000015258789,13.92199993133545,-0.8195724832416454
2023-07-17,33.683433532714844,118.31999969482422,13.479999542236328,13.870999908447265,-0.6483529152202028
2023-07-18,33.81083679199219,117.93000030517578,13.300000190734863,13.858999919891357,-0.6121117841811983
2023-07-19,33.771636962890625,116.43000030517578,13.760000228881836,13.852999925613403,-0.5779647121595283
2023-07-20,32.70341110229492,110.25,13.989999771118164,13.892499923706055,-0.6175943934152909
2023-07-21,33.34042739868164,110.94999694824219,13.600000381469727,13.926999950408936,-0.5104870841647862
2023-07-24,32.95821762084961,110.61000061035156,13.90999984741211,13.950499963760375,-0.5769884572649657
2023-07-25,33.418827056884766,113.0,13.859999656677246,13.930999946594238,-0.5522176943786806
2023-07-26,33.67363357543945,110.08999633789062,13.1899995803833,13.903499937057495,-0.4201768654377299
2023-07-27,33.85983657836914,111.0999984741211,14.40999984741211,13.952499914169312,-0.4113889363736939
2023-07-28,36.09429168701172,112.95999908447266,13.329999923706055,13.941999912261963,-0.01904220787862553
2023-07-31,35.05546951293945,114.4000015258789,13.630000114440918,13.943999910354615,-0.2658927812924918
2023-08-01,35.08486557006836,117.5999984741211,13.930000305175781,13.961999940872193,-0.3495242951774263
2023-08-02,33.703033447265625,109.3499984741211,16.09000015258789,14.057499933242799,-0.39363865051636737
2023-08-03,34.17344284057617,113.1500015258789,15.920000076293945,14.08149995803833,-0.40634512206848433
2023-08-04,34.56195068359375,115.81999969482422,17.100000381469727,14.194999980926514,-0.40374210494927854
2023-08-07,34.65047073364258,116.80999755859375,15.770000457763672,14.230000019073486,-0.41382056901015035
2023-08-08,34.44392395019531,113.2300033569336,15.989999771118164,14.2875,-0.35479281105974614
2023-08-09,33.716094970703125,110.47000122070312,15.960000038146973,14.408500003814698,-0.42235835285321954
2023-08-10,34.10951614379883,110.2300033569336,15.850000381469727,14.520500040054321,-0.33740979621134704
2023-08-11,34.31605911254883,107.56999969482422,14.84000015258789,14.595500040054322,-0.22195733716877306
2023-08-14,35.09306335449219,111.9800033569336,14.819999694824219,14.662500047683716,-0.19074939848621333
2023-08-15,34.198036193847656,111.3499984741211,16.459999084472656,14.820499992370605,-0.35112320504261285
2023-08-16,32.978431701660156,107.19000244140625,16.780000686645508,14.971500015258789,-0.47733960086881166
2023-08-17,32.044063568115234,104.44000244140625,17.889999389648438,15.166499996185303,-0.5862582838186701
2023-08-18,32.21126174926758,105.44999694824219,17.299999237060547,15.351499938964844,-0.5812495404142262
2023-08-21,32.5948486328125,108.22000122070312,17.1299991607666,15.512499904632568,-0.5824214723258845
2023-08-22,32.34896469116211,105.66000366210938,16.969999313354492,15.667999887466431,-0.5597373535166245
2023-08-23,33.4210319519043,109.43000030517578,15.979999542236328,15.807499885559082,-0.451955941231685
2023-08-24,32.05389404296875,101.80000305175781,17.200000762939453,15.94699993133545,-0.5104844612959593
2023-08-25,32.703041076660156,102.25,15.680000305175781,16.064499950408937,-0.3939743436159051
2023-08-28,33.066951751708984,102.61000061035156,15.079999923706055,16.136999940872194,-0.33167138006166
2023-08-29,33.74560546875,105.91999816894531,14.449999809265137,16.16299991607666,-0.28926389946276326
2023-08-30,33.96198272705078,106.58999633789062,13.880000114440918,16.05249991416931,-0.26496826857321637
2023-08-31,34.56195068359375,105.72000122070312,13.569999694824219,15.934999895095824,-0.12132893336900485
2023-09-01,36.00776672363281,109.44999694824219,13.09000015258789,15.734499883651733,0.06189662413405559
2023-09-05,36.10612106323242,110.77999877929688,14.010000228881836,15.646499872207642,0.04426676828621313
2023-09-06,36.37167739868164,109.27999877929688,14.449999809265137,15.56949987411499,0.13901925687720393
2023-09-07,37.551944732666016,106.58999633789062,14.399999618530273,15.491499853134155,0.448950490507682
2023-09-08,37.384735107421875,106.08999633789062,13.84000015258789,15.390999841690064,0.4296791556348501
2023-09-11,37.955196380615234,105.31999969482422,13.800000190734863,15.338999843597412,0.5646545085526495
2023-09-12,38.22075271606445,105.30999755859375,14.229999542236328,15.309499835968017,0.6177441173488383
2023-09-13,38.07322311401367,107.70999908447266,13.479999542236328,15.160499858856202,0.5212974702069346
2023-09-14,38.033878326416016,106.62999725341797,12.819999694824219,14.962499809265136,0.5436718503777783
2023-09-15,37.256874084472656,101.48999786376953,13.789999961853027,14.757499837875367,0.5328758364279401
2023-09-18,37.36506652832031,102.37000274658203,14.0,14.59249987602234,0.5297851194644901
2023-09-19,35.742210388183594,101.61000061035156,14.109999656677246,14.44149990081787,0.22830635206125713
2023-09-20,34.11935043334961,100.33999633789062,15.140000343322754,14.349999952316285,-0.05891264498590071
2023-09-21,34.08000946044922,96.11000061035156,17.540000915527344,14.428000020980836,0.05154169193067528
2023-09-22,33.61774444580078,96.19999694824219,17.200000762939453,14.428000020980836,-0.042903215440676504
2023-09-25,33.72593307495117,97.37999725341797,16.899999618530273,14.48899998664856,-0.05438307433064926
2023-09-26,33.273502349853516,95.95999908447266,18.940000534057617,14.682000017166137,-0.10465026305059896
2023-09-27,34.040672302246094,98.06999969482422,18.219999313354492,14.870499992370606,-0.011086017594335213
2023-09-28,34.601287841796875,102.76000213623047,17.34000015258789,15.043499994277955,-0.03073951946315762
2023-09-29,34.965206146240234,102.81999969482422,17.520000457763672,15.241000032424926,0.03995355795928156
2023-10-02,34.87668228149414,103.2699966430664,17.610000610351562,15.467000055313111,0.009766554165947511
2023-10-03,35.102901458740234,100.08000183105469,19.780000686645508,15.755500078201294,0.1439513835572815
2023-10-04,35.33895492553711,104.06999969482422,18.579999923706055,15.96200008392334,0.07932707892641865
2023-10-05,35.29960632324219,102.91000366210938,18.489999771118164,16.166500091552734,0.10393747470546769
2023-10-06,35.59467697143555,107.23999786376953,17.450000762939453,16.347000122070312,0.0415427606237447
2023-10-09,35.46681594848633,106.97000122070312,17.700000762939453,16.542000150680543,0.02366521024840126
2023-10-10,35.83073425292969,109.01000213623047,17.030000686645508,16.682000207901,0.0389940191312009
2023-10-11,36.27332305908203,108.30999755859375,16.09000015258789,16.81250023841858,0.14658288208147574
2023-10-12,36.233985900878906,108.79000091552734,16.690000534057617,17.00600028038025,0.12533837557481353
2023-10-13,35.3782958984375,105.08999633789062,19.31999969482422,17.28250026702881,0.0586297874726227
2023-10-16,35.95859146118164,106.45999908447266,17.209999084472656,17.44300022125244,0.13572280871647052
2023-10-17,35.46681594848633,105.13999938964844,17.8799991607666,17.63150019645691,0.07483518046474212
2023-10-18,35.0537223815918,102.16999816894531,19.219999313354492,17.835500144958495,0.07573151340571488
2023-10-19,35.083229064941406,102.4000015258789,21.399999618530273,18.028500080108643,0.07516808204704122
2023-10-20,34.3455696105957,101.80999755859375,21.709999084472656,18.253999996185303,-0.0550292470772088
2023-10-23,33.29317092895508,100.01000213623047,20.3700008392334,18.42750005722046,-0.21398385385619909
2023-10-24,34.020999908447266,101.66999816894531,18.969999313354492,18.428999996185304,-0.11566026657910557
2023-10-25,32.289947509765625,96.05999755859375,20.190000534057617,18.527500057220458,-0.3030412884356993
2023-10-26,31.985048294067383,93.66999816894531,20.68000030517578,18.694500064849855,-0.2968466965061778
2023-10-27,34.95536422729492,96.43000030517578,21.270000457763672,18.882000064849855,0.21667161603019394
2023-10-30,35.102901458740234,96.18000030517578,19.75,18.989000034332275,0.2530020733087186
2023-10-31,35.899574279785156,98.5,18.139999389648438,18.90699996948242,0.34656148234841927
2023-11-01,36.67658233642578,108.04000091552734,16.8700008392334,18.82150001525879,0.23432671296719973
2023-11-02,37.07984161376953,107.83000183105469,15.65999984741211,18.680000019073486,0.32039290985595326
2023-11-03,37.512596130371094,112.25,14.90999984741211,18.55299997329712,0.2828620709426617
2023-11-06,37.44845962524414,111.75,14.890000343322754,18.412499952316285,0.2840883998037522
2023-11-07,38.25762176513672,113.44999694824219,14.8100004196167,18.301499938964845,0.3974678341079412
2023-11-08,37.418853759765625,113.58999633789062,14.449999809265137,18.219499921798707,0.22675138774660855
2023-11-09,37.30044174194336,113.48999786376953,15.289999961853027,18.149499893188477,0.20599947777000893
2023-11-10,38.346431732177734,118.58999633789062,14.170000076293945,17.891999912261962,0.2714059086209914
2023-11-13,37.72475814819336,116.79000091552734,14.760000228881836,17.76949996948242,0.19810756414861364
2023-11-14,38.889163970947266,119.87999725341797,14.15999984741211,17.5835000038147,0.3432658768970276
2023-11-15,40.07330322265625,118.0,14.180000305175781,17.33150005340576,0.6313179748729502
2023-11-16,42.77709197998047,119.83000183105469,14.319999694824219,16.97750005722046,1.1178376825491718
2023-11-17,43.23101806640625,120.62000274658203,13.800000190734863,16.58200011253357,1.1860180436623424
2023-11-20,44.14872360229492,121.52999877929688,13.40999984741211,16.234000062942506,1.3430727616438634
2023-11-21,43.063262939453125,119.16000366210938,13.350000381469727,15.953000116348267,1.193481438051443
2023-11-22,43.09286117553711,122.51000213623047,12.850000381469727,15.586000108718872,1.1056958322154467
2023-11-24,43.3790283203125,122.30999755859375,12.460000038146973,15.175000095367432,1.1681970072458623
2023-11-27,43.4974479675293,122.6500015258789,12.6899995803833,14.746000051498413,1.1822394717944256
2023-11-28,43.64546203613281,122.01000213623047,12.6899995803833,14.393000030517578,1.2295698030646267
2023-11-29,44.34607696533203,123.8499984741211,12.979999542236328,14.135000038146973,1.3174483455944044
2023-11-30,44.1092529296875,121.16000366210938,12.920000076293945,13.9375,1.345569109816844
2023-12-01,43.16194152832031,121.38999938964844,12.630000114440918,13.78600001335144,1.150750700843289
2023-12-04,41.79030990600586,118.56999969482422,13.079999923706055,13.694500017166138,0.9568328074542487
2023-12-05,41.365989685058594,118.37999725341797,12.850000381469727,13.592500019073487,0.8777630447739754
2023-12-06,40.72458267211914,116.81999969482422,12.970000267028809,13.500500011444093,0.7938296573301561
2023-12-07,41.59295654296875,128.3699951171875,13.0600004196167,13.43100004196167,0.6435615029397292
2023-12-08,42.13568878173828,128.9199981689453,12.350000381469727,13.284000062942505,0.73611307272494
2023-12-11,43.95136260986328,134.41000366210938,12.630000114440918,13.207000064849854,0.9436776258844894
2023-12-12,43.45797348022461,137.61000061035156,12.069999694824219,13.072500038146973,0.7560822953298503
2023-12-13,43.98097229003906,138.19000244140625,12.1899995803833,12.974000024795533,0.8438707544638893
2023-12-14,44.582908630371094,138.0,12.479999542236328,12.88899998664856,0.9688877786580036
2023-12-15,45.54995346069336,139.14999389648438,12.279999732971191,12.786999988555909,1.1290436193686793
2023-12-18,45.08616638183594,138.89999389648438,12.5600004196167,12.725,1.043802903380004
2023-12-19,46.0433464050293,140.14999389648438,12.529999732971191,12.680999994277954,1.1992006354669515
2023-12-20,45.155242919921875,135.47000122070312,13.670000076293945,12.696999979019164,1.1534482689200274
2023-12-21,46.45779800415039,139.91000366210938,13.649999618530273,12.736999940872192,1.2883312001016038
2023-12-22,47.365638732910156,139.60000610351562,13.029999732971191,12.765499925613403,1.4775372507088662
2023-12-26,49.83259963989258,143.41000366210938,12.989999771118164,12.780499935150146,1.8615960690685076
2023-12-27,50.08916091918945,146.07000732421875,12.430000305175781,12.767499971389771,1.8382389607771616
2023-12-28,49.724056243896484,148.75999450683594,12.470000267028809,12.742000007629395,1.6904156950113156
2023-12-29,49.58590316772461,147.41000366210938,12.449999809265137,12.718499994277954,1.7006898913056074
2024-01-02,47.16828155517578,138.5800018310547,13.199999809265137,12.746999979019165,1.4668108204509653
2024-01-03,46.42819595336914,135.32000732421875,14.039999961853027,12.794999980926514,1.4107885010263954
2024-01-04,46.25057601928711,136.00999450683594,14.130000114440918,12.858999967575073,1.356172847471327
2024-01-05,46.27030944824219,138.5800018310547,13.350000381469727,12.877999973297118,1.2882353560676243
2024-01-08,47.809696197509766,146.17999267578125,13.079999923706055,12.878999948501587,1.3818572183872961
2024-01-09,47.41497802734375,149.25999450683594,12.760000228881836,12.899499940872193,1.2172393827008257
2024-01-10,46.84264373779297,148.5399932861328,12.6899995803833,12.902499914169312,1.1235544316765198
2024-01-11,47.010398864746094,148.02000427246094,12.4399995803833,12.920999908447266,1.1714548791653117
2024-01-12,46.49726486206055,146.55999755859375,12.699999809265137,12.946499919891357,1.1102346239391132
2024-01-16,46.43806457519531,158.74000549316406,13.84000015258789,13.014499950408936,0.7578879617583566
2024-01-17,45.4512825012207,160.1699981689453,14.789999961853027,13.139999961853027,0.5216662469439787
2024-01-18,46.122291564941406,162.6699981689453,14.130000114440918,13.218499946594239,0.5852023837883602
2024-01-19,47.51365661621094,174.22999572753906,13.300000190734863,13.256999969482422,0.538659334274221
2024-01-22,47.582733154296875,168.17999267578125,13.1899995803833,13.23299994468689,0.7215646554220251
2024-01-23,48.243873596191406,168.4199981689453,12.550000190734863,13.17799997329712,0.8463315644371265
2024-01-24,48.44123077392578,178.2899932861328,13.140000343322754,13.183500003814697,0.6095971669216732
2024-01-25,48.89515686035156,180.3300018310547,13.449999809265137,13.206500005722045,0.6428251842279242
2024-01-26,43.07312774658203,177.25,13.260000228881836,13.248000001907348,-0.42885209951158376
2024-01-29,43.2606201171875,177.8300018310547,13.600000381469727,13.304500007629395,-0.40778421858117964
2024-01-30,42.35277557373047,172.05999755859375,13.3100004196167,13.347500038146972,-0.4269838139643426
2024-01-31,42.51066207885742,167.69000244140625,14.350000381469727,13.405000066757202,-0.27339316007637265
2024-02-01,42.78696060180664,170.47999572753906,13.880000114440918,13.397000074386597,-0.296459947543755
2024-02-02,42.03700256347656,177.66000366210938,13.850000381469727,13.383000087738036,-0.6463658137126753
2024-02-05,42.20475387573242,174.22999572753906,13.670000076293945,13.399000072479248,-0.5170970360258778
2024-02-06,42.29877853393555,167.8800048828125,13.0600004196167,13.39800009727478,-0.3208422302810876
2024-02-07,42.33836364746094,170.94000244140625,12.829999923706055,13.40150008201599,-0.3985328731804894
2024-02-08,42.061256408691406,169.35000610351562,12.789999961853027,13.406500101089478,-0.4091808711267173
2024-02-09,42.86289596557617,172.47999572753906,12.930000305175781,13.431000137329102,-0.3372824497810954
2024-02-12,43.57545852661133,171.91000366210938,13.930000305175781,13.492500162124633,-0.1796405549403443
2024-02-13,42.71444320678711,171.5399932861328,15.850000381469727,13.593000173568726,-0.34052047717181555
2024-02-14,43.73380661010742,178.6999969482422,14.380000114440918,13.57250018119812,-0.3380104057731478
2024-02-15,43.595252990722656,176.75999450683594,14.010000228881836,13.566500186920166,-0.31131813376491463
2024-02-16,43.060829162597656,173.8699951171875,14.239999771118164,13.613500165939332,-0.3367871633820034
2024-02-20,44.060401916503906,165.69000244140625,15.420000076293945,13.725000190734864,0.09071967800523587
2024-02-21,43.021240234375,164.2899932861328,15.34000015258789,13.864500188827515,-0.07678684706505508
2024-02-22,42.53630065917969,181.86000061035156,14.539999961853027,13.934500169754028,-0.6645118367870322
2024-02-23,42.54619598388672,176.52000427246094,13.75,13.949500179290771,-0.5132286013848644
2024-02-26,42.54619598388672,176.00999450683594,13.739999771118164,13.973500156402588,-0.49896785908711866
2024-02-27,42.28887939453125,178.0,13.430000305175781,13.96500015258789,-0.6057831371015103
2024-02-28,41.556522369384766,176.5399932861328,13.84000015258789,13.99150013923645,-0.7105992376075406
2024-02-29,42.60557556152344,192.52999877929688,13.399999618530273,13.944000101089477,-0.9490867992583109
2024-03-01,43.36762619018555,202.63999938964844,13.109999656677246,13.905500078201294,-1.0802342445382618
2024-03-04,45.1391487121582,205.36000061035156,13.489999771118164,13.887500047683716,-0.8039958121425479
2024-03-05,42.71444320678711,205.1300048828125,14.460000038146973,13.927000045776367,-1.2797544515870418
2024-03-06,44.05050277709961,210.6300048828125,14.5,13.999000024795532,-1.1678479801535522
2024-03-07,45.67357635498047,211.3800048828125,14.4399995803833,14.079500007629395,-0.8660462951584399
2024-03-08,43.54576873779297,207.38999938964844,14.739999771118164,14.17699999809265,-1.1776259747398905
2024-03-11,44.39689254760742,198.38999938964844,15.220000267028809,14.291499996185303,-0.7567116701265161
2024-03-12,44.77296829223633,202.75999450683594,13.84000015258789,14.286999988555909,-0.8041157777096823
2024-03-13,42.78371810913086,194.7899932861328,13.75,14.181999969482423,-0.9768537319534273
2024-03-14,42.30867385864258,187.05999755859375,14.399999618530273,14.18299994468689,-0.8551796791005718
2024-03-15,42.199806213378906,191.05999755859375,14.40999984741211,14.202999925613403,-0.9886764901584255
2024-03-18,42.26908493041992,190.64999389648438,14.329999923706055,14.207499933242797,-0.9634349582798302
2024-03-19,41.61589813232422,181.4199981689453,13.819999694824219,14.127499914169311,-0.8352447144630639
2024-03-20,41.76435470581055,179.72999572753906,13.039999961853027,14.012499904632568,-0.7584665094081867
2024-03-21,41.98208236694336,178.67999267578125,12.920000076293945,13.931499910354614,-0.6858081646285363
2024-03-22,42.13053512573242,179.64999389648438,13.0600004196167,13.896999931335449,-0.6834089542363011
2024-03-25,41.39817428588867,178.6300048828125,13.1899995803833,13.869499921798706,-0.8005294582083249
2024-03-26,41.556522369384766,177.8699951171875,13.239999771118164,13.859999895095825,-0.7477883556334631
2024-03-27,43.318145751953125,179.58999633789062,12.779999732971191,13.80699987411499,-0.4455568138750299
2024-03-28,43.714012145996094,180.49000549316406,13.010000228881836,13.787499904632568,-0.39199852697086185
2024-04-01,44.060401916503906,183.33999633789062,13.649999618530273,13.81449990272522,-0.4028042336518286
2024-04-02,43.48638916015625,178.6999969482422,14.609999656677246,13.870499897003175,-0.38721314345332825
2024-04-03,39.913658142089844,180.77000427246094,14.329999923706055,13.863999891281129,-1.155586190430319
2024-04-04,39.31985092163086,165.8300018310547,16.350000381469727,13.956499910354614,-0.8559258912022908
2024-04-05,38.31037902832031,170.4199981689453,16.030000686645508,14.035999965667724,-1.185018911279264
2024-04-08,37.58791732788086,169.89999389648438,15.1899995803833,14.058499956130982,-1.3141512457618396
2024-04-09,37.93430709838867,170.77999877929688,14.979999542236328,14.046499919891357,-1.269872787341367
2024-04-10,36.81596755981445,167.13999938964844,15.800000190734863,14.144499921798706,-1.3904910933638543
2024-04-11,37.24153137207031,170.5,14.90999984741211,14.202499914169312,-1.3998125752516128
2024-04-12,35.321556091308594,163.27999877929688,17.309999465942383,14.347999906539917,-1.579745435708149
2024-04-15,35.935157775878906,160.32000732421875,19.229999542236328,14.588999891281128,-1.374954965758466
2024-04-16,35.88566970825195,163.4600067138672,18.399999618530273,14.792499876022339,-1.4725961583168152
2024-04-17,35.31166076660156,154.02000427246094,18.209999084472656,15.01199984550476,-1.3227880431471537
2024-04-18,34.67826843261719,155.0800018310547,18.0,15.259999847412109,-1.4783871182525872
2024-04-19,33.84694290161133,146.63999938964844,18.709999084472656,15.549499797821046,-1.4077120401620595
2024-04-22,34.054771423339844,148.63999938964844,16.940000534057617,15.743499803543092,-1.422305574094427
2024-04-23,33.92611312866211,152.27000427246094,15.6899995803833,15.868499803543092,-1.549392363877772
2024-04-24,34.14384078979492,151.74000549316406,15.970000267028809,16.004999828338622,-1.4912742248414463
2024-04-25,34.74754333496094,153.75999450683594,15.369999885559082,16.13449983596802,-1.4277010915994075
2024-04-26,31.55088996887207,157.39999389648438,15.029999732971191,16.235499811172485,-2.165185009255474
2024-04-29,31.036256790161133,160.1999969482422,14.670000076293945,16.28649983406067,-2.3458205322507615
2024-04-30,30.155445098876953,158.3800048828125,15.649999618530273,16.33849983215332,-2.4700933058549546
