Date,LRCX,NEE,VIX,AvgVIX,zscore
2022-01-31,56.30033874511719,69.62189483642578,24.829999923706055,23.18100004196167,0.32405060038204686
2022-02-01,56.25738525390625,68.82872772216797,21.959999084472656,23.448999977111818,0.22331407538737974
2022-02-02,58.38563537597656,69.27432250976562,22.09000015258789,23.707999992370606,0.46688356979393086
2022-02-03,56.18962478637695,67.52754211425781,24.350000381469727,23.939000034332274,0.05829677088598978
2022-02-04,55.26484680175781,67.74142456054688,23.219999313354492,24.119499969482423,0.0022539872768472195
2022-02-07,54.529972076416016,67.44732666015625,22.860000610351562,24.324499988555907,-0.09898530304699613
2022-02-08,54.99952697753906,67.2512435913086,21.440000534057617,24.426500034332275,-0.08121965588576029
2022-02-09,57.97239303588867,68.32073974609375,19.959999084472656,24.503999996185303,0.31364069142264456
2022-02-10,56.77274703979492,67.24235534667969,23.90999984741211,24.818499946594237,0.07526639490647112
2022-02-11,53.44389343261719,66.80564880371094,27.360000610351562,25.171000003814697,-0.27390521457144607
2022-02-14,53.27783203125,66.77001190185547,28.329999923706055,25.62799997329712,-0.29301637162369004
2022-02-15,56.67254638671875,66.92151641845703,25.700000762939453,25.773499965667725,0.027158031917423744
2022-02-16,56.44825744628906,67.04627990722656,24.290000915527344,25.795499992370605,0.022472479510094824
2022-02-17,55.41181945800781,67.17997741699219,28.110000610351562,25.92150001525879,-0.0532907009575817
2022-02-18,54.39826583862305,66.08377075195312,27.75,25.866499996185304,-0.27730618894955184
2022-02-22,53.41812515258789,65.75402069091797,28.809999465942383,25.811999988555907,-0.404696787661066
2022-02-23,51.76420593261719,64.45283508300781,31.020000457763672,25.805000019073486,-0.7106635568186185
2022-02-24,53.71970748901367,67.23343658447266,30.31999969482422,25.723000049591064,-0.19712305150476447
2022-02-25,54.70463180541992,68.76631927490234,27.59000015258789,25.57800006866455,0.07770719303471849
2022-02-28,53.57368850708008,70.14191436767578,30.149999618530273,25.70250005722046,0.14529744212227885
2022-03-01,51.59050750732422,69.39810943603516,33.31999969482422,26.127000045776366,-0.1218201352576536
2022-03-02,52.87413787841797,69.4967041015625,30.739999771118164,26.566000080108644,0.00429360180048873
2022-03-03,51.87110137939453,70.60792541503906,30.479999542236328,26.985500049591064,0.05094525901716653
2022-03-04,50.17898178100586,71.88046264648438,31.979999542236328,27.367000007629393,0.05607521552085786
2022-03-07,46.683128356933594,75.43819427490234,36.45000076293945,28.028500080108643,0.1801566150262703
2022-03-08,46.799556732177734,73.43977355957031,35.130001068115234,28.642000102996825,-0.05369062627255078
2022-03-09,49.37063980102539,71.97903442382812,32.45000076293945,29.192500114440918,-0.003710988799076715
2022-03-10,47.43898391723633,71.83565521240234,30.229999542236328,29.706000137329102,-0.19288202573205507
2022-03-11,46.13340377807617,71.0649642944336,30.75,30.048000144958497,-0.4030718223420116
2022-03-14,44.76006317138672,71.04702758789062,31.770000457763672,30.268500137329102,-0.5273015532800243
2022-03-15,46.40876770019531,73.4666519165039,29.829999923706055,30.3435001373291,-0.08513262579524623
2022-03-16,49.2590446472168,73.9416275024414,26.670000076293945,30.392000102996825,0.22618785123187476
2022-03-17,50.391693115234375,74.1029281616211,25.670000076293945,30.461000061035158,0.3465472556420481
2022-03-18,52.145713806152344,73.81614685058594,23.8700008392334,30.249000072479248,0.46737058086762123
2022-03-21,51.40083312988281,73.30535125732422,23.530000686645508,30.038000106811523,0.3387631672802933
2022-03-22,52.34868621826172,74.24629974365234,22.940000534057617,29.744500160217285,0.5379688798949229
2022-03-23,50.83881378173828,73.99537658691406,23.56999969482422,29.37200012207031,0.37313729052912165
2022-03-24,53.25442123413086,75.00802612304688,21.670000076293945,28.9395001411438,0.7115321771103361
2022-03-25,53.12037658691406,75.22311401367188,20.809999465942383,28.600500106811523,0.7259029488310075
2022-03-28,53.35878372192383,75.66221618652344,19.6299991607666,28.07450008392334,0.8007435939044001
2022-03-29,54.47132110595703,75.83250427246094,18.899999618530273,27.353500080108642,0.9204140862677207
2022-03-30,52.52102279663086,76.62110900878906,19.329999923706055,26.78300008773804,0.8434684949493697
2022-03-31,51.47262954711914,75.91315460205078,20.559999465942383,26.28700008392334,0.6637988480426119
2022-04-01,50.30839157104492,76.80928802490234,19.6299991607666,25.669500064849853,0.669843530451594
2022-04-04,51.27540969848633,76.72864532470703,18.56999969482422,24.77550001144409,0.7459208475141477
2022-04-05,48.22023010253906,77.36492156982422,21.030000686645508,24.070499992370607,0.5521796404472383
2022-04-06,47.69651794433594,77.50830078125,22.100000381469727,23.55299997329712,0.5231614132098023
2022-04-07,48.19150924682617,78.03702545166016,21.549999237060547,23.11899995803833,0.6317539320817069
2022-04-08,47.07131576538086,77.14984893798828,21.15999984741211,22.639499950408936,0.4238042495033735
2022-04-11,45.550899505615234,75.7966537475586,24.3700008392334,22.26949996948242,0.12334562482378224
2022-04-12,44.712188720703125,75.17829895019531,24.260000228881836,21.99099998474121,-0.026742730855794206
2022-04-13,45.24930953979492,74.87361145019531,21.81999969482422,21.748499965667726,-0.016243748697598596
2022-04-14,43.67432403564453,74.21045684814453,22.700000762939453,21.6,-0.23723328231482196
2022-04-18,45.05207824707031,73.22469329833984,22.170000076293945,21.51499996185303,-0.2352566419239858
2022-04-19,45.87929916381836,73.33222961425781,21.3700008392334,21.40699996948242,-0.1486078183120956
2022-04-20,46.09568405151367,73.04546356201172,20.31999969482422,21.27599992752075,-0.16442024000841815
2022-04-21,44.95250701904297,68.26896667480469,22.68000030517578,21.23149995803833,-0.8496605861111222
2022-04-22,44.34165954589844,66.2705307006836,28.209999084472656,21.558499908447267,-1.1481369818081406
2022-04-25,45.61408996582031,66.35118865966797,27.020000457763672,21.86899995803833,-1.025210239022414
2022-04-26,43.77581787109375,65.92999267578125,33.52000045776367,22.563500022888185,-1.2400302981127675
2022-04-27,43.73368835449219,65.66116333007812,31.600000381469727,23.198500061035155,-1.2766231209533616
2022-04-28,46.38674545288086,65.85832214355469,29.989999771118164,23.73150005340576,-1.016775327868565
2022-04-29,44.593467712402344,63.6447868347168,33.400001525878906,24.37350015640259,-1.4466086747726874
2022-05-02,45.89175033569336,62.61423110961914,32.34000015258789,25.00900020599365,-1.4571673468076374
2022-05-03,46.4729118347168,63.41181564331055,29.25,25.54300022125244,-1.3080647268923116
2022-05-04,48.43852996826172,65.47294616699219,25.420000076293945,25.762500190734862,-0.8815396637765207
2022-05-05,46.08324432373047,64.37966918945312,31.200000762939453,26.21750020980835,-1.2244263460841596
2022-05-06,45.787391662597656,64.9442138671875,30.190000534057617,26.6495002746582,-1.1817329565693768
2022-05-09,42.811683654785156,63.367000579833984,34.75,27.3290002822876,-1.638885399784802
2022-05-10,43.95772933959961,62.721771240234375,32.9900016784668,27.76000032424927,-1.615887928651667
2022-05-11,42.81646728515625,62.90997314453125,32.560001373291016,28.175000381469726,-1.6943059367051396
2022-05-12,44.083152770996094,61.39546585083008,31.770000457763672,28.6725004196167,-1.7668079632019857
2022-05-13,47.098121643066406,62.55150604248047,28.8700008392334,28.981000423431396,-1.357631181458082
2022-05-16,46.19334411621094,62.8382682800293,27.469999313354492,29.246000385284425,-1.4029912705016119
2022-05-17,49.04649353027344,64.54096984863281,26.100000381469727,29.48250036239624,-0.9413958384838528
2022-05-18,45.71558380126953,63.626895904541016,30.959999084472656,30.01450033187866,-1.3490811843471373
2022-05-19,45.2033576965332,63.14295959472656,29.350000381469727,30.34800033569336,-1.4537323939395312
2022-05-20,45.393882751464844,63.82404327392578,29.43000030517578,30.409000396728516,-1.3535781713115815
2022-05-23,46.27280807495117,65.01592254638672,28.479999542236328,30.48200035095215,-1.1298355051197768
2022-05-24,45.092288970947266,66.91577911376953,29.450000762939453,30.278500366210938,-1.002589508918349
2022-05-25,46.68258285522461,67.02330780029297,28.3700008392334,30.117000389099122,-0.8481333189950059
2022-05-26,48.753517150878906,67.24735260009766,27.5,29.992500400543214,-0.6367289219228219
2022-05-27,50.84169006347656,69.78437805175781,25.719999313354492,29.608500289916993,-0.14116227973220702
2022-05-31,49.78947067260742,68.21620178222656,26.190000534057617,29.301000308990478,-0.4262851422474733
2022-06-01,48.426082611083984,68.64879608154297,25.690000534057617,29.12300033569336,-0.4945786672962962
2022-06-02,50.1025505065918,70.7667465209961,24.719999313354492,29.088000297546387,-0.08680510944068696
2022-06-03,49.2102165222168,70.91996765136719,24.790000915527344,28.76750030517578,-0.14737724677590724
2022-06-06,49.42850875854492,72.27185821533203,25.06999969482422,28.51150026321411,0.037212431320715486
2022-06-07,50.11594772338867,71.90234375,24.020000457763672,27.975000286102294,0.05314759502499302
2022-06-08,49.03308868408203,70.7397232055664,23.959999084472656,27.523500156402587,-0.1851418419737332
2022-06-09,47.24460220336914,69.70327758789062,26.09000015258789,27.200000095367432,-0.470717133664028
2022-06-10,45.421653747558594,68.41448211669922,27.75,26.999000072479248,-0.7901902130207008
2022-06-13,42.804988861083984,65.26007843017578,34.02000045776367,27.256500053405762,-1.408159173537714
2022-06-14,43.20750045776367,64.42191314697266,32.689998626708984,27.517500019073488,-1.4748091844049651
2022-06-15,43.57927703857422,66.86431884765625,29.6200008392334,27.69350004196167,-1.1433270823053825
2022-06-16,40.184322357177734,63.872135162353516,32.95000076293945,27.79300012588501,-1.810634368825993
2022-06-17,40.295738220214844,63.81806945800781,31.1299991607666,27.882000064849855,-1.8073401751144385
2022-06-21,41.600318908691406,65.5484848022461,30.190000534057617,27.920000076293945,-1.4799674439813297
2022-06-22,40.88846969604492,67.31493377685547,28.950000762939453,27.943500137329103,-1.3273759308241517
2022-06-23,40.73957443237305,69.57710266113281,29.049999237060547,27.923500061035156,-1.064185548016428
2022-06-24,43.247840881347656,70.31612396240234,27.229999542236328,27.866499996185304,-0.7509922796148873
2022-06-27,43.20942306518555,70.19895935058594,26.950000762939453,27.839000034332276,-0.7687228816879661
2022-06-28,42.101776123046875,68.89215087890625,28.360000610351562,27.971000099182127,-1.026833801416288
2022-06-29,41.0248908996582,68.49559020996094,28.15999984741211,28.069500064849855,-1.1709851253961998
2022-06-30,40.93843078613281,69.81143188476562,28.709999084472656,28.220499992370605,-1.0178813211672613
2022-07-01,37.92964172363281,72.60530090332031,26.700000762939453,28.319500064849855,-0.9438571152271253
2022-07-05,37.34748077392578,71.29849243164062,27.540000915527344,28.457000064849854,-1.1552722239569906
2022-07-06,37.627994537353516,71.71308898925781,26.729999542236328,28.54000005722046,-1.0796843119238309
2022-07-07,39.85576248168945,72.4430923461914,26.079999923706055,28.643000030517577,-0.7925186725337684
2022-07-08,39.878814697265625,72.325927734375,24.639999389648438,28.677000045776367,-0.80478691590374
2022-07-11,38.65781784057617,72.71347045898438,26.170000076293945,28.68100004196167,-0.8659322471451065
2022-07-12,38.99020767211914,72.05555725097656,27.290000915527344,28.65800008773804,-0.916787859966615
2022-07-13,39.58005142211914,72.33494567871094,26.81999969482422,28.298000049591064,-0.8302337295549697
2022-07-14,40.282291412353516,72.21778106689453,26.399999618530273,27.98350009918213,-0.7821478922935193
2022-07-15,41.03256607055664,70.93798828125,24.229999542236328,27.714000034332276,-0.8718587868294919
2022-07-18,40.651187896728516,69.85649108886719,25.299999237060547,27.33149995803833,-1.0379004137112895
2022-07-19,42.935630798339844,71.13626861572266,24.5,27.0,-0.6785198802717193
2022-07-20,44.68018341064453,70.58651733398438,23.8799991607666,26.68449993133545,-0.5906710370684279
2022-07-21,45.739784240722656,71.08221435546875,23.110000610351562,26.392499923706055,-0.4359418584111821
2022-07-22,44.573543548583984,72.325927734375,23.030000686645508,26.091499996185302,-0.38760325299443216
2022-07-25,43.94527816772461,72.98385620117188,23.360000610351562,25.898000049591065,-0.363037910798712
2022-07-26,42.96349334716797,72.01953125,24.690000534057617,25.785000038146972,-0.568115313628027
2022-07-27,44.926109313964844,72.4430923461914,23.239999771118164,25.528999996185302,-0.3419567911771379
2022-07-28,46.58613204956055,76.19232940673828,22.329999923706055,25.2375,0.26368746035046436
2022-07-29,48.081871032714844,76.14727020263672,21.329999923706055,24.86850004196167,0.39109610465968936
2022-08-01,48.30186462402344,76.88629150390625,22.84000015258789,24.675500011444093,0.5009485449260774
2022-08-02,48.28744888305664,77.21074676513672,23.93000030517578,24.494999980926515,0.5393137407166311
2022-08-03,50.404747009277344,77.9227523803711,21.950000762939453,24.25600004196167,0.8144635947211534
2022-08-04,51.09257125854492,79.29265594482422,21.440000534057617,24.024000072479247,1.0429779585480554
2022-08-05,49.95130920410156,79.29265594482422,21.149999618530273,23.84950008392334,0.9415629675463106
2022-08-08,48.9493408203125,78.87806701660156,21.290000915527344,23.60550012588501,0.8018659846870436
2022-08-09,45.09326171875,80.13985443115234,21.770000457763672,23.329500102996825,0.6133883100878564
2022-08-10,47.54774475097656,80.91493225097656,19.739999771118164,22.975500106811523,0.9262081283311125
2022-08-11,47.78886795043945,80.59947204589844,20.200000762939453,22.665500164031982,0.9090877771799214
2022-08-12,49.8187370300293,81.53678894042969,19.530000686645508,22.43050022125244,1.2039999930687617
2022-08-15,49.69385528564453,82.01445770263672,19.950000762939453,22.163000297546386,1.2512705829919517
2022-08-16,49.02811813354492,81.59086608886719,19.690000534057617,21.922500324249267,1.140351761186693
2022-08-17,47.79847717285156,81.29344177246094,19.899999618530273,21.723500347137453,0.9947400180462448
2022-08-18,48.33548355102539,81.32950592041016,19.559999465942383,21.546000289916993,1.0468663469310837
2022-08-19,45.803192138671875,80.8518295288086,20.600000381469727,21.424500274658204,0.7634727257687834
2022-08-22,43.956809997558594,79.79736328125,23.799999237060547,21.44650020599365,0.47055070419416145
2022-08-23,44.57162857055664,79.29265594482422,24.110000610351562,21.41750020980835,0.46351302194523636
2022-08-24,44.479400634765625,79.9505615234375,22.81999969482422,21.396500205993654,0.5357090030451523
2022-08-25,45.93769073486328,80.56343078613281,21.780000686645508,21.369000244140626,0.7401842092086919
2022-08-26,43.547569274902344,79.36475372314453,25.559999465942383,21.580500221252443,0.38132277358571826
2022-08-29,42.70507049560547,78.80779266357422,26.209999084472656,21.74900016784668,0.23839970263438975
2022-08-30,42.526397705078125,77.61238098144531,26.209999084472656,21.863000106811523,0.07645134036848723
2022-08-31,42.068153381347656,77.03276062011719,25.8700008392334,22.059000110626222,-0.03509486788993643
2022-09-01,41.50424575805664,78.1195068359375,25.559999465942383,22.26500005722046,0.047588032734086884
2022-09-02,41.32844161987305,77.07804870605469,25.469999313354492,22.48100004196167,-0.09529334590595769
2022-09-06,40.99702072143555,79.1247787475586,26.90999984741211,22.761999988555907,0.12535226781086736
2022-09-07,41.50040817260742,81.72392272949219,24.639999389648438,22.905499935150146,0.48768193762497564
2022-09-08,42.188236236572266,81.75109100341797,23.610000610351562,23.098999977111816,0.5521235897618829
2022-09-09,43.30451965332031,81.41600036621094,22.790000915527344,23.228499984741212,0.6103731460338192
2022-09-12,42.970218658447266,82.24012756347656,23.8700008392334,23.445499992370607,0.6813691392024156
2022-09-13,40.55011749267578,80.47415161132812,27.270000457763672,23.811499977111815,0.2505236061692624
2022-09-14,40.673545837402344,80.49226379394531,26.15999984741211,24.13499994277954,0.2637048978855142
2022-09-15,39.871192932128906,77.89311218261719,26.270000457763672,24.45349998474121,-0.12519241489205116
2022-09-16,39.46422576904297,76.78823852539062,26.299999237060547,24.79049997329712,-0.29636437798061216
2022-09-19,39.46422576904297,78.644775390625,25.760000228881836,25.048499965667723,-0.06950829598643828
2022-09-20,38.9029541015625,77.60331726074219,27.15999984741211,25.216499996185302,-0.24664314503926563
2022-09-21,38.44487762451172,76.04562377929688,27.989999771118164,25.41049995422363,-0.47768827057780244
2022-09-22,37.30498123168945,75.65620422363281,27.350000381469727,25.636999988555907,-0.6265663069533238
2022-09-23,36.700313568115234,74.73245239257812,29.920000076293945,26.04399995803833,-0.7931745141133681
2022-09-26,35.820804595947266,73.49174499511719,32.2599983215332,26.37899990081787,-1.0229355068308181
2022-09-27,36.32806396484375,73.42835998535156,32.599998474121094,26.698499870300292,-0.9856045664580881
2022-09-28,36.805442810058594,74.59662628173828,30.18000030517578,26.89699993133545,-0.800429524385125
2022-09-29,35.73497772216797,72.42311096191406,31.84000015258789,27.195499897003174,-1.1611420221520052
2022-09-30,35.29618453979492,71.01032257080078,31.6200008392334,27.498499965667726,-1.372767183819318
2022-10-03,37.57982635498047,73.52799224853516,30.100000381469727,27.730000019073486,-0.8621958991333927
2022-10-04,38.635826110839844,75.00415802001953,29.06999969482422,27.83800001144409,-0.5879801575955985
2022-10-05,38.56638717651367,74.0532455444336,28.549999237060547,28.033500003814698,-0.7103456379210119
2022-10-06,38.34361267089844,71.46314239501953,30.520000457763672,28.378999996185303,-1.0466347124793345
2022-10-07,36.14869689941406,69.4888687133789,31.360000610351562,28.807499980926515,-1.4829223440470758
2022-10-10,33.822608947753906,69.49791717529297,32.45000076293945,29.236499977111816,-1.6885178424067622
2022-10-11,31.539939880371094,68.85493469238281,33.630001068115234,29.554500007629393,-1.9699287587541283
2022-10-12,31.24387550354004,65.88447570800781,33.56999969482422,29.925,-2.3592074047075084
2022-10-13,32.847633361816406,66.19239044189453,31.940000534057617,30.2085000038147,-2.179068975479244
2022-10-14,30.373044967651367,64.99696350097656,32.02000045776367,30.494500064849852,-2.5450391811793045
2022-10-17,30.41836929321289,66.69953918457031,31.3700008392334,30.77500009536743,-2.3329684838136955
2022-10-18,31.058717727661133,67.97647094726562,30.5,30.942000102996825,-2.120033439630198
2022-10-19,31.8321475982666,66.69048309326172,30.760000228881836,31.08050012588501,-2.208443707286758
2022-10-20,34.319271087646484,63.97359848022461,29.979999542236328,31.21200008392334,-2.3194172668047464
2022-10-21,35.613468170166016,64.88829040527344,29.690000534057617,31.200500106811525,-2.0926430567737038
2022-10-24,36.0638313293457,66.36445617675781,29.850000381469727,31.08000020980835,-1.8722454806287419
2022-10-25,36.632816314697266,68.70099639892578,28.459999084472656,30.87300024032593,-1.5361750532095466
2022-10-26,37.18636703491211,68.46551513671875,27.280000686645508,30.728000259399415,-1.5157595468563712
2022-10-27,37.52485656738281,68.3478012084961,27.389999389648438,30.50550022125244,-1.50006447720869
2022-10-28,39.1141471862793,71.57181549072266,25.75,30.212000179290772,-0.964884257228812
2022-10-31,39.036041259765625,70.18620300292969,25.8799991607666,30.001000118255615,-1.141137267518049
2022-11-01,39.8007926940918,70.37639617919922,25.809999465942383,29.838000106811524,-1.0499395140545893
2022-11-02,38.14302062988281,69.98697662353516,25.860000610351562,29.703500175476073,-1.244837091997473
2022-11-03,37.94050598144531,70.80204010009766,25.299999237060547,29.442500114440918,-1.1632378063239697
2022-11-04,40.4594612121582,71.36353302001953,24.549999237060547,29.102000045776368,-0.8707874614694053
2022-11-07,41.94749069213867,69.99602508544922,24.350000381469727,28.69700002670288,-0.9056580721855113
2022-11-08,42.9012565612793,70.88353729248047,25.540000915527344,28.292500019073486,-0.7124564843345264
2022-11-09,41.73243713378906,70.82015228271484,26.09000015258789,27.91850004196167,-0.8240654963522052
2022-11-10,46.81181335449219,75.34830474853516,23.530000686645508,27.498000049591063,0.18060795547720265
2022-11-11,48.297916412353516,75.44791412353516,22.520000457763672,27.023000049591065,0.3248378397679415
2022-11-14,46.357582092285156,73.95362091064453,23.729999542236328,26.64099998474121,-0.030176814703628863
2022-11-15,47.325828552246094,75.0856704711914,24.540000915527344,26.34300003051758,0.19419233824161022
2022-11-16,43.91577911376953,76.36260986328125,24.110000610351562,26.010500049591066,0.04720128281965473
2022-11-17,44.47319412231445,74.57852172851562,23.93000030517578,25.708000087738036,-0.12126896903638613
2022-11-18,44.0430793762207,75.34830474853516,23.1200008392334,25.379500102996825,-0.06542767709237464
2022-11-21,43.41141128540039,75.7105484008789,22.360000610351562,25.005000114440918,-0.07729536497691568
2022-11-22,43.938926696777344,76.17239379882812,21.290000915527344,24.646500205993654,0.026015127116910387
2022-11-23,44.496341705322266,77.29655456542969,20.350000381469727,24.300000190734863,0.21291296063671727
2022-11-25,43.71037292480469,77.67884826660156,20.5,23.955500221252443,0.18978376148120432
2022-11-28,42.74407196044922,76.21338653564453,22.209999084472656,23.778500175476076,-0.07515319289113238
2022-11-29,42.630271911621094,75.0846939086914,21.889999389648438,23.579000186920165,-0.22318421304386982
2022-11-30,45.55522537231445,77.0962905883789,20.579999923706055,23.31750020980835,0.2825367460794084
2022-12-01,44.66413879394531,77.2146224975586,19.84000015258789,23.016500186920165,0.2178122321820387
2022-12-02,44.13662338256836,77.55140686035156,19.059999465942383,22.704500198364258,0.21208882380229957
2022-12-05,43.64768600463867,77.50590515136719,20.75,22.514500236511232,0.16308080397149777
2022-12-06,42.730567932128906,77.53321838378906,22.170000076293945,22.405500221252442,0.08492121719500119
2022-12-07,42.84532928466797,77.63333129882812,22.68000030517578,22.262500190734862,0.10735226896574014
2022-12-08,43.87913131713867,78.06114959716797,22.290000915527344,22.072500228881836,0.25149459640860666
2022-12-09,43.416236877441406,76.9233627319336,22.829999923706055,22.037500190734864,0.07133104724862974
2022-12-12,44.776004791259766,78.78023529052734,25.0,22.16150016784668,0.41906003842604345
2022-12-13,46.069705963134766,79.32636260986328,22.549999237060547,22.10250015258789,0.600754111747922
2022-12-14,45.32436752319336,79.23532104492188,21.139999389648438,21.932500076293945,0.523397085966038
2022-12-15,43.177398681640625,78.10665130615234,22.829999923706055,21.86850004196167,0.19469712815918014
2022-12-16,42.970252990722656,76.58656311035156,22.6200008392334,21.803000068664552,-0.009454641977645435
2022-12-19,42.4640007019043,76.02224731445312,22.420000076293945,21.768000030517577,-0.12339682784522396
2022-12-20,42.335262298583984,76.02224731445312,21.479999542236328,21.723999977111816,-0.134836798151322
2022-12-21,43.35260009765625,77.0508041381836,20.06999969482422,21.66299991607666,0.08124861315400005
2022-12-22,39.60074234008789,75.85839080810547,21.969999313354492,21.743999862670897,-0.3978542417884892
2022-12-23,39.89210510253906,76.6138687133789,20.8700008392334,21.76249990463257,-0.2796488998539428
2022-12-27,39.24742889404297,76.45914459228516,21.649999618530273,21.73449993133545,-0.3558424360502727
2022-12-28,38.98994827270508,75.69454193115234,22.139999389648438,21.74699993133545,-0.47215192097583
2022-12-29,40.713905334472656,76.53195190429688,21.440000534057617,21.789999961853027,-0.21663164345053096
2022-12-30,40.68389892578125,76.09505462646484,21.670000076293945,21.88149995803833,-0.27268393048019707
2023-01-03,40.10312271118164,76.30439758300781,22.899999618530273,22.073499965667725,-0.29871267441269755
2023-01-04,40.892982482910156,76.9051513671875,22.010000228881836,22.136499977111818,-0.1551160476050749
2023-01-05,40.37028503417969,75.21212005615234,22.459999084472656,22.15099992752075,-0.40844088641909565
2023-01-06,43.10093688964844,76.14054870605469,21.1299991607666,22.073499870300292,-0.05234169441101718
2023-01-09,43.79399871826172,76.52286529541016,21.969999313354492,22.05749979019165,0.05596173156129413
2023-01-10,44.39220428466797,76.9506607055664,20.579999923706055,21.944999790191652,0.1613932271034015
2023-01-11,44.9429817199707,77.36936950683594,21.09000015258789,21.749499797821045,0.26149983597878
2023-01-12,45.49860763549805,77.43306732177734,18.829999923706055,21.56349983215332,0.318657381571731
2023-01-13,45.849979400634766,77.0781021118164,18.350000381469727,21.423999881744386,0.3065067132769588
2023-01-17,45.59056091308594,78.0429458618164,19.360000610351562,21.25049991607666,0.40135152486857223
2023-01-18,45.19368362426758,76.27709197998047,20.34000015258789,21.136499881744385,0.15030891590462053
2023-01-19,43.935325622558594,75.17570495605469,20.520000457763672,21.041499900817872,-0.09609341828227314
2023-01-20,45.73672103881836,74.47483825683594,19.850000381469727,20.95999994277954,-0.02165867016407134
2023-01-23,47.50617980957031,75.24852752685547,19.809999465942383,20.946999931335448,0.23011875345583596
2023-01-24,47.18867874145508,76.36813354492188,19.200000762939453,20.808500003814697,0.33871311107652974
2023-01-25,47.27580261230469,69.71436309814453,19.079999923706055,20.71899995803833,-0.4665900251041285
2023-01-26,48.180850982666016,69.5414047241211,18.729999542236328,20.572999954223633,-0.4072998161070698
2023-01-27,46.74147033691406,68.79501342773438,18.510000228881836,20.391499996185303,-0.6264101651331752
2023-01-30,46.33008575439453,68.31260681152344,19.940000534057617,20.316499996185303,-0.7219134629605349
2023-01-31,48.408321380615234,67.9302978515625,19.399999618530273,20.202999973297118,-0.583952528084647
2023-02-01,51.327735900878906,67.5753173828125,17.8700008392334,19.951500034332277,-0.36790328034434394
2023-02-02,52.37120819091797,68.813232421875,18.729999542236328,19.7875,-0.1239133630141231
2023-02-03,51.2299690246582,67.96672058105469,18.329999923706055,19.58100004196167,-0.3287642658842538
2023-02-06,50.42655563354492,68.73131561279297,19.43000030517578,19.49600009918213,-0.3067290278420449
2023-02-07,51.61619567871094,69.25013732910156,18.65999984741211,19.33050012588501,-0.13761860672553486
2023-02-08,50.13228988647461,68.29438781738281,19.6299991607666,19.28300008773804,-0.38626769482281176
2023-02-09,49.90093994140625,66.69239807128906,20.709999084472656,19.264000034332277,-0.6025781150049756
2023-02-10,48.88264083862305,68.03043365478516,20.530000686645508,19.34900007247925,-0.5295675760272135
2023-02-13,49.394691467285156,68.8314208984375,20.34000015258789,19.448500061035155,-0.3861905082651715
2023-02-14,49.96772766113281,69.20462036132812,18.90999984741211,19.426000022888182,-0.28966686769434
2023-02-15,50.36266326904297,70.03292083740234,18.229999542236328,19.320499992370607,-0.15335940174038934
2023-02-16,48.52738952636719,68.89514923095703,20.170000076293945,19.30299997329712,-0.4554736511934082
2023-02-17,47.97854995727539,69.24102783203125,20.020000457763672,19.311499977111815,-0.4619807163141928
2023-02-21,46.297176361083984,67.04737854003906,22.8700008392334,19.46450004577637,-0.879440086254031
2023-02-22,46.19554138183594,67.06558990478516,22.290000915527344,19.619000053405763,-0.8862462842667407
2023-02-23,46.983463287353516,66.32830810546875,21.139999389648438,19.72200002670288,-0.9063206390822404
2023-02-24,46.32815170288086,66.37380981445312,21.670000076293945,19.869000053405763,-0.9589930332930574
2023-02-27,46.72502136230469,65.83148193359375,20.950000762939453,19.99100008010864,-0.9899950956128898
2023-02-28,47.044456481933594,65.07110595703125,20.700000762939453,20.029000091552735,-1.0545221400220743
2023-03-01,47.51972961425781,64.00840759277344,20.579999923706055,20.088000106811524,-1.1421428087288812
2023-03-02,47.42874526977539,66.15211486816406,19.59000015258789,20.17400007247925,-0.8882815343663586
2023-03-03,47.590389251708984,67.6362075805664,18.489999771118164,20.16200008392334,-0.6925715449574221
2023-03-06,46.967979431152344,68.15841674804688,18.610000610351562,20.176000118255615,-0.6840698334147557
2023-03-07,46.429786682128906,67.56292724609375,19.59000015258789,20.184000110626222,-0.8046595302448772
2023-03-08,47.75979232788086,68.02096557617188,19.110000610351562,20.206500148773195,-0.6305032344109952
2023-03-09,47.4577751159668,67.57208251953125,22.610000610351562,20.35550022125244,-0.712191564155565
2023-03-10,46.34848403930664,66.885009765625,24.799999237060547,20.560000228881837,-0.8947211275666923
2023-03-13,46.17231369018555,67.14152526855469,26.520000457763672,20.859500217437745,-0.8790315656419188
2023-03-14,47.989471435546875,68.29581451416016,23.729999542236328,21.029000186920165,-0.5765088002096804
2023-03-15,47.31623840332031,69.18443298339844,26.139999389648438,21.390500164031984,-0.5277506424768957
2023-03-16,50.04999923706055,69.83487701416016,22.989999771118164,21.628500175476074,-0.20534299541633325
2023-03-17,49.38646697998047,69.32183837890625,25.510000228881836,21.89550018310547,-0.3269956985673675
2023-03-20,49.86540985107422,69.5966796875,24.149999618530273,22.102000141143797,-0.25085208462769404
2023-03-21,49.28932571411133,69.03785705566406,21.3799991607666,22.027500057220458,-0.3703284511136429
2023-03-22,49.18634796142578,67.9110336303711,22.260000228881836,22.026000022888184,-0.5171693752141797
2023-03-23,50.86604690551758,67.61788940429688,22.610000610351562,22.09950008392334,-0.40372794423814123
2023-03-24,48.774436950683594,69.34016418457031,21.739999771118164,22.10300006866455,-0.3791427102142468
2023-03-27,48.16337203979492,69.11114501953125,20.600000381469727,22.085500049591065,-0.46142781972467267
2023-03-28,47.12485122680664,68.92792510986328,19.969999313354492,22.048999977111816,-0.5761012212619911
2023-03-29,50.104400634765625,69.72493743896484,19.1200008392334,21.976000022888183,-0.21394263334365535
2023-03-30,51.62089157104492,70.16468811035156,19.020000457763672,21.947500038146973,-0.025449481665315236
2023-03-31,51.500431060791016,70.61356353759766,18.700000762939453,21.958000087738036,0.018695640383931494
2023-04-03,50.66397476196289,70.23794555664062,18.549999237060547,21.955000019073488,-0.10153160135496588
2023-04-04,48.99107360839844,70.68685913085938,19.0,21.925500011444093,-0.1953350192539869
2023-04-05,47.94090270996094,71.75869750976562,19.079999923706055,21.923999977111816,-0.15768415045321477
2023-04-06,47.97102355957031,72.34500885009766,18.399999618530273,21.71349992752075,-0.0833643194627569
2023-04-10,49.299034118652344,71.85030364990234,18.969999313354492,21.42199993133545,-0.025804041505941393
2023-04-11,49.30389404296875,71.76783752441406,19.100000381469727,21.050999927520753,-0.035448973610413305
2023-04-12,48.2896614074707,71.99687957763672,19.09000015258789,20.81899995803833,-0.09758848905118551
2023-04-13,48.41402053833008,72.2350845336914,17.799999237060547,20.401999950408936,-0.0574306570776387
2023-04-14,48.655921936035156,71.4747085571289,17.06999969482422,20.10599994659424,-0.12884751411191048
2023-04-17,47.86123275756836,71.9510726928711,16.950000762939453,19.67799997329712,-0.14125686407504914
2023-04-18,48.124507904052734,71.731201171875,16.829999923706055,19.311999988555907,-0.14472846363846012
2023-04-19,47.7019157409668,72.31752014160156,16.459999084472656,19.06599998474121,-0.11063674851102388
2023-04-20,51.15068054199219,72.14346313476562,17.170000076293945,18.811499977111815,0.17455930633554556
2023-04-21,50.244300842285156,72.36332702636719,16.770000457763672,18.51949996948242,0.12088232536307061
2023-04-24,49.9713020324707,72.40914154052734,16.889999389648438,18.276999950408936,0.10222128595845092
2023-04-25,48.54710388183594,71.29146575927734,18.760000228881836,18.18499994277954,-0.16090833364682297
2023-04-26,48.32171630859375,67.85608673095703,18.84000015258789,18.12849998474121,-0.6007165306778812
2023-04-27,50.40944290161133,69.48674774169922,17.030000686645508,18.023999977111817,-0.21594107272183413
2023-04-28,50.91365051269531,70.20130157470703,15.779999732971191,17.86199994087219,-0.08382252275170982
2023-05-01,50.88936233520508,70.3570556640625,16.079999923706055,17.73099989891052,-0.0669487399054305
2023-05-02,50.699920654296875,69.5691909790039,17.780000686645508,17.692499971389772,-0.18005459873740756
2023-05-03,49.987823486328125,69.06534576416016,18.34000015258789,17.659499979019166,-0.3048995109359729
2023-05-04,49.76341247558594,69.1752700805664,20.09000015258789,17.709999990463256,-0.3114091559419953
2023-05-05,51.465457916259766,69.1752700805664,17.190000534057617,17.649500036239623,-0.16016175191375287
2023-05-08,51.176918029785156,69.67912292480469,16.979999542236328,17.550000047683717,-0.12423465970634438
2023-05-09,50.10634231567383,69.23939514160156,17.709999084472656,17.480499982833862,-0.27310003271143274
2023-05-10,51.22646713256836,70.43951416015625,16.940000534057617,17.37300000190735,-0.02691702232570962
2023-05-11,51.24395751953125,69.71577453613281,16.93000030517578,17.32950005531311,-0.113798811304592
2023-05-12,51.20703125,71.41972351074219,17.030000686645508,17.327500104904175,0.09113072873239819
2023-05-15,53.65226745605469,71.03496551513672,17.1200008392334,17.33600010871887,0.26140486595897294
2023-05-16,54.29928207397461,69.47758483886719,17.989999771118164,17.39400010108948,0.1285987251257956
2023-05-17,55.77399444580078,69.01952362060547,16.8700008392334,17.414500188827514,0.2036728839011292
2023-05-18,58.1667594909668,68.79965209960938,16.049999237060547,17.358500146865843,0.38943231858816335
2023-05-19,57.20693588256836,68.23167419433594,16.809999465942383,17.36050009727478,0.2347373289403549
2023-05-22,56.83873748779297,68.32328796386719,17.209999084472656,17.37650008201599,0.2132130056186787
2023-05-23,55.71376419067383,67.93852996826172,18.530000686645508,17.365000104904176,0.06623067818927672
2023-05-24,54.97348403930664,68.0118179321289,20.030000686645508,17.424500131607054,0.00940308502826242
2023-05-25,58.493186950683594,67.2331314086914,19.139999389648438,17.530000066757204,0.22702126895308866
2023-05-26,61.033626556396484,68.15325164794922,17.950000762939453,17.638500118255614,0.5652025621269716
2023-05-30,61.19974136352539,67.01923370361328,17.459999084472656,17.707500076293947,0.44139465842658837
2023-05-31,59.911556243896484,67.72914123535156,17.940000534057617,17.71550006866455,0.413669604457268
2023-06-01,60.21854019165039,67.26815795898438,15.649999618530273,17.58100004196167,0.38461985845314245
2023-06-02,59.617191314697266,68.0887222290039,14.600000381469727,17.306500053405763,0.4314500394500055
2023-06-05,58.83418273925781,67.8489990234375,14.729999542236328,17.183500003814697,0.3325776871678745
2023-06-06,59.474388122558594,67.65538024902344,13.960000038146973,17.03250002861023,0.36580882163957745
2023-06-07,59.336429595947266,68.38375854492188,13.9399995803833,16.84400005340576,0.4425523675731184
2023-06-08,59.70171356201172,69.05682373046875,13.649999618530273,16.679500007629393,0.55725623644463
2023-06-09,58.929378509521484,68.29156494140625,13.829999923706055,16.52449998855591,0.3951155094945957
2023-06-12,60.96367263793945,68.2085952758789,15.010000228881836,16.423499965667723,0.5657489191360482
2023-06-13,60.93785858154297,68.54972076416016,14.609999656677246,16.297999906539918,0.6051382237034516
2023-06-14,61.3752555847168,67.67384338378906,13.880000114440918,16.092499923706054,0.5369800449586885
2023-06-15,60.49557876586914,68.5589370727539,14.5,15.973999881744385,0.5669624615686709
2023-06-16,59.682151794433594,69.6929702758789,13.539999961853027,15.84849991798401,0.6332506841777573
2023-06-20,59.8409423828125,68.92774200439453,13.880000114440918,15.701999950408936,0.5538555053979907
2023-06-21,59.01485824584961,69.8681640625,13.199999809265137,15.50149998664856,0.5953610300689948
2023-06-22,60.38550567626953,69.26885986328125,12.90999984741211,15.220499944686889,0.643928830892173
2023-06-23,59.30320739746094,68.38375854492188,13.4399995803833,14.890999889373779,0.4396001718460884
2023-06-26,60.43032455444336,68.49440002441406,14.25,14.646499919891358,0.5532778475203566
2023-06-27,63.23884201049805,68.14405059814453,13.739999771118164,14.435999870300293,0.7600384262225709
2023-06-28,62.558868408203125,67.7107162475586,13.430000305175781,14.23449993133545,0.6466640272837151
2023-06-29,62.381568908691406,67.1298599243164,13.539999961853027,14.01449990272522,0.5599321518775422
2023-06-30,62.625118255615234,68.41142272949219,13.59000015258789,13.9114999294281,0.7381726607637248
2023-07-03,63.41709518432617,68.57737731933594,13.569999694824219,13.859999895095825,0.8288279408284241
2023-07-05,61.234004974365234,69.1029052734375,14.180000305175781,13.832499933242797,0.6990497826161658
2023-07-06,60.49557876586914,67.32347106933594,15.4399995803833,13.906499910354615,0.41599698265962615
2023-07-07,60.190670013427734,66.42915344238281,14.829999923706055,13.950999927520751,0.2796226525220535
2023-07-10,61.14242935180664,66.11566925048828,15.069999694824219,14.021999931335449,0.3258924062891321
2023-07-11,60.341670989990234,66.55823516845703,14.84000015258789,14.07249994277954,0.30881382510088873
2023-07-12,60.65144729614258,67.73836517333984,13.539999961853027,13.9989999294281,0.48054501038550207
2023-07-13,62.18088912963867,67.95964050292969,13.609999656677246,13.948999929428101,0.6434928169888725
2023-07-14,62.206214904785156,67.48942565917969,13.34000015258789,13.92199993133545,0.5882862881209342
2023-07-17,64.30164337158203,66.99156951904297,13.479999542236328,13.870999908447265,0.7136559420743801
2023-07-18,63.89931869506836,66.42915344238281,13.300000190734863,13.858999919891357,0.6091811191449202
2023-07-19,62.35721206665039,66.47525024414062,13.760000228881836,13.852999925613403,0.4777789338703686
2023-07-20,59.96173858642578,68.31922149658203,13.989999771118164,13.892499923706055,0.49023267899007883
2023-07-21,60.751792907714844,69.97879791259766,13.600000381469727,13.926999950408936,0.7632274633357602
2023-07-24,62.25199890136719,69.61000061035156,13.90999984741211,13.950499963760375,0.8514744787668724
2023-07-25,63.34404373168945,69.55469512939453,13.859999656677246,13.930999946594238,0.9417579710368882
2023-07-26,62.5773811340332,68.56816101074219,13.1899995803833,13.903499937057495,0.7530829817098137
2023-07-27,68.38143157958984,67.55397033691406,14.40999984741211,13.952499914169312,1.1449161878595233
2023-07-28,70.26255798339844,67.166748046875,13.329999923706055,13.941999912261963,1.2647611997146535
2023-07-31,69.99270629882812,67.5816421508789,13.630000114440918,13.943999910354615,1.2914788171596079
2023-08-01,69.74040222167969,66.53978729248047,13.930000305175781,13.961999940872193,1.141751012557002
2023-08-02,66.81595611572266,66.3000717163086,16.09000015258789,14.057499933242799,0.8525868661246576
2023-08-03,67.54462432861328,64.63127136230469,15.920000076293945,14.08149995803833,0.713421917606554
2023-08-04,67.26213073730469,63.773826599121094,17.100000381469727,14.194999980926514,0.5835450579667453
2023-08-07,68.71363830566406,63.28517532348633,15.770000457763672,14.230000019073486,0.6528192928201959
2023-08-08,67.80181121826172,63.34971618652344,15.989999771118164,14.2875,0.5796788356532622
2023-08-09,66.83251953125,63.543338775634766,15.960000038146973,14.408500003814698,0.5172048533856672
2023-08-10,66.86565399169922,62.962486267089844,15.850000381469727,14.520500040054321,0.4491730565890799
2023-08-11,63.512569427490234,63.543338775634766,14.84000015258789,14.595500040054322,0.22218697507439997
2023-08-14,64.99622344970703,63.21141052246094,14.819999694824219,14.662500047683716,0.3134682919968933
2023-08-15,63.88859939575195,62.09580612182617,16.459999084472656,14.820499992370605,0.07872323331248339
2023-08-16,62.95924758911133,62.289432525634766,16.780000686645508,14.971500015258789,0.019798860504872715
2023-08-17,63.180381774902344,62.24333953857422,17.889999389648438,15.166499996185303,0.03381707083286336
2023-08-18,63.607078552246094,62.538360595703125,17.299999237060547,15.351499938964844,0.10778381193704911
2023-08-21,65.19496154785156,61.84688186645508,17.1299991607666,15.512499904632568,0.16439253455775757
2023-08-22,64.9592056274414,62.25254440307617,16.969999313354492,15.667999887466431,0.1930119403770932
2023-08-23,66.05709838867188,62.59368133544922,15.979999542236328,15.807499885559082,0.3322576383850039
2023-08-24,63.898345947265625,61.975948333740234,17.200000762939453,15.94699993133545,0.06494353244648197
2023-08-25,64.32113647460938,62.658233642578125,15.680000305175781,16.064499950408937,0.18588419342566484
2023-08-28,64.91049194335938,62.713539123535156,15.079999923706055,16.136999940872194,0.24501353367456946
2023-08-29,66.69613647460938,62.674560546875,14.449999809265137,16.16299991607666,0.39892681703396443
2023-08-30,66.87928771972656,62.28463363647461,13.880000114440918,16.05249991416931,0.3675556327640237
2023-08-31,68.4252700805664,62.01540756225586,13.569999694824219,15.934999895095824,0.4720373559453209
2023-09-01,68.38241577148438,62.08039093017578,13.09000015258789,15.734499883651733,0.476169752462211
2023-09-05,68.26648712158203,61.45838165283203,14.010000228881836,15.646499872207642,0.3898628132546836
2023-09-06,67.8251953125,60.98490905761719,14.449999809265137,15.56949987411499,0.2927935713473172
2023-09-07,65.92168426513672,61.50480270385742,14.399999618530273,15.491499853134155,0.18717094263742354
2023-09-08,65.15988159179688,62.04325866699219,13.84000015258789,15.390999841690064,0.18527115375932723
2023-09-11,64.6533203125,62.6931266784668,13.800000190734863,15.338999843597412,0.21966645073617647
2023-09-12,63.7758674621582,62.87879180908203,14.229999542236328,15.309499835968017,0.16438111733945654
2023-09-13,64.35823059082031,63.528656005859375,13.479999542236328,15.160499858856202,0.29554010380239926
2023-09-14,64.14032745361328,64.3177719116211,12.819999694824219,14.962499809265136,0.372601320066293
2023-09-15,60.884605407714844,63.72361373901367,13.789999961853027,14.757499837875367,0.010688827669985686
2023-09-18,62.109901428222656,63.352264404296875,14.0,14.59249987602234,0.07419491308882845
2023-09-19,61.08393859863281,62.748817443847656,14.109999656677246,14.44149990081787,-0.09071142491067989
2023-09-20,60.46933364868164,62.526004791259766,15.140000343322754,14.349999952316285,-0.17255271658777183
2023-09-21,59.641727447509766,62.11752700805664,17.540000915527344,14.428000020980836,-0.2960087623346541
2023-09-22,60.49375915527344,62.85093688964844,17.200000762939453,14.428000020980836,-0.13067773809939567
2023-09-25,60.638370513916016,62.63741683959961,16.899999618530273,14.48899998664856,-0.1439179498325419
2023-09-26,59.212772369384766,60.659976959228516,18.940000534057617,14.682000017166137,-0.5122292568019589
2023-09-27,59.98664855957031,55.665321350097656,18.219999313354492,14.870499992370606,-1.0537736475404562
2023-09-28,61.315513610839844,52.991607666015625,17.34000015258789,15.043499994277955,-1.2623973414571374
2023-09-29,61.24222946166992,53.18656539916992,17.520000457763672,15.241000032424926,-1.2450870290071356
2023-10-02,61.643829345703125,48.41471862792969,17.610000610351562,15.467000055313111,-1.7924869767407523
2023-10-03,60.39605712890625,48.99959182739258,19.780000686645508,15.755500078201294,-1.8318991921284449
2023-10-04,61.790382385253906,46.99430847167969,18.579999923706055,15.96200008392334,-1.953028346650034
2023-10-05,61.15038299560547,45.90810775756836,18.489999771118164,16.166500091552734,-2.1426263469170816
2023-10-06,61.3731575012207,46.64152526855469,17.450000762939453,16.347000122070312,-2.0332115334176115
2023-10-09,61.33212661743164,45.78742218017578,17.700000762939453,16.542000150680543,-2.141223169838512
2023-10-10,61.985809326171875,47.88554763793945,17.030000686645508,16.682000207901,-1.8267589716193602
2023-10-11,62.70398712158203,49.705162048339844,16.09000015258789,16.81250023841858,-1.5405957431735535
2023-10-12,63.996700286865234,49.20384216308594,16.690000534057617,17.00600028038025,-1.4869803364281813
2023-10-13,63.03522872924805,50.587120056152344,19.31999969482422,17.28250026702881,-1.4033916798676478
2023-10-16,63.580440521240234,50.4849967956543,17.209999084472656,17.44300022125244,-1.36742175464026
2023-10-17,63.50716781616211,50.2900390625,17.8799991607666,17.63150019645691,-1.397755423116994
2023-10-18,62.75381088256836,49.42665100097656,19.219999313354492,17.835500144958495,-1.5702004383764694
2023-10-19,58.81704330444336,48.63753128051758,21.399999618530273,18.028500080108643,-2.0164550607879512
2023-10-20,58.660709381103516,48.23833084106445,21.709999084472656,18.253999996185303,-2.079126786080027
2023-10-23,58.58546829223633,47.8298454284668,20.3700008392334,18.42750005722046,-2.1357269884693832
2023-10-24,59.01931381225586,51.17198944091797,18.969999313354492,18.428999996185304,-1.6887874517182793
2023-10-25,56.99864196777344,52.416015625,20.190000534057617,18.527500057220458,-1.716337206236606
2023-10-26,57.17354965209961,53.44650650024414,20.68000030517578,18.694500064849855,-1.5748756117644582
2023-10-27,57.06509017944336,52.21177673339844,21.270000457763672,18.882000064849855,-1.7353890686950262
2023-10-30,57.014278411865234,53.10301208496094,19.75,18.989000034332275,-1.631001458930716
2023-10-31,57.47547912597656,54.12422180175781,18.139999389648438,18.90699996948242,-1.4652333464848464
2023-11-01,59.27726364135742,54.244911193847656,16.8700008392334,18.82150001525879,-1.2903754979911628
2023-11-02,60.90121841430664,55.618900299072266,15.65999984741211,18.680000019073486,-0.9781753453407122
2023-11-03,61.95650100708008,55.12687301635742,14.90999984741211,18.55299997329712,-0.9445230355514413
2023-11-06,62.44211959838867,54.811222076416016,14.890000343322754,18.412499952316285,-0.9399403089114446
2023-11-07,62.65806198120117,54.272762298583984,14.8100004196167,18.301499938964845,-0.9865473009368536
2023-11-08,63.275604248046875,53.381526947021484,14.449999809265137,18.219499921798707,-1.0405740244701118
2023-11-09,63.53746032714844,50.8006477355957,15.289999961853027,18.149499893188477,-1.3326706850710592
2023-11-10,66.97394561767578,51.190555572509766,14.170000076293945,17.891999912261962,-0.9796531748051234
2023-11-13,65.80142974853516,50.59640121459961,14.760000228881836,17.76949996948242,-1.1564470375015719
2023-11-14,67.9012222290039,53.42793655395508,14.15999984741211,17.5835000038147,-0.6238607656323869
2023-11-15,68.19239807128906,52.917335510253906,14.180000305175781,17.33150005340576,-0.6603782048882773
2023-11-16,68.44058227539062,52.54598617553711,14.319999694824219,16.97750005722046,-0.6837003686719109
2023-11-17,68.43081665039062,53.260833740234375,13.800000190734863,16.58200011253357,-0.5972186895087463
2023-11-20,70.26875305175781,53.23299026489258,13.40999984741211,16.234000062942506,-0.43729800547790115
2023-11-21,69.11772918701172,53.827144622802734,13.350000381469727,15.953000116348267,-0.46697886108727604
2023-11-22,70.1036376953125,53.78783416748047,12.850000381469727,15.586000108718872,-0.3841723872424474
2023-11-24,70.10752868652344,53.862701416015625,12.460000038146973,15.175000095367432,-0.374678360725953
2023-11-27,70.5912094116211,53.89078903198242,12.6899995803833,14.746000051498413,-0.32826534115387734
2023-11-28,69.4128189086914,54.43362808227539,12.6899995803833,14.393000030517578,-0.3666484337823542
2023-11-29,69.76457214355469,54.620811462402344,12.979999542236328,14.135000038146973,-0.31251836152195667
2023-11-30,69.95315551757812,54.761192321777344,12.920000076293945,13.9375,-0.27860685993882145
2023-12-01,70.55504608154297,55.37891387939453,12.630000114440918,13.78600001335144,-0.1496402339729555
2023-12-04,69.38056945800781,54.910945892333984,13.079999923706055,13.694500017166138,-0.311189223748801
2023-12-05,68.1181411743164,54.49913787841797,12.850000381469727,13.592500019073487,-0.47369142260743674
2023-12-06,67.8963394165039,56.342918395996094,12.970000267028809,13.500500011444093,-0.2681038582262168
2023-12-07,69.18222045898438,56.015350341796875,13.0600004196167,13.43100004196167,-0.19386428552393292
2023-12-08,68.70733642578125,55.87495803833008,12.350000381469727,13.284000062942505,-0.253218475392748
2023-12-11,71.87511444091797,55.884315490722656,12.630000114440918,13.207000064849854,0.029420481691413206
2023-12-12,71.64488220214844,55.70648956298828,12.069999694824219,13.072500038146973,-0.012767557975080345
2023-12-13,71.97897338867188,58.504913330078125,12.1899995803833,12.974000024795533,0.35886870716314334
2023-12-14,75.16912841796875,58.75761795043945,12.479999542236328,12.88899998664856,0.6732314899180483
2023-12-15,75.785400390625,57.55962371826172,12.279999732971191,12.786999988555909,0.5816080523442042
2023-12-18,75.43463134765625,57.0916633605957,12.5600004196167,12.725,0.4932564150069324
2023-12-19,76.52120971679688,57.62514877319336,12.529999732971191,12.680999994277954,0.6550003580056813
2023-12-20,73.96595001220703,56.005985260009766,13.670000076293945,12.696999979019164,0.23008382160139224
2023-12-21,76.1204833984375,55.7813606262207,13.649999618530273,12.736999940872192,0.3940926829188175
2023-12-22,76.42127990722656,55.9217529296875,13.029999732971191,12.765499925613403,0.43797708243297184
2023-12-26,77.96147155761719,56.352272033691406,12.989999771118164,12.780499935150146,0.6274482960697861
2023-12-27,77.88504028320312,56.698570251464844,12.430000305175781,12.767499971389771,0.6629717183054875
2023-12-28,77.36968231201172,57.11037826538086,12.470000267028809,12.742000007629395,0.667496022131155
2023-12-29,76.74165344238281,56.84832000732422,12.449999809265137,12.718499994277954,0.5796663081581617
2024-01-02,73.41435241699219,57.62514877319336,13.199999809265137,12.746999979019165,0.3789183627473044
2024-01-03,72.20237731933594,58.01823043823242,14.039999961853027,12.794999980926514,0.31925154490217383
2024-01-04,71.62919616699219,57.84040451049805,14.130000114440918,12.858999967575073,0.24658833010059852
2024-01-05,71.75852966308594,58.10247039794922,13.350000381469727,12.877999973297118,0.2901038371216229
2024-01-08,74.18445587158203,58.888648986816406,13.079999923706055,12.878999948501587,0.6017424727358917
2024-01-09,73.68083953857422,58.036949157714844,12.760000228881836,12.899499940872193,0.4529181641478001
2024-01-10,73.45256805419922,58.28965377807617,12.6899995803833,12.902499914169312,0.46351224384768985
2024-01-11,74.4822998046875,56.82960510253906,12.4399995803833,12.920999908447266,0.376608470750588
2024-01-12,74.43037414550781,57.12909698486328,12.699999809265137,12.946499919891357,0.4085901010268389
2024-01-16,74.57440185546875,56.483306884765625,13.84000015258789,13.014499950408936,0.34247758727325345
2024-01-17,73.7670669555664,54.53657913208008,14.789999961853027,13.139999961853027,0.032859288214068805
2024-01-18,76.97583770751953,53.95630645751953,14.130000114440918,13.218499946594239,0.24709218695781515
2024-01-19,80.9605484008789,53.59128952026367,13.300000190734863,13.256999969482422,0.5565795470760357
2024-01-22,81.66795349121094,53.207557678222656,13.1899995803833,13.23299994468689,0.5725516774617398
2024-01-23,81.35932922363281,53.7036018371582,12.550000190734863,13.17799997329712,0.605739860708266
2024-01-24,83.10038757324219,53.357303619384766,13.140000343322754,13.183500003814697,0.7181387663857008
2024-01-25,84.80909729003906,54.26515579223633,13.449999809265137,13.206500005722045,0.9809116862339873
2024-01-26,82.20682525634766,54.733123779296875,13.260000228881836,13.248000001907348,0.8068506996707026
2024-01-29,82.86917114257812,55.75328063964844,13.600000381469727,13.304500007629395,0.9903643511676293
2024-01-30,81.8884048461914,55.481868743896484,13.3100004196167,13.347500038146972,0.8700466833833954
2024-01-31,80.84788513183594,54.87350845336914,14.350000381469727,13.405000066757202,0.7032464141551857
2024-02-01,81.53764343261719,55.9217529296875,13.880000114440918,13.397000074386597,0.8926281057180858
2024-02-02,82.17352294921875,54.42426681518555,13.850000381469727,13.383000087738036,0.7661511809154823
2024-02-05,83.40998077392578,52.383941650390625,13.670000076293945,13.399000072479248,0.6267117193036208
2024-02-06,81.7737808227539,52.627281188964844,13.0600004196167,13.39800009727478,0.5110499105246675
2024-02-07,83.13761901855469,52.767677307128906,12.829999923706055,13.40150008201599,0.6493989377545667
2024-02-08,84.68761444091797,52.68343734741211,12.789999961853027,13.406500101089478,0.7768413056530282
2024-02-09,89.31409454345703,52.95486068725586,12.930000305175781,13.431000137329102,1.221126310592956
2024-02-12,88.96334075927734,53.862701416015625,13.930000305175781,13.492500162124633,1.3008894935138122
2024-02-13,87.45350646972656,51.7100715637207,15.850000381469727,13.593000173568726,0.9036857682612126
2024-02-14,89.71775817871094,52.42137145996094,14.380000114440918,13.57250018119812,1.1918079984134862
2024-02-15,89.5296401977539,53.600650787353516,14.010000228881836,13.566500186920166,1.3191912837827418
2024-02-16,90.7298583984375,53.37602996826172,14.239999771118164,13.613500165939332,1.3983981194813035
2024-02-20,88.2226333618164,52.98293685913086,15.420000076293945,13.725000190734864,1.1275674476290563
2024-02-21,88.36862182617188,53.44153594970703,15.34000015258789,13.864500188827515,1.1965779613788363
2024-02-22,92.52579498291016,53.03908920288086,14.539999961853027,13.934500169754028,1.5168170392256968
2024-02-23,90.97187042236328,53.14204406738281,13.75,13.949500179290771,1.391312352801725
2024-02-26,91.97711944580078,52.08892822265625,13.739999771118164,13.973500156402588,1.3519573953258581
2024-02-27,91.19035339355469,52.47617721557617,13.430000305175781,13.96500015258789,1.3293628515893665
2024-02-28,90.4006576538086,51.98503494262695,13.84000015258789,13.99150013923645,1.1991745765144404
2024-02-29,91.9271469116211,52.126708984375,13.399999618530273,13.944000101089477,1.352133279054705
2024-03-01,96.16761779785156,52.14559555053711,13.109999656677246,13.905500078201294,1.731258415016474
2024-03-04,95.77470397949219,51.91891860961914,13.489999771118164,13.887500047683716,1.6686448826538736
2024-03-05,94.36187744140625,52.32505416870117,14.460000038146973,13.927000045776367,1.5927250719355948
2024-03-06,96.199951171875,52.44784164428711,14.5,13.999000024795532,1.7710640292467295
2024-03-07,97.44522857666016,53.12787628173828,14.4399995803833,14.079500007629395,1.964817619490552
2024-03-08,93.72993469238281,54.601287841796875,14.739999771118164,14.17699999809265,1.8147094412038949
2024-03-11,91.23641204833984,54.657955169677734,15.220000267028809,14.291499996185303,1.6000540364824678
2024-03-12,93.36021423339844,53.97792053222656,13.84000015258789,14.286999988555909,1.7056840759299123
2024-03-13,90.9919204711914,56.235267639160156,13.75,14.181999969482423,1.771064765551926
2024-03-14,90.89080047607422,56.235267639160156,14.399999618530273,14.18299994468689,1.7620790261636943
2024-03-15,89.36003112792969,56.745296478271484,14.40999984741211,14.202999925613403,1.6883736115170558
2024-03-18,90.85150909423828,56.83029556274414,14.329999923706055,14.207499933242797,1.8312958443092924
2024-03-19,91.41806030273438,57.86924743652344,13.819999694824219,14.127499914169311,2.008593597366394
2024-03-20,93.18839263916016,58.74761962890625,13.039999961853027,14.012499904632568,2.2732401836190874
2024-03-21,96.47672271728516,57.95425033569336,12.920000076293945,13.931499910354614,2.468503948082886
2024-03-22,96.01818084716797,58.35093307495117,13.0600004196167,13.896999931335449,2.4762288474540797
2024-03-25,95.38584899902344,59.134864807128906,13.1899995803833,13.869499921798706,2.5158295701785733
2024-03-26,94.97050476074219,58.02035903930664,13.239999771118164,13.859999895095825,2.3427362243370777
2024-03-27,94.81733703613281,60.24937438964844,12.779999732971191,13.80699987411499,2.6014958124691674
2024-03-28,95.39663696289062,60.362709045410156,13.010000228881836,13.787499904632568,2.666822363199756
2024-04-01,96.4001235961914,59.86212921142578,13.649999618530273,13.81449990272522,2.694826909917426
2024-04-02,94.9803237915039,59.3898811340332,14.609999656677246,13.870499897003175,2.5109549790192065
2024-04-03,96.06431579589844,59.07819747924805,14.329999923706055,13.863999891281129,2.5691952240565943
2024-04-04,93.43878173828125,60.19269561767578,16.350000381469727,13.956499910354614,2.472068678009185
2024-04-05,95.10305786132812,60.61772155761719,16.030000686645508,14.035999965667724,2.671895076699985
2024-04-08,94.97344207763672,61.259979248046875,15.1899995803833,14.058499956130982,2.738856628841871
2024-04-09,95.5704345703125,61.75111770629883,14.979999542236328,14.046499919891357,2.851920414437911
2024-04-10,94.42163848876953,60.4571647644043,15.800000190734863,14.144499921798706,2.591723751671445
2024-04-11,96.56607055664062,60.391048431396484,14.90999984741211,14.202499914169312,2.7742036162904964
2024-04-12,93.96996307373047,59.57878112792969,17.309999465942383,14.347999906539917,2.444254445927804
2024-04-15,92.90266418457031,59.267093658447266,19.229999542236328,14.588999891281128,2.3113259074777557
2024-04-16,94.57775115966797,58.27537536621094,18.399999618530273,14.792499876022339,2.3389965454861383
2024-04-17,89.5730972290039,60.24937438964844,18.209999084472656,15.01199984550476,2.135481428848596
2024-04-18,87.28140258789062,60.4571647644043,18.0,15.259999847412109,1.9572270935036986
2024-04-19,85.4482192993164,60.73106384277344,18.709999084472656,15.549499797821046,1.8277950897168107
2024-04-22,85.23417663574219,61.68500518798828,16.940000534057617,15.743499803543092,1.9253398950821479
2024-04-23,87.13411712646484,62.52560043334961,15.6899995803833,15.868499803543092,2.196887655537153
2024-04-24,86.88568878173828,62.86561584472656,15.970000267028809,16.004999828338622,2.216359333762618
2024-04-25,88.51366424560547,63.1867561340332,15.369999885559082,16.13449983596802,2.400265863540263
2024-04-26,90.86035919189453,62.3272590637207,15.029999732971191,16.235499811172485,2.5037735518069657
2024-04-29,91.1981201171875,63.67789840698242,14.670000076293945,16.28649983406067,2.698826582938968
2024-04-30,87.82044982910156,63.252864837646484,15.649999618530273,16.33849983215332,2.3467433760015433
