Date,META,LOW,VIX,AvgVIX,zscore
2020-01-30,207.8985137939453,106.78424835205078,15.489999771118164,13.696000051498412,-0.37144837190861646
2020-01-31,200.33786010742188,103.68024444580078,18.84000015258789,14.014500045776368,-0.51608598613367
2020-02-03,202.60009765625,104.5186767578125,17.969999313354492,14.211999988555908,-0.4681375938853819
2020-02-04,208.1962127685547,106.4542007446289,16.049999237060547,14.32199993133545,-0.3423639885398385
2020-02-05,208.47401428222656,108.933837890625,15.149999618530273,14.389999914169312,-0.4593875499695072
2020-02-06,209.20826721191406,108.38082122802734,14.960000038146973,14.465499925613404,-0.401151956812057
2020-02-07,210.67669677734375,108.35406494140625,15.470000267028809,14.611999940872192,-0.3404994285400541
2020-02-10,211.40101623535156,108.11325073242188,15.039999961853027,14.735999917984008,-0.29881054217741043
2020-02-11,205.5767364501953,109.73660278320312,15.180000305175781,14.878999948501587,-0.6178431405712965
2020-02-12,209.1189422607422,111.52046203613281,13.739999771118164,14.946499919891357,-0.5671260482513089
2020-02-13,211.4804229736328,111.28857421875,14.149999618530273,15.032999897003174,-0.45981963403659776
2020-02-14,212.51229858398438,111.86834716796875,13.680000305175781,15.100999927520752,-0.44815440274036267
2020-02-18,216.1041259765625,109.91498565673828,14.829999923706055,15.237499904632568,-0.20216145593022988
2020-02-19,215.79653930664062,110.10230255126953,14.380000114440918,15.313999891281128,-0.2242635066201378
2020-02-20,212.90919494628906,112.89408111572266,15.5600004196167,15.446499919891357,-0.4851814169181033
2020-02-21,208.54344177246094,111.7702407836914,17.079999923706055,15.651499938964843,-0.6032719053869358
2020-02-24,199.1571044921875,109.62955474853516,25.030000686645508,16.174999952316284,-0.8714164956440325
2020-02-25,195.23788452148438,105.71387481689453,27.850000381469727,16.655999994277956,-0.8271020266664608
2020-02-26,195.66453552246094,101.05792999267578,27.559999465942383,17.219999933242796,-0.5690960296206774
2020-02-27,188.27255249023438,95.99164581298828,39.15999984741211,18.35849995613098,-0.6054450345641378
2020-02-28,190.97134399414062,95.05509948730469,40.11000061035156,19.589499998092652,-0.44808215456968525
2020-03-02,194.9104461669922,99.0421142578125,33.41999816894531,20.318499898910524,-0.4952832692372982
2020-03-03,184.44259643554688,96.830078125,36.81999969482422,21.26099991798401,-0.8033899836808497
2020-03-04,190.26687622070312,101.04899597167969,31.989999771118164,22.05799994468689,-0.786494522817615
2020-03-05,183.72821044921875,95.90243530273438,39.619998931884766,23.281499910354615,-0.7842503495657688
2020-03-06,179.67996215820312,93.93123626708984,41.939998626708984,24.630499839782715,-0.8457039370861875
2020-03-09,168.1802215576172,84.0395278930664,54.459999084472656,26.57999978065491,-0.7983001637346604
2020-03-10,176.80252075195312,92.7806167602539,47.29999923706055,28.192999744415282,-0.9023382274330015
2020-03-11,168.91444396972656,88.43683624267578,53.900001525878906,30.12899980545044,-0.9960753765671854
2020-03-12,153.26724243164062,80.20413970947266,75.47000122070312,33.21549987792969,-1.2018685492344243
2020-03-13,168.9541473388672,86.06422424316406,57.83000183105469,35.39949998855591,-0.8717715528988801
2020-03-16,144.8731231689453,64.74665832519531,82.69000244140625,38.850000095367434,-0.7412776690806937
2020-03-17,148.25656127929688,65.81697082519531,75.91000366210938,41.9040002822876,-0.6600671873288474
2020-03-18,145.8157196044922,57.994571685791016,76.44999694824219,45.007500123977664,-0.35404360063843093
2020-03-19,151.9376678466797,62.320526123046875,72.0,47.829500102996825,-0.3306691079198311
2020-03-20,148.56414794921875,59.18978500366211,66.04000091552734,50.27750015258789,-0.3049227408190247
2020-03-23,146.9468536376953,60.47419357299805,61.59000015258789,52.10550012588501,-0.43662413454049664
2020-03-24,159.72653198242188,68.94771575927734,61.66999816894531,53.796500015258786,-0.3590245077410173
2020-03-25,154.99368286132812,74.67401885986328,63.95000076293945,55.61600008010864,-0.8461917695762085
2020-03-26,162.0681610107422,78.58969116210938,61.0,56.708000087738036,-0.7631531978168654
2020-03-27,155.56918334960938,77.58182525634766,65.54000091552734,57.97950010299682,-0.9733426710078422
2020-03-30,164.6578369140625,79.12487030029297,57.08000183105469,59.16250028610229,-0.6863057734251731
2020-03-31,165.50123596191406,76.75228118896484,53.540000915527344,59.99850034713745,-0.5295643390142982
2020-04-01,158.35728454589844,71.73060607910156,57.060001373291016,61.252000427246095,-0.5582092725114809
2020-04-02,156.95828247070312,73.90696716308594,50.90999984741211,61.81650047302246,-0.7272279048466864
2020-04-03,152.97950744628906,73.31826782226562,46.79999923706055,62.059500503540036,-0.857374363547822
2020-04-06,164.26097106933594,79.17839813232422,45.2400016784668,61.598500633239745,-0.7050923170405959
2020-04-07,167.51541137695312,81.13175964355469,46.70000076293945,61.568500709533694,-0.6747559561759316
2020-04-08,172.9229736328125,84.15547180175781,43.349998474121094,61.041000556945804,-0.6128691523552838
2020-04-09,173.82589721679688,85.01174926757812,41.66999816894531,59.35100040435791,-0.6207083149485452
2020-04-13,173.4290008544922,84.91363525390625,41.16999816894531,58.51800022125244,-0.6316538245533372
2020-04-14,176.78269958496094,88.36546325683594,37.7599983215332,56.27150001525879,-0.6748054505738675
2020-04-15,175.592041015625,84.14653015136719,40.84000015258789,54.51799983978272,-0.5046777330885456
2020-04-16,174.8776397705078,82.45185089111328,40.11000061035156,52.70100002288818,-0.44587088063020813
2020-04-17,177.84439086914062,86.60832214355469,38.150001525878906,51.00850009918213,-0.5410816272986114
2020-04-20,176.8521728515625,84.85121154785156,43.83000183105469,49.898000144958495,-0.49025934472804944
2020-04-21,169.47007751464844,83.0927963256836,45.40999984741211,49.089000129699706,-0.6972780548794347
2020-04-22,180.8607177734375,85.1831283569336,41.97999954223633,48.104500198364256,-0.34563162131288866
2020-04-23,183.6885223388672,85.13826751708984,41.380001068115234,46.976000213623045,-0.22917565967117337
2020-04-24,188.5900421142578,88.59223937988281,35.93000030517578,45.722500228881835,-0.2099649472198591
2020-04-27,186.0400390625,91.48104095458984,33.290000915527344,44.11000022888184,-0.46228468915554366
2020-04-28,181.48577880859375,92.87158203125,33.56999969482422,42.93450012207031,-0.7180167278188059
2020-04-29,192.677978515625,95.24005126953125,31.229999542236328,41.81900005340576,-0.38876382229401824
2020-04-30,203.11607360839844,93.97508239746094,34.150001525878906,40.673500061035156,0.09795771788919663
2020-05-01,200.695068359375,93.71489715576172,37.189998626708984,39.9875,0.013696679938410252
2020-05-04,203.66177368164062,96.30762481689453,35.970001220703125,39.44600009918213,-0.0006458038006789233
2020-05-05,205.45770263671875,98.8196029663086,33.61000061035156,38.86450004577637,-0.05806718779925535
2020-05-06,206.8467559814453,98.34412384033203,34.119998931884766,38.235499954223634,0.022587574911971647
2020-05-07,209.6150360107422,100.40754699707031,31.440000534057617,37.64000005722046,0.027609600641804982
2020-05-08,210.69654846191406,102.47994232177734,27.979999542236328,36.95550012588501,-0.03591375043765522
2020-05-11,211.52011108398438,101.72632598876953,27.56999969482422,36.275500202178954,0.03630071823677817
2020-05-12,208.46408081054688,99.79749298095703,33.040000915527344,36.03950033187866,0.012704081461938238
2020-05-13,203.5030059814453,99.07079315185547,35.279998779296875,35.76150026321411,-0.1499532046612068
2020-05-14,205.19970703125,99.03491973876953,32.61000061035156,35.38650026321411,-0.07961567570486465
2020-05-15,209.23800659179688,102.07620239257812,31.889999389648438,35.07350015640259,-0.07390377360527584
2020-05-18,211.530029296875,104.7227783203125,29.299999237060547,34.34700002670288,-0.11826262320691257
2020-05-19,215.19129943847656,104.84835815429688,30.530000686645508,33.60300006866455,0.023019246036159086
2020-05-20,228.1793670654297,104.9560317993164,27.989999771118164,32.90350008010864,0.5416756882784707
2020-05-21,229.58831787109375,108.23055267333984,29.530000686645508,32.31100006103516,0.4291996393995529
2020-05-22,233.0809326171875,109.67498016357422,28.15999984741211,31.92250003814697,0.49546909006698464
2020-05-26,230.39199829101562,110.87712097167969,28.010000228881836,31.658500003814698,0.3247686585302091
2020-05-27,227.3558349609375,114.84248352050781,27.6200008392334,31.361000061035156,-0.0028486178271836245
2020-05-28,223.70448303222656,114.94115447998047,28.59000015258789,31.229000091552734,-0.15532745686799157
2020-05-29,223.33734130859375,116.9417724609375,27.510000228881836,30.89700002670288,-0.2736094244953304
2020-06-01,230.104248046875,116.01773834228516,28.229999542236328,30.449000072479247,0.047303793918493035
2020-06-02,230.907958984375,118.40409088134766,26.84000015258789,29.992500019073486,-0.04366871237611129
2020-06-03,228.36790466308594,119.17565155029297,25.65999984741211,29.594999980926513,-0.186092285963599
2020-06-04,224.52804565429688,115.44355773925781,25.809999465942383,29.179500007629393,-0.14806893356341877
2020-06-05,228.97312927246094,117.4980239868164,24.520000457763672,28.8335000038147,-0.07490448704278312
2020-06-08,229.5982208251953,117.35443115234375,25.809999465942383,28.725,-0.04224851346676062
2020-06-09,236.81163024902344,116.24198150634766,27.56999969482422,28.725,0.3064305055239906
2020-06-10,234.88673400878906,116.7175064086914,27.56999969482422,28.451499938964844,0.20414566488051564
2020-06-11,222.6824951171875,111.19113159179688,40.790000915527344,28.727000045776368,-0.0026418732113754023
2020-06-12,226.80018615722656,113.08409881591797,36.09000015258789,28.901000022888184,0.06566037878986744
2020-06-15,230.68966674804688,114.59127044677734,34.400001525878906,29.026500129699706,0.14470328541844002
2020-06-16,233.8151397705078,118.18881225585938,33.66999816894531,29.245000076293945,0.08480431202587063
2020-06-17,233.69607543945312,121.69659423828125,33.470001220703125,29.392000102996825,-0.10140880367513794
2020-06-18,234.10287475585938,120.70972442626953,32.939998626708984,29.639500045776366,-0.033952881461386704
2020-06-19,236.93067932128906,120.06378936767578,35.119998931884766,29.91899995803833,0.11358806034797299
2020-06-22,237.35733032226562,120.86226654052734,31.770000457763672,30.09949998855591,0.08951474952144185
2020-06-23,240.35382080078125,120.4675064086914,31.3700008392334,30.267500019073488,0.23087450858561212
2020-06-24,232.19781494140625,118.40409088134766,33.84000015258789,30.57849998474121,0.008392501005376928
2020-06-25,233.84490966796875,118.21569061279297,32.220001220703125,30.760000038146973,0.0846158523969698
2020-06-26,214.39752197265625,116.09847259521484,34.72999954223633,31.121000003814697,-0.5908268884183516
2020-06-29,218.9219970703125,119.78569793701172,31.780000686645508,31.298500061035156,-0.5988973364072349
2020-06-30,225.30197143554688,121.22109985351562,30.43000030517578,31.47800006866455,-0.4156214070798292
2020-07-01,235.70034790039062,121.67865753173828,28.6200008392334,31.626000118255615,-0.019584675676548882
2020-07-02,231.60250854492188,121.75044250488281,27.68000030517578,31.719500160217287,-0.188694228709571
2020-07-06,238.40907287597656,121.7952651977539,27.940000534057617,31.890500164031984,0.08371453272621653
2020-07-07,238.9845733642578,121.13142395019531,29.43000030517578,32.07150020599365,0.14127392615929368
2020-07-08,241.6833953857422,121.78630065917969,28.079999923706055,32.097000217437746,0.21633646527450007
2020-07-09,242.59622192382812,121.66068267822266,29.260000228881836,32.18150024414062,0.25967642655104795
2020-07-10,243.16180419921875,123.29346466064453,27.290000915527344,31.506500244140625,0.19806399907470976
2020-07-13,237.13906860351562,122.5040054321289,32.189998626708984,31.31150016784668,-0.004198430876748219
2020-07-14,237.8633575439453,125.65299987792969,29.520000457763672,31.067500114440918,-0.13781713864012426
2020-07-15,238.40907287597656,126.69363403320312,27.760000228881836,30.772000217437743,-0.1696080909264798
2020-07-16,239.0540313720703,128.06626892089844,28.0,30.49850015640259,-0.21456304068835338
2020-07-17,240.14544677734375,129.53759765625,25.68000030517578,30.13550024032593,-0.24660210276356295
2020-07-20,243.50906372070312,129.2774200439453,24.459999084472656,29.602500247955323,-0.09738440247052367
2020-07-21,239.86766052246094,130.58323669433594,24.84000015258789,29.256000232696532,-0.31189008733312157
2020-07-22,238.0022735595703,133.77127075195312,24.31999969482422,28.903500175476076,-0.5520523500139012
2020-07-23,230.7888946533203,131.93406677246094,26.079999923706055,28.515500164031984,-0.7481867048622801
2020-07-24,228.9136199951172,132.411376953125,25.84000015258789,28.19650011062622,-0.8485610443307353
2020-07-27,231.68186950683594,134.29356384277344,24.739999771118164,27.697000122070314,-0.8341674880672415
2020-07-28,228.3281707763672,133.0238037109375,25.440000534057617,27.380000114440918,-0.9038630519302866
2020-07-29,231.4735107421875,133.92437744140625,24.100000381469727,27.063500118255615,-0.8234845351765614
2020-07-30,232.67408752441406,134.36561584472656,24.760000228881836,26.870500087738037,-0.7978457685593799
2020-07-31,251.69480895996094,134.1044921875,24.459999084472656,26.70950002670288,-0.01662651789189064
2020-08-03,249.99815368652344,135.32928466796875,24.280000686645508,26.526500034332276,-0.14844799328363628
2020-08-04,247.88475036621094,134.78890991210938,23.760000228881836,26.243000030517578,-0.20580339117687585
2020-08-05,247.18023681640625,135.3202667236328,22.989999771118164,25.988500022888182,-0.261718487810861
2020-08-06,263.2144470214844,136.15780639648438,22.649999618530273,25.657999992370605,0.3421409326857948
2020-08-07,266.3498229980469,137.58970642089844,22.209999084472656,25.403999900817873,0.3946393658459523
2020-08-10,260.9521789550781,138.43624877929688,22.1299991607666,24.90099992752075,0.1329999199167525
2020-08-11,254.13568115234375,138.57130432128906,24.030000686645508,24.626499938964844,-0.14911230735085937
2020-08-12,257.86639404296875,141.05690002441406,22.280000686645508,24.352499961853027,-0.12707748432782587
2020-08-13,259.2654113769531,140.21939086914062,22.1299991607666,24.058999919891356,-0.027297914601017867
2020-08-14,259.20587158203125,138.99456787109375,22.049999237060547,23.877499866485596,0.033641529355355
2020-08-17,259.1264953613281,142.65992736816406,21.350000381469727,23.72199993133545,-0.15911892647984865
2020-08-18,260.2973327636719,142.20962524414062,21.510000228881836,23.555499935150145,-0.08857385016702515
2020-08-19,260.5453796386719,142.54283142089844,22.540000915527344,23.466499996185302,-0.09579416722148651
2020-08-20,266.9154052734375,142.81304931640625,22.719999313354492,23.298499965667723,0.14733853036218864
2020-08-21,264.93096923828125,145.64085388183594,22.540000915527344,23.133500003814696,-0.07899927127314321
2020-08-24,269.2768859863281,149.16207885742188,22.3700008392334,23.01500005722046,-0.08569187105984713
2020-08-25,278.6334228515625,149.42318725585938,22.030000686645508,22.844500064849854,0.27845360630700483
2020-08-26,301.54364013671875,153.4488067626953,23.270000457763672,22.803000068664552,0.9949688633004987
2020-08-27,290.9368591308594,149.7744598388672,24.469999313354492,22.788500022888183,0.7568790409119069
2020-08-28,291.3735046386719,149.05397033691406,22.959999084472656,22.713500022888184,0.8117635692508918
2020-08-31,290.9171142578125,148.31553649902344,26.40999984741211,22.819999980926514,0.8315313544208396
2020-09-01,293.13958740234375,150.92721557617188,26.1200008392334,22.938000011444093,0.7861700583244039
2020-09-02,300.14459228515625,153.5388641357422,26.56999969482422,23.117000007629393,0.9338430616573816
2020-09-03,288.85321044921875,145.46070861816406,33.599998474121094,23.664499950408935,0.8958674449556362
2020-09-04,280.528564453125,140.8407745361328,30.75,24.091499996185302,0.7987909509595184
2020-09-08,269.04864501953125,138.45423889160156,31.459999084472656,24.557999992370604,0.45885940832469824
2020-09-09,271.5887451171875,143.66856384277344,28.809999465942383,24.79699993133545,0.2917205029010576
2020-09-10,266.0025634765625,142.58787536621094,29.709999084472656,25.168499851226805,0.12213940709803955
2020-09-11,264.5340576171875,145.79388427734375,26.8700008392334,25.405499935150146,-0.10293350826316171
2020-09-14,264.0776672363281,148.7657928466797,25.850000381469727,25.595499992370605,-0.2750487161513093
2020-09-15,270.2988586425781,152.22398376464844,25.59000015258789,25.807499980926515,-0.2027915604346161
2020-09-16,261.4681091308594,150.13467407226562,26.040000915527344,26.03400001525879,-0.45116846088700524
2020-09-17,252.8358917236328,147.49600219726562,26.459999084472656,26.229999923706053,-0.6631215457784013
2020-09-18,250.56370544433594,144.1819305419922,25.829999923706055,26.385499954223633,-0.5834420419587436
2020-09-21,246.21780395507812,143.73162841796875,27.780000686645508,26.64749994277954,-0.735563782851359
2020-09-22,252.7664337158203,145.48773193359375,26.860000610351562,26.87199993133545,-0.5620658892670395
2020-09-23,247.08103942871094,142.84002685546875,28.579999923706055,27.199499893188477,-0.654612032934506
2020-09-24,247.58706665039062,142.7589874267578,28.510000228881836,27.461499881744384,-0.62999673206036
2020-09-25,252.8358917236328,143.6865997314453,26.3799991607666,27.55699987411499,-0.46611559142744546
2020-09-28,254.82029724121094,146.42431640625,26.190000534057617,27.71849994659424,-0.5276039056904223
2020-09-29,259.7515563964844,146.1271514892578,26.270000457763672,27.711499977111817,-0.3132001482876681
2020-09-30,259.8606872558594,149.36920166015625,26.3700008392334,27.723999977111816,-0.47646033197129417
2020-10-01,264.5539245605469,150.54891967773438,26.700000762939453,27.73050003051758,-0.34804167121605323
2020-10-02,257.9160461425781,149.9365692138672,27.6299991607666,27.432000064849852,-0.5842918238554764
2020-10-05,262.5893249511719,151.78273010253906,27.959999084472656,27.292500019073486,-0.4911442951057643
2020-10-06,256.6459655761719,148.58567810058594,29.479999542236328,27.19350004196167,-0.5656925687305157
2020-10-07,256.11016845703125,151.71974182128906,28.059999465942383,27.15600004196167,-0.7493987631299066
2020-10-08,261.7062683105469,153.88108825683594,26.360000610351562,26.988500118255615,-0.6353043419986879
2020-10-09,262.390869140625,156.00645446777344,25.0,26.895000076293947,-0.7175872814732923
2020-10-12,273.6029052734375,155.55613708496094,25.06999969482422,26.85600004196167,-0.24175818510133
2020-10-13,273.9898681640625,157.8976593017578,26.06999969482422,26.880000019073485,-0.3472330593691184
2020-10-14,269.70355224609375,156.34866333007812,26.399999618530273,26.897999954223632,-0.4401300725135286
2020-10-15,264.6432189941406,158.63612365722656,26.969999313354492,26.923499965667723,-0.7626730641836734
2020-10-16,263.859375,160.03196716308594,27.40999984741211,27.002499961853026,-0.8664976425629108
2020-10-19,259.3646545410156,157.71749877929688,29.18000030517578,27.07249994277954,-0.9282193379152658
2020-10-20,265.47662353515625,160.03091430664062,29.350000381469727,27.196999931335448,-0.8011677487327565
2020-10-21,276.5597229003906,157.69039916992188,28.649999618530273,27.20049991607666,-0.23278988343945126
2020-10-22,275.9544677734375,154.7534637451172,28.110000610351562,27.180499935150145,-0.10533351143369073
2020-10-23,282.572509765625,155.5577850341797,27.549999237060547,27.238999938964845,0.12018809507931451
2020-10-26,274.9523010253906,151.93402099609375,32.459999084472656,27.552499866485597,2.6482000267596405e-05
2020-10-27,281.0841979980469,149.23204040527344,33.349998474121094,27.906499767303465,0.3872571776846873
2020-10-28,265.58575439453125,145.8704376220703,40.279998779296875,28.60199966430664,-0.06444389501394729
2020-10-29,278.6433410644531,145.2649688720703,37.59000015258789,29.146499633789062,0.4938991428927714
2020-10-30,261.0613098144531,142.87022399902344,38.02000045776367,29.665999698638917,-0.0919015142952894
2020-11-02,259.3249206542969,144.79502868652344,37.130001068115234,30.124499797821045,-0.26152835878570474
2020-11-03,263.2342834472656,148.7892608642578,35.54999923706055,30.427999782562257,-0.31030306873468727
2020-11-04,285.142333984375,152.015380859375,29.56999969482422,30.50349979400635,0.4071093824032514
2020-11-05,292.3855285644531,152.94615173339844,27.579999923706055,30.56449975967407,0.6513239904624679
2020-11-06,291.1253967285156,152.2864532470703,24.860000610351562,30.55749979019165,0.6345792789517335
2020-11-09,276.599365234375,138.6681671142578,25.75,30.59149980545044,0.7525584042092627
2020-11-10,270.3087158203125,140.71044921875,24.799999237060547,30.527999782562254,0.39303691247660477
2020-11-11,274.32720947265625,142.77987670898438,23.450000762939453,30.380499839782715,0.44820958788001375
2020-11-12,272.93817138671875,142.7617950439453,25.350000381469727,30.299499893188475,0.3930802879298101
2020-11-13,274.7935791015625,143.891357421875,23.100000381469727,30.083999919891358,0.4095522013682023
2020-11-16,276.7878723144531,146.30418395996094,22.450000762939453,29.74749994277954,0.3652648988165271
2020-11-17,272.8587646484375,144.4606475830078,22.709999084472656,29.415499877929687,0.3020179044927134
2020-11-18,269.8523254394531,132.60458374023438,23.84000015258789,29.174999904632568,0.7938166580523189
2020-11-19,270.8147888183594,135.18907165527344,23.110000610351562,28.924999904632568,0.6990050119075745
2020-11-20,267.5999755859375,135.48721313476562,23.700000762939453,28.732499980926512,0.553830004088195
2020-11-23,266.33990478515625,138.86697387695312,22.65999984741211,28.242500019073486,0.32818425283685526
2020-11-24,274.7637634277344,140.03271484375,21.639999389648438,27.657000064849854,0.6079012217832931
2020-11-25,273.444091796875,139.96044921875,21.25,26.70550012588501,0.5583738552100751
2020-11-27,275.6468811035156,139.77064514160156,20.84000015258789,25.86800012588501,0.6570987705548653
2020-11-30,274.81341552734375,140.80987548828125,20.56999969482422,24.995500087738037,0.5697138668946568
2020-12-01,284.3187561035156,138.62298583984375,20.770000457763672,24.17750005722046,1.0664653229078058
2020-12-02,285.28125,137.1861572265625,21.170000076293945,23.458500099182128,1.1796201491310636
2020-12-03,279.6554870605469,137.3307342529297,21.280000686645508,23.044000148773193,0.945075995700882
2020-12-04,277.52215576171875,135.55050659179688,20.790000915527344,22.704500198364258,0.9510361376766872
2020-12-07,283.3563232421875,137.3488006591797,21.299999237060547,22.526500129699706,1.0935149641836264
2020-12-08,281.19329833984375,136.67108154296875,20.68000030517578,22.273000144958495,1.041259599330672
2020-12-09,275.75604248046875,144.7046661376953,22.270000457763672,22.146500205993654,0.406338345585447
2020-12-10,274.9622497558594,144.78602600097656,22.520000457763672,22.100000190734864,0.3700916714406022
2020-12-11,271.4200134277344,142.61720275878906,23.309999465942383,21.998000144958496,0.3392820335146599
2020-12-14,272.05499267578125,144.66851806640625,24.719999313354492,22.079000091552736,0.258825860992421
2020-12-15,273.4043884277344,147.59642028808594,22.889999389648438,22.101000022888183,0.1618716786646106
2020-12-16,273.5235595703125,147.4789581298828,22.5,22.09050006866455,0.17275630763148306
2020-12-17,272.3428039550781,147.78614807128906,21.93000030517578,21.995000076293945,0.10921206022379212
2020-12-18,274.2478332519531,147.4789581298828,21.56999969482422,21.91800003051758,0.20198946849796817
2020-12-21,270.6659851074219,148.5000762939453,25.15999984741211,21.99099998474121,0.004610931337311228
2020-12-22,265.0103454589844,148.75311279296875,24.229999542236328,22.069499969482422,-0.23674816558273584
2020-12-23,266.0223693847656,146.78309631347656,23.309999465942383,22.15299997329712,-0.09402001727666387
2020-12-24,265.3179626464844,147.09036254882812,21.530000686645508,22.167000007629394,-0.138341799461028
2020-12-28,274.8431396484375,146.4306640625,21.700000762939453,22.210000038146973,0.2802305193786823
2020-12-29,274.6248474121094,145.07516479492188,23.079999923706055,22.335500049591065,0.34152040757895175
2020-12-30,269.7530822753906,145.09323120117188,22.770000457763672,22.435500049591063,0.14395172765981976
2020-12-31,271.0330505371094,145.0480499267578,22.75,22.514500045776366,0.19795043521967728
2021-01-04,266.84588623046875,144.93057250976562,26.969999313354492,22.798999977111816,0.03502338417535139
2021-01-05,268.8600769042969,145.41854858398438,25.34000015258789,23.026499938964843,0.09108419263730864
2021-01-06,261.259765625,147.36151123046875,25.06999969482422,23.214999961853028,-0.31616154295135607
2021-01-07,266.6474609375,147.93980407714844,22.3700008392334,23.299499988555908,-0.12861001274146167
2021-01-08,265.486572265625,149.15074157714844,21.559999465942383,23.263999938964844,-0.23809033678114047
2021-01-11,254.8401641845703,150.2983856201172,24.079999923706055,23.34199991226196,-0.7271522765540843
2021-01-12,249.13490295410156,152.71121215820312,23.329999923706055,23.342999935150146,-1.0822092775616365
2021-01-13,249.68064880371094,153.4702911376953,22.209999084472656,23.217499923706054,-1.0994381721912945
2021-01-14,243.7273712158203,153.97633361816406,23.25,23.235499954223634,-1.3658949265666094
2021-01-15,249.40281677246094,154.83482360839844,24.34000015258789,23.32749996185303,-1.18121980476711
2021-01-19,259.0669860839844,154.8529510498047,23.239999771118164,23.392999935150147,-0.7920917225523882
2021-01-20,265.39727783203125,156.3311309814453,21.579999923706055,23.39349994659424,-0.613033380277799
2021-01-21,270.745361328125,156.2857666015625,21.31999969482422,23.201499938964844,-0.3948277871951115
2021-01-22,272.3626708984375,156.34017944335938,21.90999984741211,23.085499954223632,-0.33236387784380583
2021-01-25,275.8453369140625,157.88185119628906,23.190000534057617,23.079500007629395,-0.27152503431815594
2021-01-26,279.8538513183594,157.5191192626953,23.020000457763672,23.153999996185302,-0.09097428951584415
2021-01-27,270.0210266113281,152.08709716796875,37.209999084472656,23.929499912261964,-0.20692623947784566
2021-01-28,262.9366760253906,156.2857666015625,30.209999084472656,24.285999870300294,-0.7100022293942384
2021-01-29,256.31854248046875,151.3072052001953,33.09000015258789,24.801999855041505,-0.71965373877779
2021-02-01,259.9699401855469,148.15139770507812,30.239999771118164,25.176499843597412,-0.40907106467461346
2021-02-02,265.0003967285156,151.1348876953125,25.559999465942383,25.105999851226805,-0.36032489746353646
2021-02-03,264.57373046875,154.05494689941406,22.90999984741211,24.984499835968016,-0.5285589525355178
2021-02-04,264.41497802734375,156.91146850585938,21.770000457763672,24.81949987411499,-0.6826935682641914
2021-02-05,266.012451171875,158.72518920898438,20.8700008392334,24.74449987411499,-0.7120141531475468
2021-02-08,264.5043029785156,162.4795379638672,21.239999771118164,24.72849988937378,-0.9670448983521325
2021-02-09,267.35205078125,161.218994140625,21.6299991607666,24.605999851226805,-0.786914078045802
2021-02-10,269.7530822753906,160.72930908203125,21.989999771118164,24.538999843597413,-0.6646791463061953
2021-02-11,268.28460693359375,159.35995483398438,21.25,24.49099988937378,-0.6531326742433637
2021-02-12,268.393798828125,160.65676879882812,19.969999313354492,24.326999855041503,-0.7157911223200059
2021-02-16,271.8367919921875,157.84555053710938,21.459999084472656,24.18299980163574,-0.4314407569026359
2021-02-17,271.43988037109375,160.62954711914062,21.5,24.095999813079835,-0.5914372790126213
2021-02-18,267.2923889160156,160.65676879882812,22.489999771118164,24.14149980545044,-0.7602462695341091
2021-02-19,259.52337646484375,161.0013885498047,22.049999237060547,24.177999782562257,-1.0916416898516579
2021-02-22,258.30291748046875,156.34925842285156,23.450000762939453,24.254999828338622,-0.9003136861423189
2021-02-23,263.7899475097656,152.8850860595703,23.110000610351562,24.25099983215332,-0.49969384474530004
2021-02-24,262.251953125,147.19012451171875,21.34000015258789,24.16699981689453,-0.2672514488386159
2021-02-25,252.70689392089844,143.753173828125,28.889999389648438,23.75099983215332,-0.474765132163826
2021-02-26,255.61407470703125,144.86859130859375,27.950000762939453,23.63799991607666,-0.41511000207921855
2021-03-01,262.8473205566406,146.85455322265625,23.350000381469727,23.15099992752075,-0.22586689918484976
2021-03-02,256.9832763671875,147.8611602783203,24.100000381469727,22.84399995803833,-0.5146090644229473
2021-03-03,253.4212646484375,143.5446014404297,26.670000076293945,22.89949998855591,-0.43514520551419156
2021-03-04,255.6339111328125,139.44569396972656,28.56999969482422,23.182499980926515,-0.13386037575401188
2021-03-05,262.22222900390625,143.80760192871094,24.65999984741211,23.326999950408936,-0.09352161690578523
2021-03-08,253.3220672607422,147.74327087402344,25.469999313354492,23.55699987411499,-0.6562861861966339
2021-03-09,263.67083740234375,150.52728271484375,24.030000686645508,23.69649991989136,-0.38256589653575057
2021-03-10,262.8373718261719,152.76722717285156,22.559999465942383,23.742999935150145,-0.5320465833344631
2021-03-11,271.7474670410156,154.84390258789062,21.90999984741211,23.738999938964845,-0.2798137380793325
2021-03-12,266.3101501464844,155.5693817138672,20.690000534057617,23.710999965667725,-0.5367935900400942
2021-03-15,271.6185302734375,157.97250366210938,20.030000686645508,23.714000034332276,-0.44681571542373244
2021-03-16,277.1053771972656,158.99725341796875,19.790000915527344,23.63050012588501,-0.27835106042380103
2021-03-17,281.798583984375,158.190185546875,19.229999542236328,23.517000102996825,-0.04718558796697152
2021-03-18,276.4505920410156,158.58009338378906,21.579999923706055,23.47150011062622,-0.2832057954055595
2021-03-19,287.85107421875,162.7697296142578,20.950000762939453,23.416500186920167,-0.03972912975131175
2021-03-22,291.2544250488281,164.9461212158203,18.8799991607666,23.188000106811522,-0.014916596465430965
2021-03-23,288.36700439453125,163.5949249267578,20.299999237060547,23.04750003814697,-0.06158069882423271
2021-03-24,279.9431457519531,163.84884643554688,21.200000762939453,23.04050006866455,-0.4147165210865065
2021-03-25,276.5696105957031,167.9205780029297,19.809999465942383,22.586500072479247,-0.7614517607976476
2021-03-26,280.8162841796875,173.76071166992188,18.860000610351562,22.132000064849855,-0.8920740269117583
2021-03-29,288.5555725097656,171.0491943359375,20.739999771118164,22.001500034332274,-0.4394725429381465
2021-03-30,285.7575378417969,172.3187713623047,19.610000610351562,21.77700004577637,-0.6180639983941373
2021-03-31,292.2366638183594,172.46389770507812,19.399999618530273,21.413500022888183,-0.36405859031622084
2021-04-01,296.3345031738281,173.49769592285156,17.329999923706055,20.851500034332275,-0.25212505730088614
2021-04-05,306.50469970703125,175.68321228027344,17.90999984741211,20.514000034332277,0.04533925687442413
2021-04-06,303.8753356933594,176.10940551757812,18.1200008392334,20.14650011062622,-0.08282811574526745
2021-04-07,310.6521911621094,175.62879943847656,17.15999984741211,19.803000068664552,0.21555445765837028
2021-04-08,310.5826721191406,176.1184844970703,16.950000762939453,19.522500133514406,0.18742411686970098
2021-04-09,310.02703857421875,180.01791381835938,16.690000534057617,19.26150016784668,-0.03666414174962101
2021-04-12,309.1142578125,181.95855712890625,16.90999984741211,19.072500133514403,-0.17386757953693996
2021-04-13,307.3480529785156,181.11520385742188,16.649999618530273,18.903500080108643,-0.20154059026592147
2021-04-14,300.4621276855469,182.74752807617188,16.989999771118164,18.763500022888184,-0.5638873655706856
2021-04-15,305.4232177734375,185.51339721679688,16.56999969482422,18.630500030517577,-0.5066865529458178
2021-04-16,303.7959899902344,188.85060119628906,16.25,18.364000034332275,-0.7449506545586003
2021-04-19,299.88665771484375,185.00555419921875,17.290000915527344,18.18100004196167,-0.7038899304427765
2021-04-20,300.29345703125,184.42349243164062,18.68000030517578,18.17100009918213,-0.6573689437833896
2021-04-21,299.12261962890625,185.46034240722656,17.5,18.0310001373291,-0.7582477588666293
2021-04-22,294.211181640625,183.08651733398438,18.709999084472656,17.90650005340576,-0.8337193490433347
2021-04-23,298.7852478027344,182.74996948242188,17.329999923706055,17.782500076293946,-0.6316959118785113
2021-04-26,300.6804504394531,181.16737365722656,17.639999389648438,17.72150001525879,-0.47335660641635346
2021-04-27,301.206298828125,181.0400848388672,17.559999465942383,17.5625,-0.44554946283731356
2021-04-28,304.70880126953125,178.32058715820312,17.280000686645508,17.446000003814696,-0.1635405767868096
2021-04-29,326.9443359375,180.4852294921875,17.610000610351562,17.35650005340576,0.6219848720522422
2021-04-30,322.548828125,178.49339294433594,18.610000610351562,17.420500087738038,0.5475824666092108
2021-05-03,320.0682678222656,181.1764678955078,18.309999465942383,17.44050006866455,0.3087048739175191
2021-05-04,315.88116455078125,182.17697143554688,19.479999542236328,17.508500003814696,0.08796310707799529
2021-05-05,312.567138671875,181.90414428710938,19.149999618530273,17.607999992370605,-0.03168827705839422
2021-05-06,317.5281677246094,187.30670166015625,18.389999389648438,17.679999923706056,-0.11084813272473043
2021-05-07,316.5955810546875,189.5440673828125,16.690000534057617,17.679999923706056,-0.2641961876095166
2021-05-10,303.58758544921875,192.1907958984375,19.65999984741211,17.817499923706055,-0.9261028278491966
2021-05-11,304.14324951171875,186.76095581054688,21.84000015258789,18.076999950408936,-0.6228670576276841
2021-05-12,300.1942138671875,177.8476104736328,27.59000015258789,18.606999969482423,-0.32129819367739393
2021-05-13,302.8831787109375,182.2133331298828,23.1299991607666,18.93499994277954,-0.43854254431982537
2021-05-14,313.47991943359375,180.91275024414062,18.809999465942383,19.06299991607666,0.05642406060125532
2021-05-17,313.0036926269531,176.56524658203125,19.719999313354492,19.18449983596802,0.2620368167208673
2021-05-18,307.5465393066406,175.31008911132812,21.34000015258789,19.317499828338622,0.10668635466612673
2021-05-19,311.1483154296875,173.46372985839844,22.18000030517578,19.551499843597412,0.3475471547077533
2021-05-20,316.129150390625,175.91033935546875,20.670000076293945,19.649499893188477,0.42205564985934035
2021-05-21,313.7677001953125,175.0553741455078,20.149999618530273,19.790499877929687,0.3709578437005853
2021-05-24,322.102294921875,173.40921020507812,18.399999618530273,19.82849988937378,0.7924915987818081
2021-05-25,325.2376708984375,175.5556182861328,18.84000015258789,19.892499923706055,0.8080387402753821
2021-05-26,325.10870361328125,176.08319091796875,17.360000610351562,19.896499919891358,0.7755495645962311
2021-05-27,330.15911865234375,176.23779296875,16.739999771118164,19.852999877929687,0.9713992465148623
2021-05-28,326.17041015625,177.201904296875,16.760000228881836,19.7604998588562,0.760547145954941
2021-06-01,326.5672912597656,174.49151611328125,17.899999618530273,19.739999866485597,0.9167357257038384
2021-06-02,326.58709716796875,173.5092315673828,17.479999542236328,19.639999866485596,0.9683346755072387
2021-06-03,323.5013427734375,173.0817413330078,18.040000915527344,19.58449993133545,0.8658953047310879
2021-06-04,327.7777404785156,172.72703552246094,16.420000076293945,19.485999965667723,1.0568432884769938
2021-06-07,333.959228515625,173.0363006591797,16.420000076293945,19.472499942779542,1.2903468688238589
2021-06-08,331.08184814453125,174.08221435546875,17.06999969482422,19.342999935150146,1.1201197671759127
2021-06-09,327.6785583496094,173.3546142578125,17.889999389648438,19.145499897003173,1.020384415687379
2021-06-10,329.871337890625,171.6992950439453,16.100000381469727,18.570999908447266,1.194495472760998
2021-06-11,328.6806945800781,173.54562377929688,15.649999618530273,18.196999931335448,1.0509544818487333
2021-06-14,334.1477966308594,172.4996337890625,16.389999389648438,18.07599992752075,1.3257119703820144
2021-06-15,334.1279602050781,170.88072204589844,17.020000457763672,17.94099998474121,1.4086345025541274
2021-06-16,328.5020751953125,169.35267639160156,18.149999618530273,17.78149995803833,1.260586292117435
2021-06-17,333.88983154296875,169.93479919433594,17.75,17.55999994277954,1.4479422169327423
2021-06-18,327.0931701660156,169.97122192382812,20.700000762939453,17.561499977111815,1.171731494166713
2021-06-21,329.7026672363281,171.7902374267578,17.889999389648438,17.448499965667725,1.182984431710516
2021-06-22,336.39019775390625,174.37327575683594,16.65999984741211,17.361499977111816,1.3193231214258392
2021-06-23,337.93804931640625,173.8457489013672,16.31999969482422,17.235499954223634,1.409078988919531
2021-06-24,340.5078430175781,174.40057373046875,15.970000267028809,17.165999937057496,1.4841079362796576
2021-06-25,338.71197509765625,175.22821044921875,15.619999885559082,17.10999994277954,1.3688212287349537
2021-06-28,352.8708801269531,175.72845458984375,15.760000228881836,17.05999994277954,1.9144329910707951
2021-06-29,349.1499938964844,176.62890625,16.020000457763672,16.96599998474121,1.7176829475522806
2021-06-30,345.0025634765625,176.41969299316406,15.829999923706055,16.883500003814696,1.561103821216825
2021-07-01,351.6306457519531,178.10232543945312,15.479999542236328,16.755499935150148,1.7416081886449568
2021-07-02,351.9382019042969,178.0022735595703,15.069999694824219,16.68799991607666,1.759196035366089
2021-07-06,350.0331115722656,177.12918090820312,16.440000534057617,16.688999938964844,1.7274553162325732
2021-07-07,347.7609558105469,178.15689086914062,16.200000762939453,16.645499992370606,1.5825977315397748
2021-07-08,342.9586181640625,175.3555908203125,19.0,16.701000022888184,1.5336368253540158
2021-07-09,347.6915283203125,177.6566619873047,16.18000030517578,16.705000019073488,1.6056651885743616
2021-07-12,350.4101867675781,177.8749237060547,16.170000076293945,16.73100004196167,1.704108220582532
2021-07-13,349.3484802246094,176.70164489746094,17.1200008392334,16.767500114440917,1.7219325291781153
2021-07-14,344.9232177734375,175.30093383789062,16.329999923706055,16.733000087738038,1.6157586914143443
2021-07-15,341.7779235839844,178.03863525390625,17.010000228881836,16.676000118255615,1.347226038808827
2021-07-16,338.5035705566406,178.39332580566406,18.450000762939453,16.711000156402587,1.1967234081668274
2021-07-19,334.32635498046875,175.44651794433594,22.5,16.801000118255615,1.1805187417575977
2021-07-20,338.9997253417969,177.2822723388672,19.729999542236328,16.89300012588501,1.2742081449983773
2021-07-21,343.53411865234375,178.21385192871094,17.90999984741211,16.95550012588501,1.4090481936879273
2021-07-22,348.4555358886719,179.71170043945312,17.690000534057617,17.02400016784668,1.5302243167785237
2021-07-23,366.9106750488281,183.42880249023438,17.200000762939453,17.08550019264221,2.0828787466946252
2021-07-26,369.5598449707031,180.59756469726562,17.579999923706055,17.18350019454956,2.336224113613845
2021-07-27,364.946044921875,176.73426818847656,19.360000610351562,17.36350021362305,2.3497948701167357
2021-07-28,370.3734436035156,175.71133422851562,18.309999465942383,17.478000164031982,2.621757490828176
2021-07-29,355.52996826171875,176.83474731445312,17.700000762939453,17.57150020599365,1.9645464897045954
2021-07-30,353.5257263183594,175.98538208007812,18.239999771118164,17.709500217437743,1.9275767293795976
2021-08-02,349.2096252441406,174.4053497314453,19.459999084472656,17.929000186920167,1.835082594947049
2021-08-03,348.505126953125,177.13609313964844,18.040000915527344,18.00900020599365,1.6654252741100684
2021-08-04,356.1253356933594,173.4372100830078,17.969999313354492,18.097500133514405,2.1642827829931353
2021-08-05,360.1438293457031,174.14959716796875,17.280000686645508,18.01150016784668,2.289635766865507
2021-08-06,360.6795654296875,173.6746826171875,16.149999618530273,18.010000133514403,2.335819709636804
2021-08-09,358.79437255859375,171.69281005859375,16.719999313354492,18.03750009536743,2.362223433022661
2021-08-10,358.3181457519531,173.28199768066406,16.790000915527344,18.021000099182128,2.2608159825296408
2021-08-11,357.15716552734375,177.65670776367188,16.170000076293945,18.013000106811525,1.9877152168668584
2021-08-12,359.8262939453125,175.3551788330078,15.59000015258789,17.942000102996825,2.2144718792684093
2021-08-13,360.3521423339844,173.99435424804688,15.449999809265137,17.79200005531311,2.306072201201748
2021-08-16,363.705810546875,176.70689392089844,16.1200008392334,17.47300009727478,2.3011521645385264
2021-08-17,355.65899658203125,166.4595489501953,17.90999984741211,17.382000112533568,2.5063150884399925
2021-08-18,352.68231201171875,182.41505432128906,21.56999969482422,17.565000104904176,1.5610197432715838
2021-08-19,352.3548889160156,185.0271453857422,21.670000076293945,17.76400008201599,1.412718135515189
2021-08-20,356.5718078613281,190.15989685058594,18.559999465942383,17.832000017166138,1.3174776846251792
2021-08-23,360.5208435058594,188.19627380371094,17.149999618530273,17.81050000190735,1.5784189665888366
2021-08-24,362.66400146484375,185.75775146484375,17.219999313354492,17.703499937057494,1.7910311014721336
2021-08-25,365.5216064453125,188.30587768554688,16.790000915527344,17.627500009536742,1.7745917009137706
2021-08-26,361.5428161621094,187.8218536376953,18.84000015258789,17.684499979019165,1.6390312692097497
2021-08-27,369.72857666015625,188.0501251220703,16.389999389648438,17.591999959945678,1.9576200122968457
2021-08-30,377.69598388671875,187.21908569335938,16.190000534057617,17.428500032424928,2.322178588944877
2021-08-31,376.4259948730469,186.21441650390625,16.479999542236328,17.350499963760377,2.3228764266113178
2021-09-01,379.0752258300781,185.79429626464844,16.110000610351562,17.25750002861023,2.451531600118886
2021-09-02,372.3579406738281,188.27850341796875,16.40999984741211,17.21399998664856,2.0519357531326325
2021-09-03,373.3302917480469,188.1232147216797,16.40999984741211,17.22699999809265,2.099212688035392
2021-09-07,379.2042236328125,187.36517333984375,18.139999389648438,17.298000001907347,2.3754991904148164
2021-09-08,374.6301574707031,186.39707946777344,17.959999084472656,17.356499910354614,2.240946226678956
2021-09-09,375.0567321777344,185.4106903076172,18.799999237060547,17.487999868392944,2.309175466681317
2021-09-10,375.7413330078125,186.61627197265625,20.950000762939453,17.755999898910524,2.274459838323828
2021-09-13,373.5783996582031,188.1871795654297,19.3700008392334,17.951999950408936,2.105918841263643
2021-09-14,373.5981750488281,186.4701690673828,19.459999084472656,18.118999862670897,2.1955134338090456
2021-09-15,371.0085754394531,187.7852783203125,18.18000030517578,18.13249988555908,2.022980110384035
2021-09-16,370.1552429199219,190.406494140625,18.690000534057617,17.988499927520753,1.8529798339698966
2021-09-17,361.8801574707031,190.90882873535156,20.809999465942383,17.945499897003174,1.493001941599249
2021-09-20,352.9303894042969,187.4748077392578,25.709999084472656,18.302999877929686,1.309363910107507
2021-09-21,354.6965637207031,188.38809204101562,24.360000610351562,18.663499927520753,1.333419156182051
2021-09-22,340.5376281738281,190.78094482421875,20.8700008392334,18.846000003814698,0.6381875997026035
2021-09-23,343.2662353515625,189.94979858398438,18.6299991607666,18.93799991607666,0.7913030607311387
2021-09-24,350.2117004394531,189.84934997558594,17.75,18.883499908447266,1.0768309481337162
2021-09-27,350.826904296875,192.37013244628906,18.760000228881836,19.001999950408937,0.9712977727677
2021-09-28,337.9975891113281,187.6208953857422,23.25,19.354999923706053,0.6990906513317878
2021-09-29,336.96563720703125,189.1461181640625,22.559999465942383,19.658999919891357,0.5785609914214896
2021-09-30,336.7473449707031,185.27366638183594,23.139999389648438,20.0104998588562,0.7700168667164258
2021-10-01,340.3392333984375,186.04090881347656,21.100000381469727,20.244999885559082,0.8753143116702934
2021-10-04,323.68988037109375,186.78067016601562,22.959999084472656,20.57249984741211,0.16505523116023865
2021-10-05,330.3674621582031,186.5614471435547,21.299999237060547,20.730499839782716,0.44591330615397046
2021-10-06,331.0422058105469,186.31488037109375,21.0,20.88249988555908,0.4858987099388331
2021-10-07,326.65655517578125,189.8767547607422,19.540000915527344,20.919499969482423,0.12468005431266226
2021-10-08,327.4801025390625,188.28761291503906,18.770000457763672,20.810499954223634,0.240103702476841
2021-10-11,322.9158935546875,190.74444580078125,20.0,20.84199991226196,-0.07117392550723957
2021-10-12,321.2489929199219,191.61209106445312,19.850000381469727,20.861499977111816,-0.1833243210835934
2021-10-13,322.01300048828125,193.7309112548828,18.639999389648438,20.884499931335448,-0.26206371077902446
2021-10-14,325.9719543457031,197.68557739257812,16.860000610351562,20.792999935150146,-0.3067906385036603
2021-10-15,322.2313232421875,200.16062927246094,16.299999237060547,20.567499923706055,-0.5857691941181479
2021-10-18,332.7289123535156,202.51699829101562,16.309999465942383,20.097499942779542,-0.2839264154407779
2021-10-19,337.34271240234375,204.3227081298828,15.699999809265137,19.66449990272522,-0.19108761579810254
2021-10-20,338.1265563964844,206.24758911132812,15.489999771118164,19.395499849319457,-0.2589966630013137
2021-10-21,339.2179870605469,208.45664978027344,15.010000228881836,19.21449990272522,-0.3291874401599323
2021-10-22,322.0824279785156,209.69406127929688,15.430000305175781,19.098499917984007,-1.0848071180656125
2021-10-25,326.13067626953125,212.48971557617188,15.239999771118164,18.922499895095825,-1.0659908199930024
2021-10-26,313.3510437011719,211.80226135253906,15.979999542236328,18.558999872207643,-1.5462506343229308
2021-10-27,309.7889404296875,212.44390869140625,16.979999542236328,18.279999876022337,-1.7232076249301231
2021-10-28,314.4523620605469,212.4347686767578,16.530000686645508,17.949499940872194,-1.5345097479076444
2021-10-29,321.0506286621094,214.3229522705078,16.260000228881836,17.707499933242797,-1.365839025393223
2021-11-01,327.4106750488281,212.42556762695312,16.40999984741211,17.379999971389772,-1.0110100056219224
2021-11-02,325.525390625,213.59886169433594,16.030000686645508,17.116500043869017,-1.1477816606784592
2021-11-03,329.0378723144531,214.76295471191406,15.100000381469727,16.821500062942505,-1.066212643339574
2021-11-04,333.2349548339844,217.95277404785156,15.4399995803833,16.616499996185304,-1.0617736176560733
2021-11-05,338.4738464355469,215.8995361328125,16.479999542236328,16.501999950408937,-0.7441366257500884
2021-11-08,335.9833679199219,215.21209716796875,17.219999313354492,16.36299991607666,-0.8091060164599176
2021-11-09,332.75872802734375,214.40545654296875,17.780000686645508,16.259499931335448,-0.8975430570322843
2021-11-10,325.0888977050781,213.1588592529297,18.729999542236328,16.263999938964844,-1.1426443651073517
2021-11-11,325.1881103515625,212.9480743408203,17.65999984741211,16.30399990081787,-1.127739049185119
2021-11-12,338.2356872558594,216.614501953125,16.290000915527344,16.30349998474121,-0.7907241805237636
2021-11-15,344.85369873046875,215.33120727539062,16.489999771118164,16.3125,-0.45724126319899827
2021-11-16,340.2895812988281,224.3690948486328,16.3700008392334,16.346000051498415,-1.1088591136370405
2021-11-17,338.1166076660156,225.2398681640625,17.110000610351562,16.427000093460084,-1.2415974155151115
2021-11-18,336.0528259277344,226.75228881835938,17.59000015258789,16.556000089645387,-1.403111758040447
2021-11-19,342.611328125,228.71383666992188,17.90999984741211,16.680000066757202,-1.2398400925723605
2021-11-22,338.35479736328125,231.30783081054688,19.170000076293945,16.87650008201599,-1.5457925925865563
2021-11-23,334.6240234375,230.90447998046875,19.3799991607666,17.046500062942506,-1.6755146517477781
2021-11-24,338.4044189453125,231.56451416015625,18.579999923706055,17.12650008201599,-1.5570643262231858
2021-11-26,330.5261535644531,227.03639221191406,28.6200008392334,17.731000089645384,-1.6408721191909086
2021-11-29,335.3979797363281,227.85218811035156,22.959999084472656,18.066000032424927,-1.486424757150608
2021-11-30,321.93359375,224.19488525390625,27.190000534057617,18.605000066757203,-1.840734782478064
2021-12-01,308.1815185546875,224.88235473632812,31.1200008392334,19.359500074386595,-2.4313495178063445
2021-12-02,307.97320556640625,229.5112762451172,27.950000762939453,20.002000093460083,-2.6791454180344187
2021-12-03,304.4507751464844,227.95303344726562,30.670000076293945,20.763500118255614,-2.740732250544155
2021-12-06,315.39495849609375,230.23541259765625,27.18000030517578,21.29850015640259,-2.417037580276436
2021-12-07,320.2965393066406,235.4876251220703,21.889999389648438,21.532000160217287,-2.490821697433881
2021-12-08,327.98614501953125,235.3317413330078,19.899999618530273,21.638000106811525,-2.172391909125444
2021-12-09,327.25189208984375,236.6241912841797,21.579999923706055,21.78050012588501,-2.2688678200234
2021-12-10,327.1824645996094,239.58489990234375,18.690000534057617,21.832000160217284,-2.4247852041165636
2021-12-13,331.885498046875,235.79006958007812,20.309999465942383,22.03300008773804,-2.038708850262767
2021-12-14,331.141357421875,231.40867614746094,21.889999389648438,22.303000068664552,-1.8421570079388803
2021-12-15,338.9997253417969,236.06504821777344,19.290000915527344,22.449000072479247,-1.7657848631776525
2021-12-16,332.2923278808594,232.12359619140625,20.56999969482422,22.62200002670288,-1.8326740939992259
2021-12-17,331.1910400390625,227.40306091308594,21.56999969482422,22.821000003814696,-1.632998479276889
2021-12-20,322.9158935546875,225.1390380859375,22.8700008392334,23.069000053405762,-1.8499146961257378
2021-12-21,331.5977783203125,226.3856201171875,21.010000228881836,23.161000061035157,-1.563964020419978
2021-12-22,327.87701416015625,228.87881469726562,18.6299991607666,23.123500061035156,-1.8430789683663455
2021-12-23,332.62969970703125,229.23631286621094,17.959999084472656,23.092500019073487,-1.6697391719850108
2021-12-27,343.4844970703125,232.5452423095703,17.68000030517578,22.545499992370605,-1.4027410797343407
2021-12-28,343.52423095703125,232.83859252929688,17.540000915527344,22.27450008392334,-1.4163081541240405
2021-12-29,340.2697448730469,236.09259033203125,16.950000762939453,21.762500095367432,-1.7159486483421962
2021-12-30,341.6787109375,235.0109405517578,17.329999923706055,21.073000049591066,-1.603141621756053
2021-12-31,333.73101806640625,236.92669677734375,17.219999313354492,20.536499977111816,-2.023001386494859
