Date,MS,XLF,VIX,AvgVIX,zscore
2020-01-30,44.35105514526367,27.21605682373047,15.489999771118164,13.696000051498412,-2.134890598963756
2020-01-31,43.06550598144531,26.64682960510254,18.84000015258789,14.014500045776368,-2.1063035708427917
2020-02-03,43.34568786621094,26.833606719970703,17.969999313354492,14.211999988555908,-2.1525225447924687
2020-02-04,44.515869140625,27.091535568237305,16.049999237060547,14.32199993133545,-2.012626921110197
2020-02-05,45.31520462036133,27.634077072143555,15.149999618530273,14.389999914169312,-2.150659202478124
2020-02-06,45.33168411254883,27.598499298095703,14.960000038146973,14.465499925613404,-2.123688036427501
2020-02-07,45.34816360473633,27.500667572021484,15.470000267028809,14.611999940872192,-2.057022725268846
2020-02-10,45.61186599731445,27.580713272094727,15.039999961853027,14.735999917984008,-2.039474182691384
2020-02-11,45.966209411621094,27.678552627563477,15.180000305175781,14.878999948501587,-2.0096961231558352
2020-02-12,46.295833587646484,27.696338653564453,13.739999771118164,14.946499919891357,-1.93530402935789
2020-02-13,46.08982849121094,27.68744468688965,14.149999618530273,15.032999897003174,-1.9832134583349048
2020-02-14,46.015647888183594,27.7230167388916,13.680000305175781,15.100999927520752,-2.0251885987427234
2020-02-18,45.751949310302734,27.48287582397461,14.829999923706055,15.237499904632568,-1.9406568034620157
2020-02-19,46.4029655456543,27.68744468688965,14.380000114440918,15.313999891281128,-1.901768877145288
2020-02-20,44.29336166381836,27.634077072143555,15.5600004196167,15.446499919891357,-2.4164328324470916
2020-02-21,43.19736099243164,27.36725425720215,17.079999923706055,15.651499938964843,-2.5313637023028144
2020-02-24,40.93943405151367,26.47784423828125,25.030000686645508,16.174999952316284,-2.5515309580915817
2020-02-25,39.57973861694336,25.57953453063965,27.850000381469727,16.655999994277956,-2.33240039975685
2020-02-26,38.9287223815918,25.392759323120117,27.559999465942383,17.219999933242796,-2.382633853807663
2020-02-27,37.42068862915039,24.30767250061035,39.15999984741211,18.35849995613098,-2.0829928062397665
2020-02-28,37.1075325012207,23.649503707885742,40.11000061035156,19.589499998092652,-1.7447830862986642
2020-03-02,38.30241775512695,24.859111785888672,33.41999816894531,20.318499898910524,-2.205268494892343
2020-03-03,36.58837890625,23.925220489501953,36.81999969482422,21.26099991798401,-2.055612573514999
2020-03-04,37.280601501464844,24.7168025970459,31.989999771118164,22.05799994468689,-2.380296497066054
2020-03-05,35.0968132019043,23.524988174438477,39.619998931884766,23.281499910354615,-2.188362824311162
2020-03-06,34.4787712097168,22.724515914916992,41.939998626708984,24.630499839782715,-1.8387165792473597
2020-03-09,30.902345657348633,20.28752326965332,54.459999084472656,26.57999978065491,-1.2150511881592119
2020-03-10,32.55046081542969,21.479331970214844,47.29999923706055,28.192999744415282,-1.5463057479566982
2020-03-11,30.38318634033203,20.3142032623291,53.900001525878906,30.12899980545044,-1.367092205478381
2020-03-12,25.8013973236084,18.117353439331055,75.47000122070312,33.21549987792969,-1.1580332715186106
2020-03-13,30.902345657348633,20.500980377197266,57.83000183105469,35.39949998855591,-1.351154955476701
2020-03-16,26.081581115722656,17.690433502197266,82.69000244140625,38.850000095367434,-0.8129484016963295
2020-03-17,27.845069885253906,18.6510009765625,75.91000366210938,41.9040002822876,-0.9667519428753977
2020-03-18,25.339927673339844,17.067846298217773,76.44999694824219,45.007500123977664,-0.6088750016849195
2020-03-19,25.480016708374023,17.4414005279541,72.0,47.829500102996825,-0.8106232316156975
2020-03-20,24.449935913085938,16.818811416625977,66.04000091552734,50.27750015258789,-0.6815663900213895
2020-03-23,22.91718101501465,15.840230941772461,61.59000015258789,52.10550012588501,-0.456265326970606
2020-03-24,27.3753604888916,17.804563522338867,61.66999816894531,53.796500015258786,-0.5492173455571064
2020-03-25,28.0098876953125,18.28891944885254,63.95000076293945,55.61600008010864,-0.6930149307661785
2020-03-26,29.42727279663086,19.43701934814453,61.0,56.708000087738036,-1.0564111829289362
2020-03-27,28.026369094848633,18.84503173828125,65.54000091552734,57.97950010299682,-1.043314597984095
2020-03-30,28.71034812927246,19.203815460205078,57.08000183105469,59.16250028610229,-1.0941832307164527
2020-03-31,28.01813316345215,18.67460823059082,53.540000915527344,59.99850034713745,-0.9367918661877814
2020-04-01,26.05686378479004,17.535478591918945,57.060001373291016,61.252000427246095,-0.7205753898250931
2020-04-02,27.935720443725586,17.974987030029297,50.90999984741211,61.81650047302246,-0.512136791777622
2020-04-03,27.894519805908203,17.6162052154541,46.79999923706055,62.059500503540036,-0.2940875723254484
2020-04-06,30.498558044433594,18.88091278076172,45.2400016784668,61.598500633239745,-0.4231952804840496
2020-04-07,30.440872192382812,19.069271087646484,46.70000076293945,61.568500709533694,-0.5582992932669043
2020-04-08,32.44333267211914,19.903438568115234,43.349998474121094,61.041000556945804,-0.5693533808931454
2020-04-09,33.852500915527344,20.9708194732666,41.66999816894531,59.35100040435791,-0.8834190156243664
2020-04-13,32.61640548706055,20.20840072631836,41.16999816894531,58.51800022125244,-0.7187873444677717
2020-04-14,32.84714889526367,20.298097610473633,37.7599983215332,56.27150001525879,-0.7159649385458026
2020-04-15,31.64400291442871,19.41907501220703,40.84000015258789,54.51799983978272,-0.4684148290738622
2020-04-16,31.611042022705078,19.0782413482666,40.11000061035156,52.70100002288818,-0.2596665503813192
2020-04-17,32.21259689331055,20.08283042907715,38.150001525878906,51.00850009918213,-0.7437492181307775
2020-04-20,31.611042022705078,19.733013153076172,43.83000183105469,49.898000144958495,-0.677159836940106
2020-04-21,30.449111938476562,19.096181869506836,45.40999984741211,49.089000129699706,-0.57331495530668
2020-04-22,31.15781021118164,19.30247688293457,41.97999954223633,48.104500198364256,-0.520524989027544
2020-04-23,30.87763214111328,19.221750259399414,41.380001068115234,46.976000213623045,-0.5419245627841975
2020-04-24,31.289663314819336,19.499807357788086,35.93000030517578,45.722500228881835,-0.6120521540245509
2020-04-27,32.393898010253906,20.163557052612305,33.290000915527344,44.11000022888184,-0.7480667925758473
2020-04-28,33.06963348388672,20.378822326660156,33.56999969482422,42.93450012207031,-0.7095697871122969
2020-04-29,33.90925598144531,20.9708194732666,31.229999542236328,41.81900005340576,-0.8686574519304915
2020-04-30,32.77867889404297,20.44161033630371,34.150001525878906,40.673500061035156,-0.825279545953748
2020-05-01,31.922420501708984,19.786836624145508,37.189998626708984,39.9875,-0.630491379534491
2020-05-04,31.664718627929688,19.60744285583496,35.970001220703125,39.44600009918213,-0.5831332679955469
2020-05-05,31.57326316833496,19.544658660888672,33.61000061035156,38.86450004577637,-0.5668879050945975
2020-05-06,31.00798988342285,19.12308692932129,34.119998931884766,38.235499954223634,-0.44511013504473035
2020-05-07,32.26325988769531,19.571561813354492,31.440000534057617,37.64000005722046,-0.4045788664384926
2020-05-08,33.319034576416016,19.993133544921875,27.979999542236328,36.95550012588501,-0.3987809285379723
2020-05-11,33.1111946105957,19.60744285583496,27.56999969482422,36.275500202178954,-0.20691579728295126
2020-05-12,31.939048767089844,19.096181869506836,33.040000915527344,36.03950033187866,-0.18579364703767093
2020-05-13,30.750268936157227,18.531097412109375,35.279998779296875,35.76150026321411,-0.13467913960000177
2020-05-14,31.43195152282715,19.006484985351562,32.61000061035156,35.38650026321411,-0.26049359705299463
2020-05-15,30.999666213989258,18.88091278076172,31.889999389648438,35.07350015640259,-0.2928608329281512
2020-05-18,33.485286712646484,19.849618911743164,29.299999237060547,34.34700002670288,-0.26403271068860545
2020-05-19,32.6955451965332,19.365264892578125,30.530000686645508,33.60300006866455,-0.16060641048696747
2020-05-20,34.13370895385742,19.795801162719727,27.989999771118164,32.90350008010864,-0.06106790335339647
2020-05-21,33.501914978027344,19.733013153076172,29.530000686645508,32.31100006103516,-0.18535807236532023
2020-05-22,33.3605842590332,19.661256790161133,28.15999984741211,31.92250003814697,-0.17636408541528242
2020-05-26,36.320064544677734,20.683786392211914,28.010000228881836,31.658500003814698,-0.058607345587633176
2020-05-27,38.95532989501953,21.58074951171875,27.6200008392334,31.361000061035156,0.054886797261239455
2020-05-28,36.910301208496094,21.239904403686523,28.59000015258789,31.229000091552734,-0.25968125344436704
2020-05-29,36.74403381347656,20.997726440429688,27.510000228881836,30.89700002670288,-0.14850948830966937
2020-06-01,37.159690856933594,21.239904403686523,28.229999542236328,30.449000072479247,-0.1948168907577981
2020-06-02,37.8912467956543,21.410322189331055,26.84000015258789,29.992500019073486,-0.11320590698766561
2020-06-03,38.99688720703125,22.208614349365234,25.65999984741211,29.594999980926513,-0.33464142112152323
2020-06-04,40.476627349853516,22.692968368530273,25.809999465942383,29.179500007629393,-0.2586042934844451
2020-06-05,41.1749267578125,23.536104202270508,24.520000457763672,28.8335000038147,-0.6145791888595598
2020-06-08,41.690345764160156,23.98458480834961,25.809999465942383,28.725,-0.7664812215347417
2020-06-09,41.89817810058594,23.473318099975586,27.56999969482422,28.725,-0.3864335280109625
2020-06-10,40.476627349853516,22.59430503845215,27.56999969482422,28.451499938964844,-0.19569492928368892
2020-06-11,37.05162048339844,20.74657440185547,40.790000915527344,28.727000045776368,0.09163015597720223
2020-06-12,38.47315979003906,21.374448776245117,36.09000015258789,28.901000022888184,0.06101874379165394
2020-06-15,39.40422821044922,21.670446395874023,34.400001525878906,29.026500129699706,0.11444964575111405
2020-06-16,40.36855697631836,22.01128387451172,33.66999816894531,29.245000076293945,0.1479406795874109
2020-06-17,39.7035026550293,21.679412841796875,33.470001220703125,29.392000102996825,0.1865715132941196
2020-06-18,39.553871154785156,21.652496337890625,32.939998626708984,29.639500045776366,0.1648158971804917
2020-06-19,39.01352310180664,21.508987426757812,35.119998931884766,29.91899995803833,0.11577909778780486
2020-06-22,39.38760757446289,21.40247344970703,31.770000457763672,30.09949998855591,0.2809907078249839
2020-06-23,39.811580657958984,21.501768112182617,31.3700008392334,30.267500019073488,0.32795099034399694
2020-06-24,39.0301513671875,20.743518829345703,33.84000015258789,30.57849998474121,0.6081793685890301
2020-06-25,40.55976867675781,21.294147491455078,32.220001220703125,30.760000038146973,0.6549313664722428
2020-06-26,39.11328125,20.382448196411133,34.72999954223633,31.121000003814697,0.8600254050562081
2020-06-29,39.2712287902832,20.60811996459961,31.780000686645508,31.298500061035156,0.7572143304111305
2020-06-30,40.15241622924805,20.8879451751709,30.43000030517578,31.47800006866455,0.8079833604619464
2020-07-01,39.57880401611328,20.707412719726562,28.6200008392334,31.626000118255615,0.7739016260361516
2020-07-02,39.72845458984375,20.734495162963867,27.68000030517578,31.719500160217287,0.7955563973689849
2020-07-06,40.5847053527832,21.131671905517578,27.940000534057617,31.890500164031984,0.765014316933856
2020-07-07,39.47905349731445,20.698383331298828,29.43000030517578,32.07150020599365,0.7537145567767186
2020-07-08,40.659515380859375,20.915027618408203,28.079999923706055,32.097000217437746,0.9226078053266521
2020-07-09,39.49567794799805,20.472715377807617,29.260000228881836,32.18150024414062,0.9019280545538073
2020-07-10,41.399383544921875,21.176795959472656,27.290000915527344,31.506500244140625,0.9481341174444782
2020-07-13,41.748538970947266,21.26706886291504,32.189998626708984,31.31150016784668,0.9813873148668258
2020-07-14,41.981300354003906,21.37539291381836,29.520000457763672,31.067500114440918,0.9728575924964197
2020-07-15,42.687923431396484,21.799646377563477,27.760000228881836,30.772000217437743,0.8861339185539503
2020-07-16,43.76031494140625,21.799646377563477,28.0,30.49850015640259,1.1650548452366924
2020-07-17,43.56911849975586,21.619117736816406,25.68000030517578,30.13550024032593,1.2304341303846837
2020-07-20,43.111900329589844,21.519819259643555,24.459999084472656,29.602500247955323,1.1748294844010012
2020-07-21,43.54417419433594,21.944076538085938,24.84000015258789,29.256000232696532,1.016747221450294
2020-07-22,42.39695739746094,21.944076538085938,24.31999969482422,28.903500175476076,0.7183648031789404
2020-07-23,42.03118133544922,21.96213150024414,26.079999923706055,28.515500164031984,0.6117170727336673
2020-07-24,41.71529006958008,21.907970428466797,25.84000015258789,28.19650011062622,0.564090133343343
2020-07-27,42.66298294067383,21.727434158325195,24.739999771118164,27.697000122070314,0.9256907857064844
2020-07-28,41.78178787231445,21.67327880859375,25.440000534057617,27.380000114440918,0.7310289513500242
2020-07-29,42.056129455566406,22.079477310180664,24.100000381469727,27.063500118255615,0.5433842691688102
2020-07-30,40.976261138916016,21.682302474975586,24.760000228881836,26.870500087738037,0.5157638978148981
2020-07-31,40.917667388916016,21.691329956054688,24.459999084472656,26.70950002670288,0.4947680356731557
2020-08-03,41.40318298339844,21.754518508911133,24.280000686645508,26.526500034332276,0.5807569103104819
2020-08-04,41.23575973510742,21.664249420166016,23.760000228881836,26.243000030517578,0.5947684464821279
2020-08-05,41.662689208984375,21.96213150024414,22.989999771118164,25.988500022888182,0.5158750556815811
2020-08-06,41.394813537597656,21.953105926513672,22.649999618530273,25.657999992370605,0.45195747260006885
2020-08-07,42.14820098876953,22.422502517700195,22.209999084472656,25.403999900817873,0.34861285729057473
2020-08-10,42.34074020385742,22.584976196289062,22.1299991607666,24.90099992752075,0.29509495859466645
2020-08-11,43.34526824951172,22.846755981445312,24.030000686645508,24.626499938964844,0.38945000868957796
2020-08-12,43.8475341796875,22.783565521240234,22.280000686645508,24.352499961853027,0.5603768591791546
2020-08-13,43.68010330200195,22.639137268066406,22.1299991607666,24.058999919891356,0.608919186221016
2020-08-14,43.78056335449219,22.729412078857422,22.049999237060547,23.877499866485596,0.5774873804547055
2020-08-17,42.92671585083008,22.350284576416016,21.350000381469727,23.72199993133545,0.5971460377052938
2020-08-18,42.6253547668457,22.20585823059082,21.510000228881836,23.555499935150145,0.6108529141684063
2020-08-19,43.00205612182617,22.19683265686035,22.540000915527344,23.466499996185302,0.7145849439704435
2020-08-20,42.52490234375,21.98921012878418,22.719999313354492,23.298499965667723,0.7228643959483072
2020-08-21,42.77603530883789,21.944076538085938,22.540000915527344,23.133500003814696,0.816960102879938
2020-08-24,43.83915710449219,22.467628479003906,22.3700008392334,23.01500005722046,0.759644706712428
2020-08-25,43.57128143310547,22.53081703186035,22.030000686645508,22.844500064849854,0.649682207183253
2020-08-26,43.286659240722656,22.422502517700195,23.270000457763672,22.803000068664552,0.6447172442243064
2020-08-27,44.040061950683594,22.80162239074707,24.469999313354492,22.788500022888183,0.5989385199153826
2020-08-28,44.27445602416992,22.89188575744629,22.959999084472656,22.713500022888184,0.6023492376862583
2020-08-31,43.747074127197266,22.621084213256836,26.40999984741211,22.819999980926514,0.6378487167655229
2020-09-01,44.01495361328125,22.684268951416016,26.1200008392334,22.938000011444093,0.6672345168028903
2020-09-02,44.575809478759766,23.00923728942871,26.56999969482422,23.117000007629393,0.6059037240920732
2020-09-03,44.157257080078125,22.657197952270508,33.599998474121094,23.664499950408935,0.7215074878986579
2020-09-04,44.123775482177734,22.828704833984375,30.75,24.091499996185302,0.6034435649107645
2020-09-08,41.99752426147461,22.241958618164062,31.459999084472656,24.557999992370604,0.4245407431520614
2020-09-09,42.7425537109375,22.467628479003906,28.809999465942383,24.79699993133545,0.4744264521116172
2020-09-10,42.097984313964844,22.151695251464844,29.709999084472656,25.168499851226805,0.5082230527402647
2020-09-11,42.14820098876953,22.30514907836914,26.8700008392334,25.405499935150146,0.4234393429691199
2020-09-14,42.817893981933594,22.612060546875,25.850000381469727,25.595499992370605,0.40192962197131477
2020-09-15,42.18170166015625,22.30514907836914,25.59000015258789,25.807499980926515,0.43215261440073777
2020-09-16,42.817893981933594,22.557897567749023,26.040000915527344,26.03400001525879,0.4364648295031907
2020-09-17,42.06449890136719,22.32320785522461,26.459999084472656,26.229999923706053,0.39015448910773753
2020-09-18,41.92218017578125,22.2780704498291,25.829999923706055,26.385499954223633,0.38191881729321997
2020-09-21,40.48237228393555,21.719871520996094,27.780000686645508,26.64749994277954,0.3633524969280294
2020-09-22,39.871280670166016,21.538345336914062,26.860000610351562,26.87199993133545,0.3201562714098776
2020-09-23,38.85838317871094,21.05729103088379,28.579999923706055,27.199499893188477,0.36343743758501434
2020-09-24,39.017433166503906,21.102676391601562,28.510000228881836,27.461499881744384,0.3758666838485096
2020-09-25,39.377384185791016,21.320505142211914,26.3799991607666,27.55699987411499,0.33059602454111964
2020-09-28,40.499114990234375,21.828784942626953,26.190000534057617,27.71849994659424,0.2982621569065717
2020-09-29,39.54481887817383,21.556493759155273,26.270000457763672,27.711499977111817,0.22367429377361317
2020-09-30,40.47399139404297,21.846935272216797,26.3700008392334,27.723999977111816,0.2801547503451555
2020-10-01,39.56155014038086,21.88324546813965,26.700000762939453,27.73050003051758,0.01968369751013931
2020-10-02,40.1558952331543,22.055696487426758,27.6299991607666,27.432000064849852,0.06431075402374573
2020-10-05,40.683265686035156,22.418758392333984,27.959999084472656,27.292500019073486,-0.030018427059722817
2020-10-06,39.96337127685547,22.191843032836914,29.479999542236328,27.19350004196167,-0.07257255155406894
2020-10-07,40.775352478027344,22.563976287841797,28.059999465942383,27.15600004196167,-0.09866067030156281
2020-10-08,41.01811981201172,22.872575759887695,26.360000610351562,26.988500118255615,-0.23228682743127158
2020-10-09,40.875816345214844,22.899805068969727,25.0,26.895000076293947,-0.2866607395498629
2020-10-12,42.47468948364258,23.15394401550293,25.06999969482422,26.85600004196167,-0.03284909830178567
2020-10-13,42.22354507446289,22.709197998046875,26.06999969482422,26.880000019073485,0.1854075245120723
2020-10-14,42.39933776855469,22.491363525390625,26.399999618530273,26.897999954223632,0.37002472302112654
2020-10-15,42.968570709228516,22.663816452026367,26.969999313354492,26.923499965667723,0.40811908241286143
2020-10-16,43.40386962890625,22.68197250366211,27.40999984741211,27.002499961853026,0.5097604439125082
2020-10-19,42.65046691894531,22.337064743041992,29.18000030517578,27.07249994277954,0.5337249618792383
2020-10-20,43.08576583862305,22.518596649169922,29.350000381469727,27.196999931335448,0.5311951878240616
2020-10-21,42.17332077026367,22.40060043334961,28.649999618530273,27.20049991607666,0.3691114523033115
2020-10-22,43.33689498901367,22.845346450805664,28.110000610351562,27.180499935150145,0.3881709268688444
2020-10-23,43.42060470581055,22.917959213256836,27.549999237060547,27.238999938964845,0.36364409829460953
2020-10-26,42.12309646606445,22.40060043334961,32.459999084472656,27.552499866485597,0.35604849037337744
2020-10-27,40.67490768432617,21.992162704467773,33.349998474121094,27.906499767303465,0.2398121562974734
2020-10-28,39.82105255126953,21.429424285888672,40.279998779296875,28.60199966430664,0.3765421733230346
2020-10-29,40.58003616333008,21.592798233032227,37.59000015258789,29.146499633789062,0.46977815506938414
2020-10-30,40.6053352355957,21.65633773803711,38.02000045776367,29.665999698638917,0.4358444176971535
2020-11-02,41.64260482788086,22.06477165222168,37.130001068115234,30.124499797821045,0.4452062086127254
2020-11-03,43.16056442260742,22.55490493774414,35.54999923706055,30.427999782562257,0.5274989714182401
2020-11-04,43.37139129638672,22.29168701171875,29.56999969482422,30.50349979400635,0.7501655325920539
2020-11-05,44.0207405090332,22.836267471313477,27.579999923706055,30.56449975967407,0.5718228850135815
2020-11-06,43.59907531738281,22.654735565185547,24.860000610351562,30.55749979019165,0.5778986886857704
2020-11-09,47.242183685302734,24.51540756225586,25.75,30.59149980545044,0.339048530981127
2020-11-10,47.01448440551758,24.642475128173828,24.799999237060547,30.527999782562254,0.19880529646864406
2020-11-11,47.51204299926758,24.542638778686523,23.450000762939453,30.380499839782715,0.3918738268801471
2020-11-12,46.845821380615234,24.134197235107422,25.350000381469727,30.299499893188475,0.47902367417571723
2020-11-13,47.73973083496094,24.5335636138916,23.100000381469727,30.083999919891358,0.4568801866303001
2020-11-16,49.00468826293945,25.07814598083496,22.450000762939453,29.74749994277954,0.4386513669727708
2020-11-17,49.59502029418945,25.041839599609375,22.709999084472656,29.415499877929687,0.615341813226801
2020-11-18,49.59502029418945,24.80585479736328,23.84000015258789,29.174999904632568,0.7658096097078977
2020-11-19,49.44321823120117,24.887537002563477,23.110000610351562,28.924999904632568,0.6742451211288386
2020-11-20,48.75170135498047,24.669708251953125,23.700000762939453,28.732499980926512,0.633278007002689
2020-11-23,50.82624816894531,25.132604598999023,22.65999984741211,28.242500019073486,0.8777016194326258
2020-11-24,53.634456634521484,26.01301383972168,21.639999389648438,27.657000064849854,1.046731985208364
2020-11-25,53.53327178955078,25.92224884033203,21.25,26.70550012588501,1.0782878302521293
2020-11-27,53.83686065673828,25.840564727783203,20.84000015258789,25.86800012588501,1.2093321355647317
2020-11-30,52.14181137084961,25.3050594329834,20.56999969482422,24.995500087738037,1.1099096228940946
2020-12-01,53.364601135253906,25.695341110229492,20.770000457763672,24.17750005722046,1.1790979736590759
2020-12-02,53.988643646240234,25.97671127319336,21.170000076293945,23.458500099182128,1.1620004643384274
2020-12-03,54.02239227294922,25.98578643798828,21.280000686645508,23.044000148773193,1.1649917525380027
2020-12-04,54.81509017944336,26.30345916748047,20.790000915527344,22.704500198364258,1.1686131225953238
2020-12-07,54.1910514831543,26.12193489074707,21.299999237060547,22.526500129699706,1.1220482426102134
2020-12-08,53.89589309692383,26.11285972595215,20.68000030517578,22.273000144958495,1.0510662516784062
2020-12-09,54.283809661865234,26.04932403564453,22.270000457763672,22.146500205993654,1.1924718209153473
2020-12-10,54.34284210205078,26.094709396362305,22.520000457763672,22.100000190734864,1.1788872589727861
2020-12-11,53.398345947265625,25.83148765563965,23.309999465942383,21.998000144958496,1.1010654645930367
2020-12-14,52.18397521972656,25.531965255737305,24.719999313354492,22.079000091552736,0.9761972316851869
2020-12-15,53.92961502075195,25.967634201049805,22.889999389648438,22.101000022888183,1.1524352556779762
2020-12-16,54.165748596191406,26.01301383972168,22.5,22.09050006866455,1.1849170089658883
2020-12-17,54.53679656982422,26.08562469482422,21.93000030517578,21.995000076293945,1.2351259054662473
2020-12-18,54.12358093261719,25.858715057373047,21.56999969482422,21.91800003051758,1.272332963231498
2020-12-21,57.201663970947266,26.207300186157227,25.15999984741211,21.99099998474121,1.8506554783728142
2020-12-22,56.1981315612793,25.951791763305664,24.229999542236328,22.069499969482422,1.7525606617808593
2020-12-23,57.52210998535156,26.380674362182617,23.309999465942383,22.15299997329712,1.8234548347751074
2020-12-24,57.42090606689453,26.417171478271484,21.530000686645508,22.167000007629394,1.7738612981673976
2020-12-28,57.38718795776367,26.544925689697266,21.700000762939453,22.210000038146973,1.6836332835594894
2020-12-29,57.10045623779297,26.45366859436035,23.079999923706055,22.335500049591065,1.6672435572485054
2020-12-30,57.210086822509766,26.572307586669922,22.770000457763672,22.435500049591063,1.6201114683217952
2020-12-31,57.79197311401367,26.900802612304688,22.75,22.514500045776366,1.5620018563626101
