Date,QCOM,AMD,VIX,AvgVIX,zscore
2020-01-30,76.35943603515625,48.779998779296875,15.489999771118164,13.696000051498412,-0.14337930742276855
2020-01-31,74.21076965332031,47.0,18.84000015258789,14.014500045776368,-0.1805054831751297
2020-02-03,75.22856903076172,48.02000045776367,17.969999313354492,14.211999988555908,-0.17569188433263908
2020-02-04,77.35980987548828,49.45000076293945,16.049999237060547,14.32199993133545,-0.1146293284912334
2020-02-05,79.08219146728516,49.84000015258789,15.149999618530273,14.389999914169312,-0.00997737526327114
2020-02-06,78.82124328613281,49.31999969482422,14.960000038146973,14.465499925613404,0.007458898871163955
2020-02-07,76.04627990722656,49.72999954223633,15.470000267028809,14.611999940872192,-0.23614622338000085
2020-02-10,77.07275390625,52.2599983215332,15.039999961853027,14.735999917984008,-0.33972982254949075
2020-02-11,78.29060363769531,53.79999923706055,15.180000305175781,14.878999948501587,-0.35704862970275897
2020-02-12,79.78681945800781,53.88999938964844,13.739999771118164,14.946499919891357,-0.2481686961033072
2020-02-13,78.3166732788086,54.529998779296875,14.149999618530273,15.032999897003174,-0.40776563624860995
2020-02-14,77.94261932373047,55.310001373291016,13.680000305175781,15.100999927520752,-0.4929498331716753
2020-02-18,76.5769271850586,56.88999938964844,14.829999923706055,15.237499904632568,-0.7123872616821686
2020-02-19,78.77774047851562,58.900001525878906,14.380000114440918,15.313999891281128,-0.6878527647128013
2020-02-20,77.82955932617188,57.27000045776367,15.5600004196167,15.446499919891357,-0.6432378339855601
2020-02-21,75.70701599121094,53.279998779296875,17.079999923706055,15.651499938964843,-0.5187225423558932
2020-02-24,72.47970581054688,49.119998931884766,25.030000686645508,16.174999952316284,-0.4671224211345601
2020-02-25,69.78301239013672,47.56999969482422,27.850000381469727,16.655999994277956,-0.5631223741037409
2020-02-26,69.2958755493164,47.4900016784668,27.559999465942383,17.219999933242796,-0.5949096972175999
2020-02-27,66.05985260009766,44.0099983215332,39.15999984741211,18.35849995613098,-0.5930971396746624
2020-02-28,68.1128158569336,45.47999954223633,40.11000061035156,19.589499998092652,-0.5409601934141371
2020-03-02,70.07879638671875,47.459999084472656,33.41999816894531,20.318499898910524,-0.5323677425430465
2020-03-03,68.33898162841797,46.75,36.81999969482422,21.26099991798401,-0.6152506952313084
2020-03-04,71.7235107421875,50.11000061035156,31.989999771118164,22.05799994468689,-0.5969434939402605
2020-03-05,69.41747283935547,48.11000061035156,39.619998931884766,23.281499910354615,-0.6303148270381389
2020-03-06,67.9268798828125,48.59000015258789,41.939998626708984,24.630499839782715,-0.7799318400452359
2020-03-09,63.69186782836914,43.27000045776367,54.459999084472656,26.57999978065491,-0.7222545896614739
2020-03-10,69.17198181152344,45.380001068115234,47.29999923706055,28.192999744415282,-0.45205986072165383
2020-03-11,65.427978515625,45.70000076293945,53.900001525878906,30.12899980545044,-0.7638917821004901
2020-03-12,58.76416015625,39.0099983215332,75.47000122070312,33.21549987792969,-0.7945574105076807
2020-03-13,66.47136688232422,43.900001525878906,57.83000183105469,35.39949998855591,-0.55341825042162
2020-03-16,56.53705978393555,38.709999084472656,82.69000244140625,38.850000095367434,-0.9446313678470243
2020-03-17,60.37751388549805,41.880001068115234,75.91000366210938,41.9040002822876,-0.877442071449818
2020-03-18,53.6523323059082,39.119998931884766,76.44999694824219,45.007500123977664,-1.196700941249387
2020-03-19,56.99299621582031,39.81999969482422,72.0,47.829500102996825,-0.9896464415751126
2020-03-20,53.406822204589844,39.61000061035156,66.04000091552734,50.27750015258789,-1.2510259207024548
2020-03-23,54.8272590637207,41.63999938964844,61.59000015258789,52.10550012588501,-1.2881144439768901
2020-03-24,57.39634323120117,46.220001220703125,61.66999816894531,53.796500015258786,-1.4208100747058934
2020-03-25,55.30952453613281,44.630001068115234,63.95000076293945,55.61600008010864,-1.4668903404485687
2020-03-26,60.48273468017578,47.5,61.0,56.708000087738036,-1.2752566368870584
2020-03-27,58.38713455200195,46.58000183105469,65.54000091552734,57.97950010299682,-1.3704078650112803
2020-03-30,60.52656173706055,47.86000061035156,57.08000183105469,59.16250028610229,-1.2978795129721294
2020-03-31,59.316566467285156,45.47999954223633,53.540000915527344,59.99850034713745,-1.2192823758819833
2020-04-01,57.78213119506836,43.65999984741211,57.060001373291016,61.252000427246095,-1.2061529221261025
2020-04-02,59.640987396240234,44.4900016784668,50.90999984741211,61.81650047302246,-1.1227578124471078
2020-04-03,57.19467544555664,42.59000015258789,46.79999923706055,62.059500503540036,-1.174169190401125
2020-04-06,62.21004867553711,47.52000045776367,45.2400016784668,61.598500633239745,-1.1434995531555807
2020-04-07,63.770774841308594,47.560001373291016,46.70000076293945,61.568500709533694,-1.0260334980611245
2020-04-08,64.29686737060547,48.790000915527344,43.349998474121094,61.041000556945804,-1.0743059294060135
2020-04-09,62.76246643066406,48.380001068115234,41.66999816894531,59.35100040435791,-1.1630171479409341
2020-04-13,64.27056884765625,50.939998626708984,41.16999816894531,58.51800022125244,-1.2316267951296367
2020-04-14,67.99703979492188,54.93000030517578,37.7599983215332,56.27150001525879,-1.2324553163751772
2020-04-15,66.62918853759766,54.9900016784668,40.84000015258789,54.51799983978272,-1.3422709324096622
2020-04-16,67.38326263427734,56.95000076293945,40.11000061035156,52.70100002288818,-1.425689945631154
2020-04-17,66.78702545166016,56.599998474121094,38.150001525878906,51.00850009918213,-1.4463883112809088
2020-04-20,65.15614318847656,56.970001220703125,43.83000183105469,49.898000144958495,-1.5988787318280104
2020-04-21,62.990421295166016,52.91999816894531,45.40999984741211,49.089000129699706,-1.4733592938820141
2020-04-22,65.48058319091797,55.91999816894531,41.97999954223633,48.104500198364256,-1.4980185640584
2020-04-23,64.71776580810547,55.900001525878906,41.380001068115234,46.976000213623045,-1.5553988316527367
2020-04-24,66.67304229736328,56.18000030517578,35.93000030517578,45.722500228881835,-1.4248419355301898
2020-04-27,66.62043762207031,56.4900016784668,33.290000915527344,44.11000022888184,-1.4512897276565417
2020-04-28,66.01541137695312,55.5099983215332,33.56999969482422,42.93450012207031,-1.427161317150511
2020-04-29,69.24210357666016,53.65999984741211,31.229999542236328,41.81900005340576,-1.0447110461112394
2020-04-30,68.97906494140625,52.38999938964844,34.150001525878906,40.673500061035156,-0.9732639927137341
2020-05-01,66.32231903076172,49.880001068115234,37.189998626708984,39.9875,-0.9968433221225386
2020-05-04,66.35740661621094,52.560001373291016,35.970001220703125,39.44600009918213,-1.187712125278398
2020-05-05,68.06716918945312,52.189998626708984,33.61000061035156,38.86450004577637,-1.0291388549049085
2020-05-06,69.15443420410156,52.15999984741211,34.119998931884766,38.235499954223634,-0.9431276949214146
2020-05-07,69.11935424804688,51.95000076293945,31.440000534057617,37.64000005722046,-0.9306647938531558
2020-05-08,70.63626861572266,53.189998626708984,27.979999542236328,36.95550012588501,-0.9032522373934899
2020-05-11,70.56610870361328,55.7400016784668,27.56999969482422,36.275500202178954,-1.0928475820122097
2020-05-12,68.7598648071289,53.7599983215332,33.040000915527344,36.03950033187866,-1.0891216775732735
2020-05-13,68.39158630371094,52.18000030517578,35.279998779296875,35.76150026321411,-1.003399278977884
2020-05-14,70.03125,54.5099983215332,32.61000061035156,35.38650026321411,-1.0452508780795686
2020-05-15,66.43630981445312,54.20000076293945,31.889999389648438,35.07350015640259,-1.300083539099827
2020-05-18,70.09261322021484,54.59000015258789,29.299999237060547,34.34700002670288,-1.046297334731307
2020-05-19,68.47050476074219,55.470001220703125,30.530000686645508,33.60300006866455,-1.2349479922123847
2020-05-20,70.69762420654297,56.38999938964844,27.989999771118164,32.90350008010864,-1.1296546607191533
2020-05-21,68.39158630371094,54.650001525878906,29.530000686645508,32.31100006103516,-1.181805769405733
2020-05-22,69.00537872314453,55.16999816894531,28.15999984741211,31.92250003814697,-1.172032208207344
2020-05-26,68.40913391113281,53.189998626708984,28.010000228881836,31.658500003814698,-1.0749975809537915
2020-05-27,69.5226821899414,52.7400016784668,27.6200008392334,31.361000061035156,-0.9566234097559803
2020-05-28,68.48807525634766,51.7400016784668,28.59000015258789,31.229000091552734,-0.9641777414823595
2020-05-29,70.91683197021484,53.79999923706055,27.510000228881836,30.89700002670288,-0.9256765379099896
2020-06-01,69.90848541259766,53.630001068115234,28.229999542236328,30.449000072479247,-0.9911562642612687
2020-06-02,74.20488739013672,53.540000915527344,26.84000015258789,29.992500019073486,-0.6533388643966676
2020-06-03,74.3197250366211,52.72999954223633,25.65999984741211,29.594999980926513,-0.5859773245381642
2020-06-04,76.0251235961914,52.630001068115234,25.809999465942383,29.179500007629393,-0.447242807800366
2020-06-05,78.24295043945312,53.099998474121094,24.520000457763672,28.8335000038147,-0.3101628289282294
2020-06-08,80.73470306396484,52.970001220703125,25.809999465942383,28.725,-0.10862187993713858
2020-06-09,79.30326080322266,56.38999938964844,27.56999969482422,28.725,-0.466031571012935
2020-06-10,80.41661834716797,57.439998626708984,27.56999969482422,28.451499938964844,-0.4560158017705349
2020-06-11,74.24024963378906,52.83000183105469,40.790000915527344,28.727000045776368,-0.5993291614891677
2020-06-12,75.31822204589844,53.5,36.09000015258789,28.901000022888184,-0.5645948983599857
2020-06-15,76.3343734741211,54.68000030517578,34.400001525878906,29.026500129699706,-0.571465060014557
2020-06-16,79.10004425048828,54.459999084472656,33.66999816894531,29.245000076293945,-0.34230000639827096
2020-06-17,79.47115325927734,54.54999923706055,33.470001220703125,29.392000102996825,-0.3201826092044088
2020-06-18,79.45347595214844,54.040000915527344,32.939998626708984,29.639500045776366,-0.2847089653401106
2020-06-19,78.47268676757812,54.22999954223633,35.119998931884766,29.91899995803833,-0.3740659278228369
2020-06-22,78.75543212890625,54.7599983215332,31.770000457763672,30.09949998855591,-0.3905434857601407
2020-06-23,78.9498291015625,53.9900016784668,31.3700008392334,30.267500019073488,-0.319936247960221
2020-06-24,78.7642593383789,52.38999938964844,33.84000015258789,30.57849998474121,-0.21867938225035174
2020-06-25,78.60521697998047,51.93000030517578,32.220001220703125,30.760000038146973,-0.1977185053715416
2020-06-26,77.77464294433594,50.099998474121094,34.72999954223633,31.121000003814697,-0.12958839208037976
2020-06-29,78.64940643310547,50.279998779296875,31.780000686645508,31.298500061035156,-0.0751323625602608
2020-06-30,80.59332275390625,52.61000061035156,30.43000030517578,31.47800006866455,-0.09352181643598292
2020-07-01,79.32977294921875,52.58000183105469,28.6200008392334,31.626000118255615,-0.1887935837767489
2020-07-02,81.176513671875,52.34000015258789,27.68000030517578,31.719500160217287,-0.029047140380997084
2020-07-06,82.10428619384766,53.400001525878906,27.940000534057617,31.890500164031984,-0.03406519510165125
2020-07-07,81.41506958007812,52.93000030517578,29.43000030517578,32.07150020599365,-0.05326622298716727
2020-07-08,82.6432876586914,53.43000030517578,28.079999923706055,32.097000217437746,0.005333075545780846
2020-07-09,82.39586639404297,57.2599983215332,29.260000228881836,32.18150024414062,-0.2903849228947817
2020-07-10,81.74202728271484,55.880001068115234,27.290000915527344,31.506500244140625,-0.2411294290877149
2020-07-13,80.69937133789062,53.59000015258789,32.189998626708984,31.31150016784668,-0.15612858032339652
2020-07-14,81.62715148925781,54.720001220703125,29.520000457763672,31.067500114440918,-0.16620207654699964
2020-07-15,81.77737426757812,55.34000015258789,27.760000228881836,30.772000217437743,-0.19939975375620284
2020-07-16,80.58448791503906,54.91999816894531,28.0,30.49850015640259,-0.2610526503348675
2020-07-17,81.49459838867188,55.040000915527344,25.68000030517578,30.13550024032593,-0.1995372580265352
2020-07-20,82.32518005371094,57.459999084472656,24.459999084472656,29.602500247955323,-0.31028181293212426
2020-07-21,81.5653076171875,57.0,24.84000015258789,29.256000232696532,-0.3356539072814491
2020-07-22,81.821533203125,61.790000915527344,24.31999969482422,28.903500175476076,-0.6618735621293906
2020-07-23,79.23257446289062,59.56999969482422,26.079999923706055,28.515500164031984,-0.7011717796975606
2020-07-24,78.54338073730469,69.4000015258789,25.84000015258789,28.19650011062622,-1.4643331833329112
2020-07-27,81.90988159179688,68.97000122070312,24.739999771118164,27.697000122070314,-1.1736670689588986
2020-07-28,80.80537414550781,67.61000061035156,25.440000534057617,27.380000114440918,-1.1606091773985114
2020-07-29,82.20149230957031,76.08999633789062,24.100000381469727,27.063500118255615,-1.6654518814111086
2020-07-30,94.71329498291016,78.19999694824219,24.760000228881836,26.870500087738037,-0.8530089501438001
2020-07-31,93.31718444824219,77.43000030517578,24.459999084472656,26.70950002670288,-0.9050535922313802
2020-08-03,96.83393096923828,77.66999816894531,24.280000686645508,26.526500034332276,-0.6511948005719721
2020-08-04,98.03562927246094,85.04000091552734,23.760000228881836,26.243000030517578,-1.0908561490639066
2020-08-05,98.4244155883789,85.30999755859375,22.989999771118164,25.988500022888182,-1.0803765903024443
2020-08-06,98.1328353881836,86.70999908447266,22.649999618530273,25.657999992370605,-1.203982925838942
2020-08-07,95.64989471435547,84.8499984741211,22.209999084472656,25.403999900817873,-1.2611081639587847
2020-08-10,93.97989654541016,82.23999786376953,22.1299991607666,24.90099992752075,-1.201371410778287
2020-08-11,96.16239166259766,76.87999725341797,24.030000686645508,24.626499938964844,-0.6459192860954609
2020-08-12,102.31226348876953,82.61000061035156,22.280000686645508,24.352499961853027,-0.5855465361489551
2020-08-13,100.20927429199219,81.83999633789062,22.1299991607666,24.058999919891356,-0.6921015278490601
2020-08-14,100.50088500976562,81.30000305175781,22.049999237060547,23.877499866485596,-0.6306106429858758
2020-08-17,99.12244415283203,82.41999816894531,21.350000381469727,23.72199993133545,-0.8178054948249027
2020-08-18,98.98991394042969,81.66000366210938,21.510000228881836,23.555499935150145,-0.7731316724266347
2020-08-19,98.11516571044922,81.08999633789062,22.540000915527344,23.466499996185302,-0.7994165863502455
2020-08-20,97.77938842773438,82.7699966430664,22.719999313354492,23.298499965667723,-0.9466552963174947
2020-08-21,99.8470230102539,83.80999755859375,22.540000915527344,23.133500003814696,-0.8623283452754429
2020-08-24,102.41830444335938,83.08000183105469,22.3700008392334,23.01500005722046,-0.6113170601571833
2020-08-25,102.45364379882812,86.3499984741211,22.030000686645508,22.844500064849854,-0.8447814780395262
2020-08-26,102.53316497802734,86.0199966430664,23.270000457763672,22.803000068664552,-0.8148134022003899
2020-08-27,102.51548767089844,83.80000305175781,24.469999313354492,22.788500022888183,-0.6558279753572935
2020-08-28,104.4417495727539,85.55000305175781,22.959999084472656,22.713500022888184,-0.6336857149718136
2020-08-31,105.23696899414062,90.81999969482422,26.40999984741211,22.819999980926514,-0.9530106577808529
2020-09-01,107.80827331542969,92.18000030517578,26.1200008392334,22.938000011444093,-0.8529566065786912
2020-09-02,109.42504119873047,90.22000122070312,26.56999969482422,23.117000007629393,-0.5867102728813504
2020-09-03,103.42877197265625,82.54000091552734,33.599998474121094,23.664499950408935,-0.4943910293599157
2020-09-04,103.02013397216797,82.01000213623047,30.75,24.091499996185302,-0.48762167385855626
2020-09-08,97.512451171875,78.69000244140625,31.459999084472656,24.557999992370604,-0.6725449681009631
2020-09-09,101.28787994384766,81.91000366210938,28.809999465942383,24.79699993133545,-0.6139815061655167
2020-09-10,99.88431549072266,78.9800033569336,29.709999084472656,25.168499851226805,-0.510585376829649
2020-09-11,100.75487518310547,76.33999633789062,26.8700008392334,25.405499935150146,-0.2527663320765417
2020-09-14,100.79042053222656,77.9000015258789,25.850000381469727,25.595499992370605,-0.3627033573263468
2020-09-15,103.5620346069336,78.93000030517578,25.59000015258789,25.807499980926515,-0.22336662747516686
2020-09-16,101.76759338378906,76.66000366210938,26.040000915527344,26.03400001525879,-0.19778454494035466
2020-09-17,102.05184936523438,76.55000305175781,26.459999084472656,26.229999923706053,-0.1679188954947262
2020-09-18,98.3297348022461,74.93000030517578,25.829999923706055,26.385499954223633,-0.33793782581004345
2020-09-21,99.42237091064453,77.94000244140625,27.780000686645508,26.64749994277954,-0.47108965089023486
2020-09-22,101.1102294921875,77.69999694824219,26.860000610351562,26.87199993133545,-0.3235951176307853
2020-09-23,98.22313690185547,74.7300033569336,28.579999923706055,27.199499893188477,-0.3317124736536428
2020-09-24,99.66223907470703,75.81999969482422,28.510000228881836,27.461499881744384,-0.29946589227421183
2020-09-25,101.71427917480469,78.05999755859375,26.3799991607666,27.55699987411499,-0.3030164634588939
2020-09-28,105.24099731445312,79.4800033569336,26.190000534057617,27.71849994659424,-0.1336198731362548
2020-09-29,104.272705078125,81.7699966430664,26.270000457763672,27.711499977111817,-0.3736943051212774
2020-09-30,104.5392074584961,81.98999786376953,26.3700008392334,27.723999977111816,-0.36903352886516383
2020-10-01,106.17373657226562,84.86000061035156,26.700000762939453,27.73050003051758,-0.4502852514483555
2020-10-02,102.57597351074219,81.80000305175781,27.6299991607666,27.432000064849852,-0.5067049885598188
2020-10-05,107.06204986572266,86.1500015258789,27.959999084472656,27.292500019073486,-0.4749589107794679
2020-10-06,106.19151306152344,84.4800033569336,29.479999542236328,27.19350004196167,-0.4214674782449108
2020-10-07,109.29177856445312,86.69000244140625,28.059999465942383,27.15600004196167,-0.3420174264962605
2020-10-08,108.6788330078125,86.51000213623047,26.360000610351562,26.988500118255615,-0.37628338371807785
2020-10-09,110.92631530761719,83.0999984741211,25.0,26.895000076293947,0.04333328394867177
2020-10-12,112.5430908203125,84.29000091552734,25.06999969482422,26.85600004196167,0.08205776091052681
2020-10-13,113.22708892822266,85.27999877929688,26.06999969482422,26.880000019073485,0.06329736395477938
2020-10-14,115.37688446044922,84.20999908447266,26.399999618530273,26.897999954223632,0.30636404491680985
2020-10-15,114.22203826904297,83.12999725341797,26.969999313354492,26.923499965667723,0.295315948146624
2020-10-16,114.62181091308594,83.16999816894531,27.40999984741211,27.002499961853026,0.3232551501792107
2020-10-19,114.07990264892578,82.0,29.18000030517578,27.07249994277954,0.36597409423837823
2020-10-20,113.97332000732422,81.55999755859375,29.350000381469727,27.196999931335448,0.3895360548798867
2020-10-21,114.19540405273438,79.19999694824219,28.649999618530273,27.20049991607666,0.5771232731159881
2020-10-22,114.04438018798828,79.41999816894531,28.110000610351562,27.180499935150145,0.5495865409477952
2020-10-23,114.48854064941406,81.95999908447266,27.549999237060547,27.238999938964845,0.40037542490760386
2020-10-26,112.10779571533203,82.2300033569336,32.459999084472656,27.552499866485597,0.19728221577585464
2020-10-27,111.85017395019531,78.87999725341797,33.349998474121094,27.906499767303465,0.41938436886031866
2020-10-28,108.00370025634766,76.4000015258789,40.279998779296875,28.60199966430664,0.3018921944014103
2020-10-29,112.32101440429688,78.0199966430664,37.59000015258789,29.146499633789062,0.5178104519075957
2020-10-30,109.58492279052734,75.29000091552734,38.02000045776367,29.665999698638917,0.5040026453388997
2020-11-02,110.12682342529297,74.69999694824219,37.130001068115234,30.124499797821045,0.5884068575103505
2020-11-03,111.4415512084961,76.58000183105469,35.54999923706055,30.427999782562257,0.554000541972126
2020-11-04,114.56849670410156,81.3499984741211,29.56999969482422,30.50349979400635,0.4506011555136798
2020-11-05,129.17269897460938,83.0,27.579999923706055,30.56449975967407,1.457624759250941
2020-11-06,128.81736755371094,85.87999725341797,24.860000610351562,30.55749979019165,1.2222031784681306
2020-11-09,126.6854019165039,83.12000274658203,25.75,30.59149980545044,1.2571492973238967
2020-11-10,124.46451568603516,77.98999786376953,24.799999237060547,30.527999782562254,1.4564225310280903
2020-11-11,131.1980743408203,81.27999877929688,23.450000762939453,30.380499839782715,1.738045950883725
2020-11-12,127.84020233154297,81.83999633789062,25.350000381469727,30.299499893188475,1.4386556370690646
2020-11-13,128.15106201171875,81.43000030517578,23.100000381469727,30.083999919891358,1.4922412921171293
2020-11-16,132.42398071289062,83.7300033569336,22.450000762939453,29.74749994277954,1.6556194920050906
2020-11-17,132.13088989257812,83.36000061035156,22.709999084472656,29.415499877929687,1.6597428570953185
2020-11-18,130.62957763671875,82.54000091552734,23.84000015258789,29.174999904632568,1.603197277384086
2020-11-19,131.0559539794922,85.54000091552734,23.110000610351562,28.924999904632568,1.419389322531998
2020-11-20,129.72348022460938,84.63999938964844,23.700000762939453,28.732499980926512,1.3816421897821647
2020-11-23,127.76025390625,85.30999755859375,22.65999984741211,28.242500019073486,1.1818546165252994
2020-11-24,129.63462829589844,85.06999969482422,21.639999389648438,27.657000064849854,1.3437317527671575
2020-11-25,127.99121856689453,86.70999908447266,21.25,26.70550012588501,1.0985442929299096
2020-11-27,127.76910400390625,87.19000244140625,20.84000015258789,25.86800012588501,1.0467456307400664
2020-11-30,130.73619079589844,92.66000366210938,20.56999969482422,24.995500087738037,0.8804579015626842
2020-12-01,134.36944580078125,92.62999725341797,20.770000457763672,24.17750005722046,1.1628034601664279
2020-12-02,133.80740356445312,93.73999786376953,21.170000076293945,23.458500099182128,1.0392870296281875
2020-12-03,133.74490356445312,92.30999755859375,21.280000686645508,23.044000148773193,1.1377552854537054
2020-12-04,140.62353515625,94.04000091552734,20.790000915527344,22.704500198364258,1.5432435465296765
2020-12-07,140.98045349121094,94.06999969482422,21.299999237060547,22.526500129699706,1.5686004888129959
2020-12-08,141.67633056640625,92.91999816894531,20.68000030517578,22.273000144958495,1.7053268226196825
2020-12-09,139.19610595703125,89.83000183105469,22.270000457763672,22.146500205993654,1.7372527795966675
2020-12-10,138.95518493652344,91.66000366210938,22.520000457763672,22.100000190734864,1.586494396824186
2020-12-11,128.72203063964844,91.6500015258789,23.309999465942383,21.998000144958496,0.7980878361113395
2020-12-14,130.51527404785156,94.77999877929688,24.719999313354492,22.079000091552736,0.7102961311891735
2020-12-15,132.36207580566406,97.12000274658203,22.889999389648438,22.101000022888183,0.6836952468688012
2020-12-16,133.5933074951172,96.8499984741211,22.5,22.09050006866455,0.7981438191408935
2020-12-17,133.40594482421875,96.83999633789062,21.93000030517578,21.995000076293945,0.7844178067500157
2020-12-18,131.52346801757812,95.91999816894531,21.56999969482422,21.91800003051758,0.7057015692898053
2020-12-21,130.9702606201172,93.2300033569336,25.15999984741211,21.99099998474121,0.8573374942076095
2020-12-22,130.5598907470703,93.16000366210938,24.229999542236328,22.069499969482422,0.8307478787793366
2020-12-23,131.11305236816406,91.55000305175781,23.309999465942383,22.15299997329712,0.9896941375960333
2020-12-24,132.74571228027344,91.80999755859375,21.530000686645508,22.167000007629394,1.0968173728321935
2020-12-28,131.80894470214844,91.5999984741211,21.700000762939453,22.210000038146973,1.0397466933238535
2020-12-29,132.47808837890625,90.62000274658203,23.079999923706055,22.335500049591065,1.1621320809393503
2020-12-30,133.78062438964844,92.29000091552734,22.770000457763672,22.435500049591063,1.1419542382799794
2020-12-31,135.91293334960938,91.70999908447266,22.75,22.514500045776366,1.3482802344906981
2021-01-04,132.48696899414062,92.30000305175781,26.969999313354492,22.798999977111816,1.0414716416856202
2021-01-05,135.99319458007812,92.7699966430664,25.34000015258789,23.026499938964843,1.2779066788290456
2021-01-06,134.8869171142578,90.33000183105469,25.06999969482422,23.214999961853028,1.3688353143089023
2021-01-07,138.9105987548828,95.16000366210938,22.3700008392334,23.299499988555908,1.3302535421218429
2021-01-08,139.74923706054688,94.58000183105469,21.559999465942383,23.263999938964844,1.4368182124827116
2021-01-11,139.27638244628906,97.25,24.079999923706055,23.34199991226196,1.2075019280458505
2021-01-12,137.79537963867188,95.36000061035156,23.329999923706055,23.342999935150146,1.2298078525733656
2021-01-13,140.44512939453125,91.77999877929688,22.209999084472656,23.217499923706054,1.6927241990634638
2021-01-14,143.5052490234375,90.79000091552734,23.25,23.235499954223634,2.0002119844948787
2021-01-15,140.1507110595703,88.20999908447266,24.34000015258789,23.32749996185303,1.92787877301942
2021-01-19,146.11036682128906,89.44999694824219,23.239999771118164,23.392999935150147,2.297893034484622
2021-01-20,146.85092163085938,88.75,21.579999923706055,23.39349994659424,2.4055611674507067
2021-01-21,146.9847412109375,91.52999877929688,21.31999969482422,23.201499938964844,2.2150832543948202
2021-01-22,144.90594482421875,92.79000091552734,21.90999984741211,23.085499954223632,1.9637679220372586
2021-01-25,146.6724395751953,94.12999725341797,23.190000534057617,23.079500007629395,2.003204031984783
2021-01-26,145.0219268798828,94.70999908447266,23.020000457763672,23.153999996185302,1.8340317224494083
2021-01-27,137.0994873046875,88.83999633789062,37.209999084472656,23.929499912261964,1.6470795889584278
2021-01-28,138.77676391601562,87.5199966430664,30.209999084472656,24.285999870300294,1.8717653331506496
2021-01-29,139.42808532714844,85.63999938964844,33.09000015258789,24.801999855041505,2.0577828495487793
2021-02-01,144.1566162109375,87.66000366210938,30.239999771118164,25.176499843597412,2.2765196717529705
2021-02-02,147.011474609375,88.86000061035156,25.559999465942383,25.105999851226805,2.4099969311570324
2021-02-03,144.79893493652344,87.88999938964844,22.90999984741211,24.984499835968016,2.3094396039372653
2021-02-04,132.01412963867188,87.83999633789062,21.770000457763672,24.81949987411499,1.3271518858400118
2021-02-05,130.1138153076172,87.9000015258789,20.8700008392334,24.74449987411499,1.176275140008766
2021-02-08,131.48777770996094,91.47000122070312,21.239999771118164,24.72849988937378,1.024369534496006
2021-02-09,130.35467529296875,90.91000366210938,21.6299991607666,24.605999851226805,0.9774386562558571
2021-02-10,129.8104705810547,92.3499984741211,21.989999771118164,24.538999843597413,0.8314625108519896
2021-02-11,129.86402893066406,92.66000366210938,21.25,24.49099988937378,0.8132011977467123
2021-02-12,132.0230712890625,93.7699966430664,19.969999313354492,24.326999855041503,0.8995215745254612
2021-02-16,131.29148864746094,91.45999908447266,21.459999084472656,24.18299980163574,1.0099551640147049
2021-02-17,129.141357421875,89.94000244140625,21.5,24.095999813079835,0.9539362513459843
2021-02-18,128.39193725585938,88.63999938964844,22.489999771118164,24.14149980545044,0.9900430923210196
2021-02-19,129.31085205078125,89.58000183105469,22.049999237060547,24.177999782562257,0.9930094149415216
2021-02-22,124.4217758178711,85.37000274658203,23.450000762939453,24.254999828338622,0.9200739688830897
2021-02-23,122.33409881591797,84.73999786376953,23.110000610351562,24.25099983215332,0.8045877163747748
2021-02-24,125.88495635986328,86.94000244140625,21.34000015258789,24.16699981689453,0.9195070395426157
2021-02-25,120.91556549072266,82.41999816894531,28.889999389648438,23.75099983215332,0.8627695973389384
2021-02-26,121.50438690185547,84.51000213623047,27.950000762939453,23.63799991607666,0.757216971013603
2021-03-01,124.44853210449219,86.38999938964844,23.350000381469727,23.15099992752075,0.8484636216947438
2021-03-02,122.26273345947266,84.12999725341797,24.100000381469727,22.84399995803833,0.8431443064975764
2021-03-03,118.02267456054688,80.86000061035156,26.670000076293945,22.89949998855591,0.7523620584384739
2021-03-04,114.5625,77.75,28.56999969482422,23.182499980926515,0.7101641354225909
2021-03-05,116.31050872802734,78.5199966430664,24.65999984741211,23.326999950408936,0.7893453831192547
2021-03-08,110.43897247314453,73.95999908447266,25.469999313354492,23.55699987411499,0.6659277474922637
2021-03-09,115.73680114746094,78.52999877929688,24.030000686645508,23.69649991989136,0.7443815140485498
2021-03-10,114.625244140625,77.5199966430664,22.559999465942383,23.742999935150145,0.7316156300035896
2021-03-11,118.09439086914062,81.2300033569336,21.90999984741211,23.738999938964845,0.7311674127057791
2021-03-12,116.5167007446289,81.05000305175781,20.690000534057617,23.710999965667725,0.6225052427557919
2021-03-15,118.00474548339844,82.5,20.030000686645508,23.714000034332276,0.6325234301865862
2021-03-16,119.80655670166016,82.75,19.790000915527344,23.63050012588501,0.7534126534252037
2021-03-17,120.04857635498047,82.62999725341797,19.229999542236328,23.517000102996825,0.7807436986816697
2021-03-18,116.31050872802734,78.12000274658203,21.579999923706055,23.47150011062622,0.8182366673284267
2021-03-19,117.44898223876953,79.05999755859375,20.950000762939453,23.416500186920167,0.8381347966782412
2021-03-22,120.20096588134766,80.30000305175781,18.8799991607666,23.188000106811522,0.9607890864752264
2021-03-23,118.79358673095703,78.37999725341797,20.299999237060547,23.04750003814697,0.9909398366731204
2021-03-24,114.0066909790039,76.4800033569336,21.200000762939453,23.04050006866455,0.7590339446017874
2021-03-25,114.09632873535156,76.22000122070312,19.809999465942383,22.586500072479247,0.7847261297668714
2021-03-26,119.21493530273438,77.41000366210938,18.860000610351562,22.132000064849855,1.093494073941545
2021-03-29,117.67308044433594,77.13999938964844,20.739999771118164,22.001500034332274,0.9940962628306764
2021-03-30,116.63320922851562,76.0,19.610000610351562,21.77700004577637,0.9962480360194175
2021-03-31,118.8563461303711,78.5,19.399999618530273,21.413500022888183,0.9871118076527057
2021-04-01,123.51773834228516,81.08999633789062,17.329999923706055,20.851500034332275,1.159501100567862
2021-04-05,125.79462432861328,81.43000030517578,17.90999984741211,20.514000034332277,1.3105247580299277
2021-04-06,123.75977325439453,81.44000244140625,18.1200008392334,20.14650011062622,1.1528849063206081
2021-04-07,124.98782348632812,82.19999694824219,17.15999984741211,19.803000068664552,1.1926920368453182
2021-04-08,125.80362701416016,83.3499984741211,16.950000762939453,19.522500133514406,1.1725388514814807
2021-04-09,126.00978088378906,82.76000213623047,16.690000534057617,19.26150016784668,1.2310514232834162
2021-04-12,123.20398712158203,78.58000183105469,16.90999984741211,19.072500133514403,1.3166013741959268
2021-04-13,123.07849884033203,80.19000244140625,16.649999618530273,18.903500080108643,1.1906351163336732
2021-04-14,120.79264831542969,78.55000305175781,16.989999771118164,18.763500022888184,1.1328179348916014
2021-04-15,123.56256866455078,83.01000213623047,16.56999969482422,18.630500030517577,1.0242774887591517
2021-04-16,123.89423370361328,82.1500015258789,16.25,18.364000034332275,1.111971068998327
2021-04-19,121.24083709716797,81.11000061035156,17.290000915527344,18.18100004196167,0.982473118718383
2021-04-20,119.58243560791016,79.2699966430664,18.68000030517578,18.17100009918213,0.987487820801008
2021-04-21,122.08345031738281,81.61000061035156,17.5,18.0310001373291,1.0113365244255945
2021-04-22,119.19700622558594,79.05999755859375,18.709999084472656,17.90650005340576,0.9729335493305736
2021-04-23,121.40217590332031,82.76000213623047,17.329999923706055,17.782500076293946,0.8757362738540074
2021-04-26,124.56656646728516,85.41000366210938,17.639999389648438,17.72150001525879,0.9283502514797829
2021-04-27,123.7149429321289,85.20999908447266,17.559999465942383,17.5625,0.8771235527825388
2021-04-28,122.42411804199219,84.0199966430664,17.280000686645508,17.446000003814696,0.8635347362455567
2021-04-29,127.90121459960938,83.91000366210938,17.610000610351562,17.35650005340576,1.2938453878154357
2021-04-30,124.42313385009766,81.62000274658203,18.610000610351562,17.420500087738038,1.1910386159026896
2021-05-03,123.19501495361328,78.55000305175781,18.309999465942383,17.44050006866455,1.3180762772731114
2021-05-04,120.22787475585938,78.61000061035156,19.479999542236328,17.508500003814696,1.0849318772583818
2021-05-05,120.70294189453125,77.83000183105469,19.149999618530273,17.607999992370605,1.177905423534971
2021-05-06,121.91313171386719,77.88999938964844,18.389999389648438,17.679999923706056,1.2668955479705628
2021-05-07,123.57152557373047,78.80999755859375,16.690000534057617,17.679999923706056,1.3283316440001869
2021-05-10,115.58441162109375,75.98999786376953,19.65999984741211,17.817499923706055,0.9160925262015707
2021-05-11,115.07344055175781,76.83000183105469,21.84000015258789,18.076999950408936,0.8160161172327248
2021-05-12,111.71186065673828,74.63999938964844,27.59000015258789,18.606999969482423,0.7149704798580658
2021-05-13,113.9439697265625,73.08999633789062,23.1299991607666,18.93499994277954,0.9990550763014835
2021-05-14,116.66907501220703,74.58999633789062,18.809999465942383,19.06299991607666,1.100857418881198
2021-05-17,116.35533905029297,74.6500015258789,19.719999313354492,19.18449983596802,1.072329557709617
2021-05-18,115.55753326416016,74.44000244140625,21.34000015258789,19.317499828338622,1.0259749074824287
2021-05-19,117.12625122070312,76.2300033569336,22.18000030517578,19.551499843597412,1.0176559518410389
2021-05-20,118.90115356445312,78.05999755859375,20.670000076293945,19.649499893188477,1.0223482038397225
2021-05-21,117.84339141845703,77.16999816894531,20.149999618530273,19.790499877929687,1.0050629909826843
2021-05-24,119.1432113647461,77.44000244140625,18.399999618530273,19.82849988937378,1.0857962960588958
2021-05-25,119.89620971679688,77.86000061035156,18.84000015258789,19.892499923706055,1.1135275344786721
2021-05-26,119.30455017089844,78.33999633789062,17.360000610351562,19.896499919891358,1.0332319867515272
2021-05-27,119.79756164550781,78.41999816894531,16.739999771118164,19.852999877929687,1.0654720563235565
2021-05-28,120.60435485839844,80.08000183105469,16.760000228881836,19.7604998588562,1.0077869373741708
2021-06-01,120.06652069091797,80.80999755859375,17.899999618530273,19.739999866485597,0.9135848019345508
2021-06-02,120.57108306884766,81.97000122070312,17.479999542236328,19.639999866485596,0.8687078287194105
2021-06-03,118.73301696777344,80.27999877929688,18.040000915527344,19.58449993133545,0.8490331991852081
2021-06-04,121.03958892822266,81.58000183105469,16.420000076293945,19.485999965667723,0.9330060145324379
2021-06-07,120.12056732177734,81.3499984741211,16.420000076293945,19.472499942779542,0.8787487092914791
2021-06-08,120.91344451904297,80.88999938964844,17.06999969482422,19.342999935150146,0.973116798941194
2021-06-09,119.733154296875,79.95999908447266,17.889999389648438,19.145499897003173,0.9492720803317813
2021-06-10,120.93148803710938,81.55999755859375,16.100000381469727,18.570999908447266,0.9261147164053645
2021-06-11,121.29187774658203,81.30999755859375,15.649999618530273,18.196999931335448,0.9719634728744143
2021-06-14,123.71550750732422,81.55000305175781,16.389999389648438,18.07599992752075,1.1415260877231141
2021-06-15,122.15682983398438,80.47000122070312,17.020000457763672,17.94099998474121,1.0993365532741852
2021-06-16,121.58918762207031,80.11000061035156,18.149999618530273,17.78149995803833,1.0815654587668184
2021-06-17,121.94960021972656,84.55999755859375,17.75,17.55999994277954,0.787938431205528
2021-06-18,119.8322525024414,84.6500015258789,20.700000762939453,17.561499977111815,0.6181583791239589
2021-06-21,120.69721221923828,82.58999633789062,17.889999389648438,17.448499965667725,0.8336524485392781
2021-06-22,121.7063217163086,83.58000183105469,16.65999984741211,17.361499977111816,0.8399624435151749
2021-06-23,122.10275268554688,83.81999969482422,16.31999969482422,17.235499954223634,0.8531983104144535
2021-06-24,124.2651138305664,86.0999984741211,15.970000267028809,17.165999937057496,0.8552659005849876
2021-06-25,124.02185821533203,85.62000274658203,15.619999885559082,17.10999994277954,0.8711770215879914
2021-06-28,125.88694763183594,87.08000183105469,15.760000228881836,17.05999994277954,0.9095485366610078
2021-06-29,128.4998321533203,89.5199966430664,16.020000457763672,16.96599998474121,0.9348018033589313
2021-06-30,128.7790985107422,93.93000030517578,15.829999923706055,16.883500003814696,0.6378058764857089
2021-07-01,126.86003112792969,93.30999755859375,15.479999542236328,16.755499935150148,0.5345994960381373
2021-07-02,128.46377563476562,94.69999694824219,15.069999694824219,16.68799991607666,0.5578734457514398
2021-07-06,127.2114028930664,94.47000122070312,16.440000534057617,16.688999938964844,0.4779092389789079
2021-07-07,126.11219024658203,90.54000091552734,16.200000762939453,16.645499992370606,0.6770047501517034
2021-07-08,124.59852600097656,89.73999786376953,19.0,16.701000022888184,0.6180623037945071
2021-07-09,127.42760467529297,90.9000015258789,16.18000030517578,16.705000019073488,0.7524402490679982
2021-07-12,128.36465454101562,90.80999755859375,16.170000076293945,16.73100004196167,0.8312017113883254
2021-07-13,127.20238494873047,90.26000213623047,17.1200008392334,16.767500114440917,0.7812991609542099
2021-07-14,129.5179443359375,89.05000305175781,16.329999923706055,16.733000087738038,1.047260770175798
2021-07-15,127.45468139648438,86.93000030517578,17.010000228881836,16.676000118255615,1.0412787280189604
2021-07-16,125.87793731689453,85.88999938964844,18.450000762939453,16.711000156402587,0.9948067652281357
2021-07-19,125.04899597167969,86.58000183105469,22.5,16.801000118255615,0.8810446068454602
2021-07-20,125.73374938964844,87.11000061035156,19.729999542236328,16.89300012588501,0.8955678732675746
2021-07-21,128.09439086914062,89.41000366210938,17.90999984741211,16.95550012588501,0.9114809432991895
2021-07-22,128.337646484375,91.20999908447266,17.690000534057617,17.02400016784668,0.8002271516345165
2021-07-23,130.5360565185547,92.1500015258789,17.200000762939453,17.08550019264221,0.9018616639236685
2021-07-26,129.29269409179688,91.81999969482422,17.579999923706055,17.18350019454956,0.8298156591025051
2021-07-27,126.97713470458984,91.02999877929688,19.360000610351562,17.36350021362305,0.708312675190473
2021-07-28,128.337646484375,97.93000030517578,18.309999465942383,17.478000164031982,0.31484608242386203
2021-07-29,136.04115295410156,102.94999694824219,17.700000762939453,17.57150020599365,0.5463105607611073
2021-07-30,134.9689483642578,106.19000244140625,18.239999771118164,17.709500217437743,0.22960420586775826
2021-08-02,134.1220245361328,108.62999725341797,19.459999084472656,17.929000186920167,-0.011945416559918254
2021-08-03,133.30209350585938,112.55999755859375,18.040000915527344,18.00900020599365,-0.3590355638124628
2021-08-04,133.54537963867188,118.7699966430664,17.969999313354492,18.097500133514405,-0.7888185354353556
2021-08-05,132.29299926757812,112.3499984741211,17.280000686645508,18.01150016784668,-0.42168370887396606
2021-08-06,131.7974395751953,110.11000061035156,16.149999618530273,18.010000133514403,-0.2981052553088626
2021-08-09,132.3740997314453,107.58000183105469,16.719999313354492,18.03750009536743,-0.07089607314106178
2021-08-10,131.42807006835938,106.4800033569336,16.790000915527344,18.021000099182128,-0.06439695353326713
2021-08-11,132.15786743164062,107.68000030517578,16.170000076293945,18.013000106811525,-0.09479363350851867
2021-08-12,132.581298828125,106.5,15.59000015258789,17.942000102996825,0.023089861243186793
2021-08-13,133.9237823486328,110.55000305175781,15.449999809265137,17.79200005531311,-0.16591354867704527
2021-08-16,133.46434020996094,107.4800033569336,16.1200008392334,17.47300009727478,0.02040056938243725
2021-08-17,130.11260986328125,107.55999755859375,17.90999984741211,17.382000112533568,-0.24384581798910276
2021-08-18,128.1033935546875,103.44000244140625,21.56999969482422,17.565000104904176,-0.10120198358388958
2021-08-19,126.68880462646484,103.69999694824219,21.670000076293945,17.76400008201599,-0.2290671385506191
2021-08-20,128.02227783203125,104.6500015258789,18.559999465942383,17.832000017166138,-0.19485461928737757
2021-08-23,129.8693389892578,108.7699966430664,17.149999618530273,17.81050000190735,-0.3500030373283431
2021-08-24,130.15765380859375,107.6500015258789,17.219999313354492,17.703499937057494,-0.2468731818567988
2021-08-25,129.62603759765625,108.30000305175781,16.790000915527344,17.627500009536742,-0.33481789379183535
2021-08-26,128.28359985351562,107.2699966430664,18.84000015258789,17.684499979019165,-0.3639432355785374
2021-08-27,130.50901794433594,111.4000015258789,16.389999389648438,17.591999959945678,-0.490637682520508
2021-08-30,131.49111938476562,111.31999969482422,16.190000534057617,17.428500032424928,-0.4091245184594248
2021-08-31,132.16688537597656,110.72000122070312,16.479999542236328,17.350499963760377,-0.3136753919335524
2021-09-01,132.56512451171875,109.98999786376953,16.110000610351562,17.25750002861023,-0.23023756694976358
2021-09-02,131.36123657226562,109.19999694824219,16.40999984741211,17.21399998664856,-0.26601408163332957
2021-09-03,130.91770935058594,109.91999816894531,16.40999984741211,17.22699999809265,-0.3522218469055693
2021-09-07,130.12112426757812,109.1500015258789,18.139999389648438,17.298000001907347,-0.3580341239474612
2021-09-08,129.0077667236328,106.16999816894531,17.959999084472656,17.356499910354614,-0.22864702219054306
2021-09-09,128.1568603515625,106.1500015258789,18.799999237060547,17.487999868392944,-0.29282026629087266
2021-09-10,129.15255737304688,105.19999694824219,20.950000762939453,17.755999898910524,-0.14741897951406624
2021-09-13,129.81336975097656,104.80000305175781,19.3700008392334,17.951999950408936,-0.06756919304522174
2021-09-14,127.75859832763672,105.7300033569336,19.459999084472656,18.118999862670897,-0.2931960365292282
2021-09-15,125.1335220336914,105.5999984741211,18.18000030517578,18.13249988555908,-0.48623845576933244
2021-09-16,125.27836608886719,106.22000122070312,18.690000534057617,17.988499927520753,-0.5198511883864945
2021-09-17,120.93344116210938,103.87999725341797,20.809999465942383,17.945499897003174,-0.6858929049030912
2021-09-20,120.17306518554688,101.55000305175781,25.709999084472656,18.302999877929686,-0.5762353677265556
2021-09-21,119.25885772705078,102.81999969482422,24.360000610351562,18.663499927520753,-0.738465399253051
2021-09-22,120.39936828613281,104.37999725341797,20.8700008392334,18.846000003814698,-0.763192555286655
2021-09-23,121.21406555175781,106.1500015258789,18.6299991607666,18.93799991607666,-0.8282134222161792
2021-09-24,121.18692016601562,105.80000305175781,17.75,18.883499908447266,-0.8050265876033731
2021-09-27,120.82485961914062,108.16000366210938,18.760000228881836,19.001999950408937,-1.0034080843736386
2021-09-28,117.58424377441406,101.5199966430664,23.25,19.354999923706053,-0.7737048151593924
2021-09-29,117.02302551269531,100.3499984741211,22.559999465942383,19.658999919891357,-0.7324749602684798
2021-09-30,116.75144958496094,102.9000015258789,23.139999389648438,20.0104998588562,-0.9376024874403124
2021-10-01,116.50707244873047,102.44999694824219,21.100000381469727,20.244999885559082,-0.9239440925969705
2021-10-04,114.66954803466797,100.33999633789062,22.959999084472656,20.57249984741211,-0.9132407709143638
2021-10-05,115.43896484375,101.80999755859375,21.299999237060547,20.730499839782716,-0.9600844229942954
2021-10-06,115.91869354248047,103.63999938964844,21.0,20.88249988555908,-1.055269950940285
2021-10-07,115.71955108642578,106.44999694824219,19.540000915527344,20.919499969482423,-1.273591000318257
2021-10-08,114.5518569946289,105.05999755859375,18.770000457763672,20.810499954223634,-1.2632389514845652
2021-10-11,113.0945053100586,104.68000030517578,20.0,20.84199991226196,-1.3481755885947297
2021-10-12,111.29316711425781,105.04000091552734,19.850000381469727,20.861499977111816,-1.513088259542645
2021-10-13,113.18502807617188,109.16000366210938,18.639999389648438,20.884499931335448,-1.664782494711962
2021-10-14,116.4618148803711,111.98999786376953,16.860000610351562,20.792999935150146,-1.616501835803926
2021-10-15,117.85579681396484,112.12000274658203,16.299999237060547,20.567499923706055,-1.5183951756977387
2021-10-18,117.78338623046875,116.43000030517578,16.309999465942383,20.097499942779542,-1.8352872741946282
2021-10-19,119.9377670288086,116.33000183105469,15.699999809265137,19.66449990272522,-1.6619295221890975
2021-10-20,119.62999725341797,116.38999938964844,15.489999771118164,19.395499849319457,-1.6899967502206443
2021-10-21,120.43561553955078,119.33000183105469,15.010000228881836,19.21449990272522,-1.8402259055958234
2021-10-22,119.14118194580078,119.81999969482422,15.430000305175781,19.098499917984007,-1.9754382743728793
2021-10-25,119.4217758178711,122.36000061035156,15.239999771118164,18.922499895095825,-2.1372628169947436
2021-10-26,119.43084716796875,122.93000030517578,15.979999542236328,18.558999872207643,-2.1777339666101914
2021-10-27,118.76099395751953,122.27999877929688,16.979999542236328,18.279999876022337,-2.1824404886252182
2021-10-28,121.01492309570312,121.16000366210938,16.530000686645508,17.949499940872194,-1.9277324166219936
2021-10-29,120.42655181884766,120.2300033569336,16.260000228881836,17.707499933242797,-1.9059313454131985
2021-11-01,122.02873229980469,125.2300033569336,16.40999984741211,17.379999971389772,-2.1435258682198035
2021-11-02,122.40888977050781,127.62999725341797,16.030000686645508,17.116500043869017,-2.287559959850028
2021-11-03,125.35079956054688,130.52999877929688,15.100000381469727,16.821500062942505,-2.270159900366407
2021-11-04,141.30929565429688,137.5,15.4399995803833,16.616499996185304,-1.542959940447688
2021-11-05,147.57322692871094,136.33999633789062,16.479999542236328,16.501999950408937,-0.9761310326181651
2021-11-08,150.12582397460938,150.16000366210938,17.219999313354492,16.36299991607666,-1.7774973123211906
2021-11-09,150.93145751953125,148.9199981689453,17.780000686645508,16.259499931335448,-1.6258061910103434
2021-11-10,144.64942932128906,139.8699951171875,18.729999542236328,16.263999938964844,-1.4565688747653618
2021-11-11,148.83143615722656,146.00999450683594,17.65999984741211,16.30399990081787,-1.5775616333579399
2021-11-12,149.3021240234375,147.88999938964844,16.290000915527344,16.30349998474121,-1.6770560305571827
2021-11-15,152.53363037109375,146.49000549316406,16.489999771118164,16.3125,-1.3267380381554859
2021-11-16,164.5726776123047,152.4499969482422,16.3700008392334,16.346000051498415,-0.8288338028111611
2021-11-17,166.13865661621094,151.33999633789062,17.110000610351562,16.427000093460084,-0.6278988556896254
2021-11-18,168.6550750732422,155.02000427246094,17.59000015258789,16.556000089645387,-0.6996498586155562
2021-11-19,167.4602508544922,155.41000366210938,17.90999984741211,16.680000066757202,-0.8199580360595069
2021-11-22,164.2015380859375,152.52000427246094,19.170000076293945,16.87650008201599,-0.8625107834353858
2021-11-23,163.78517150878906,149.9199981689453,19.3799991607666,17.046500062942506,-0.706822210386801
2021-11-24,163.5769805908203,157.8000030517578,18.579999923706055,17.12650008201599,-1.2920441754821759
2021-11-26,159.07818603515625,154.80999755859375,28.6200008392334,17.731000089645384,-1.4230023746861638
2021-11-29,166.3197021484375,161.91000366210938,22.959999084472656,18.066000032424927,-1.377401905383556
2021-11-30,163.44122314453125,158.3699951171875,27.190000534057617,18.605000066757203,-1.3436832369637366
2021-12-01,159.57960510253906,149.11000061035156,31.1200008392334,19.359500074386595,-0.9726286151865234
2021-12-02,160.85165405273438,150.67999267578125,27.950000762939453,20.002000093460083,-0.9879340933595815
2021-12-03,160.37916564941406,144.00999450683594,30.670000076293945,20.763500118255614,-0.5426006217805468
2021-12-06,159.41603088378906,139.05999755859375,27.18000030517578,21.29850015640259,-0.25933781750156115
2021-12-07,166.93028259277344,144.85000610351562,21.889999389648438,21.532000160217287,-0.09808513776877897
2021-12-08,165.93988037109375,145.24000549316406,19.899999618530273,21.638000106811525,-0.20262932660181657
2021-12-09,165.60369873046875,138.10000610351562,21.579999923706055,21.78050012588501,0.28716329697028303
2021-12-10,167.0756378173828,138.5500030517578,18.690000534057617,21.832000160217284,0.3681688107918524
2021-12-13,166.56683349609375,133.8000030517578,20.309999465942383,22.03300008773804,0.6720216347479897
2021-12-14,165.3492889404297,135.60000610351562,21.889999389648438,22.303000068664552,0.44811778468994934
2021-12-15,171.98214721679688,146.5,19.290000915527344,22.449000072479247,0.17231113928706773
2021-12-16,161.86929321289062,138.63999938964844,20.56999969482422,22.62200002670288,-0.03981847826496388
2021-12-17,160.64266967773438,137.75,21.56999969482422,22.821000003814696,-0.07012542583594322
2021-12-20,160.52455139160156,135.8000030517578,22.8700008392334,23.069000053405762,0.061612829691500295
2021-12-21,163.1686248779297,144.25,21.010000228881836,23.161000061035157,-0.3448270920295095
2021-12-22,164.8041229248047,143.8800048828125,18.6299991607666,23.123500061035156,-0.19198127669815515
2021-12-23,166.0398712158203,146.13999938964844,17.959999084472656,23.092500019073487,-0.2599244798451531
2021-12-27,169.30172729492188,154.36000061035156,17.68000030517578,22.545499992370605,-0.602111704992793
2021-12-28,167.92977905273438,153.14999389648438,17.540000915527344,22.27450008392334,-0.6205114485391274
2021-12-29,169.18362426757812,148.25999450683594,16.950000762939453,21.762500095367432,-0.17061996398841794
2021-12-30,166.03073120117188,145.14999389648438,17.329999923706055,21.073000049591066,-0.1891218951668311
2021-12-31,166.157958984375,143.89999389648438,17.219999313354492,20.536499977111816,-0.08902409236897604
