Date,SHEL,LOW,VIX,AvgVIX,zscore
2020-01-30,42.153472900390625,106.78424835205078,15.489999771118164,13.696000051498412,3.127164511578908
2020-01-31,40.83029556274414,103.68024444580078,18.84000015258789,14.014500045776368,2.894507236087765
2020-02-03,40.11783218383789,104.5186767578125,17.969999313354492,14.211999988555908,2.7290513221267076
2020-02-04,40.438838958740234,106.4542007446289,16.049999237060547,14.32199993133545,2.7665629787740755
2020-02-05,41.45665740966797,108.933837890625,15.149999618530273,14.389999914169312,2.944055922951249
2020-02-06,40.822471618652344,108.38082122802734,14.960000038146973,14.465499925613404,2.817580915321652
2020-02-07,40.54844284057617,108.35406494140625,15.470000267028809,14.611999940872192,2.7595343022192576
2020-02-10,40.235267639160156,108.11325073242188,15.039999961853027,14.735999917984008,2.6965613279437854
2020-02-11,40.705047607421875,109.73660278320312,15.180000305175781,14.878999948501587,2.7708175955414953
2020-02-12,41.221778869628906,111.52046203613281,13.739999771118164,14.946499919891357,2.8525230583080194
2020-02-13,40.64780044555664,111.28857421875,14.149999618530273,15.032999897003174,2.733754387653814
2020-02-14,40.24922180175781,111.86834716796875,13.680000305175781,15.100999927520752,2.639419484107814
2020-02-18,40.02602005004883,109.91498565673828,14.829999923706055,15.237499904632568,2.6230640162136156
2020-02-19,40.03398895263672,110.10230255126953,14.380000114440918,15.313999891281128,2.6217655350304043
2020-02-20,39.555686950683594,112.89408111572266,15.5600004196167,15.446499919891357,2.4750040070232706
2020-02-21,39.19696807861328,111.7702407836914,17.079999923706055,15.651499938964843,2.4164498204663967
2020-02-24,37.69029235839844,109.62955474853516,25.030000686645508,16.174999952316284,2.129213007405842
2020-02-25,36.5901985168457,105.71387481689453,27.850000381469727,16.655999994277956,1.9571545312275003
2020-02-26,36.47063446044922,101.05792999267578,27.559999465942383,17.219999933242796,2.006182971578916
2020-02-27,35.027740478515625,95.99164581298828,39.15999984741211,18.35849995613098,1.7793956993760234
2020-02-28,35.0994873046875,95.05509948730469,40.11000061035156,19.589499998092652,1.8096999636256705
2020-03-02,35.73722839355469,99.0421142578125,33.41999816894531,20.318499898910524,1.881954935110751
2020-03-03,35.04369354248047,96.830078125,36.81999969482422,21.26099991798401,1.769376525889508
2020-03-04,36.11190414428711,101.04899597167969,31.989999771118164,22.05799994468689,1.929776565909008
2020-03-05,34.86034393310547,95.90243530273438,39.619998931884766,23.281499910354615,1.7451032311572854
2020-03-06,33.377601623535156,93.93123626708984,41.939998626708984,24.630499839782715,1.4602600609680694
2020-03-09,27.645931243896484,84.0395278930664,54.459999084472656,26.57999978065491,0.3955466450139094
2020-03-10,29.463489532470703,92.7806167602539,47.29999923706055,28.192999744415282,0.6434494691296234
2020-03-11,27.494470596313477,88.43683624267578,53.900001525878906,30.12899980545044,0.2928250589764087
2020-03-12,23.381061553955078,80.20413970947266,75.47000122070312,33.21549987792969,-0.4531286371456438
2020-03-13,23.97893714904785,86.06422424316406,57.83000183105469,35.39949998855591,-0.4193686212583512
2020-03-16,20.18440055847168,64.74665832519531,82.69000244140625,38.850000095367434,-0.8877878946879803
2020-03-17,20.45543670654297,65.81697082519531,75.91000366210938,41.9040002822876,-0.8470873325871633
2020-03-18,17.234859466552734,57.994571685791016,76.44999694824219,45.007500123977664,-1.4090886126831637
2020-03-19,19.16402244567871,62.320526123046875,72.0,47.829500102996825,-1.0666836652017369
2020-03-20,19.99307632446289,59.18978500366211,66.04000091552734,50.27750015258789,-0.8396483863928103
2020-03-23,21.38813018798828,60.47419357299805,61.59000015258789,52.10550012588501,-0.5625214547654028
2020-03-24,25.597198486328125,68.94771575927734,61.66999816894531,53.796500015258786,0.19998931803421954
2020-03-25,27.374893188476562,74.67401885986328,63.95000076293945,55.61600008010864,0.48765271745777145
2020-03-26,27.845224380493164,78.58969116210938,61.0,56.708000087738036,0.5253263022730821
2020-03-27,25.222530364990234,77.58182525634766,65.54000091552734,57.97950010299682,-0.01819416632446558
2020-03-30,26.657438278198242,79.12487030029297,57.08000183105469,59.16250028610229,0.26329641911808055
2020-03-31,27.813331604003906,76.75228118896484,53.540000915527344,59.99850034713745,0.547937847639252
2020-04-01,28.148151397705078,71.73060607910156,57.060001373291016,61.252000427246095,0.6997826136878708
2020-04-02,31.057825088500977,73.90696716308594,50.90999984741211,61.81650047302246,1.2858339168269728
2020-04-03,28.889524459838867,73.31826782226562,46.79999923706055,62.059500503540036,0.8325655209718784
2020-04-06,29.758440017700195,79.17839813232422,45.2400016784668,61.598500633239745,0.9241620051569657
2020-04-07,29.70263671875,81.13175964355469,46.70000076293945,61.568500709533694,0.880980602247615
2020-04-08,30.348350524902344,84.15547180175781,43.349998474121094,61.041000556945804,0.970359455959996
2020-04-09,30.220802307128906,85.01174926757812,41.66999816894531,59.35100040435791,0.9294328497391381
2020-04-13,29.790325164794922,84.91363525390625,41.16999816894531,58.51800022125244,0.839144175035706
2020-04-14,29.503341674804688,88.36546325683594,37.7599983215332,56.27150001525879,0.7226406259606167
2020-04-15,27.390836715698242,84.14653015136719,40.84000015258789,54.51799983978272,0.33939892079915734
2020-04-16,25.987810134887695,82.45185089111328,40.11000061035156,52.70100002288818,0.06713917201782735
2020-04-17,28.283672332763672,86.60832214355469,38.150001525878906,51.00850009918213,0.490507488599864
2020-04-20,26.6893253326416,84.85121154785156,43.83000183105469,49.898000144958495,0.17842141996243577
2020-04-21,26.25088119506836,83.0927963256836,45.40999984741211,49.089000129699706,0.11301428013230508
2020-04-22,27.789426803588867,85.1831283569336,41.97999954223633,48.104500198364256,0.40785798006078616
2020-04-23,28.028579711914062,85.13826751708984,41.380001068115234,46.976000213623045,0.4596090317905267
2020-04-24,27.924936294555664,88.59223937988281,35.93000030517578,45.722500228881835,0.3821940862311407
2020-04-27,28.554712295532227,91.48104095458984,33.290000915527344,44.11000022888184,0.4703319064775839
2020-04-28,28.698200225830078,92.87158203125,33.56999969482422,42.93450012207031,0.4786880661441006
2020-04-29,30.300518035888672,95.24005126953125,31.229999542236328,41.81900005340576,0.7826871039107677
2020-04-30,26.410314559936523,93.97508239746094,34.150001525878906,40.673500061035156,-0.027190883636893235
2020-05-01,24.94352149963379,93.71489715576172,37.189998626708984,39.9875,-0.33602417026806813
2020-05-04,26.10738754272461,96.30762481689453,35.970001220703125,39.44600009918213,-0.12917673130684
2020-05-05,26.36248779296875,98.8196029663086,33.61000061035156,38.86450004577637,-0.11495796076839283
2020-05-06,25.55733871459961,98.34412384033203,34.119998931884766,38.235499954223634,-0.2791561986910309
2020-05-07,25.9320068359375,100.40754699707031,31.440000534057617,37.64000005722046,-0.23224143087084237
2020-05-08,27.032108306884766,102.47994232177734,27.979999542236328,36.95550012588501,-0.03067013009729559
2020-05-11,26.115358352661133,101.72632598876953,27.56999969482422,36.275500202178954,-0.21422986376369602
2020-05-12,25.676918029785156,99.79749298095703,33.040000915527344,36.03950033187866,-0.2769077814122435
2020-05-13,24.744232177734375,99.07079315185547,35.279998779296875,35.76150026321411,-0.4642990116415591
2020-05-14,24.30121612548828,99.03491973876953,32.61000061035156,35.38650026321411,-0.5582598426754235
2020-05-15,24.268991470336914,102.07620239257812,31.889999389648438,35.07350015640259,-0.6138275416551531
2020-05-18,26.43572425842285,104.7227783203125,29.299999237060547,34.34700002670288,-0.19384054581206475
2020-05-19,25.904109954833984,104.84835815429688,30.530000686645508,33.60300006866455,-0.3092922371950579
2020-05-20,26.94317626953125,104.9560317993164,27.989999771118164,32.90350008010864,-0.08928980677519709
2020-05-21,26.1296443939209,108.23055267333984,29.530000686645508,32.31100006103516,-0.31531477652255435
2020-05-22,25.968549728393555,109.67498016357422,28.15999984741211,31.92250003814697,-0.37281620608858634
2020-05-26,26.33101463317871,110.87712097167969,28.010000228881836,31.658500003814698,-0.31471625338094283
2020-05-27,26.564603805541992,114.84248352050781,27.6200008392334,31.361000061035156,-0.32835658026028935
2020-05-28,26.266576766967773,114.94115447998047,28.59000015258789,31.229000091552734,-0.3935322852115267
2020-05-29,25.734960556030273,116.9417724609375,27.510000228881836,30.89700002670288,-0.5390039579563485
2020-06-01,26.725690841674805,116.01773834228516,28.229999542236328,30.449000072479247,-0.3127981910013828
2020-06-02,27.386186599731445,118.40409088134766,26.84000015258789,29.992500019073486,-0.21006081735482368
2020-06-03,28.71522331237793,119.17565155029297,25.65999984741211,29.594999980926513,0.06118947177185591
2020-06-04,28.65078353881836,115.44355773925781,25.809999465942383,29.179500007629393,0.10718991951386073
2020-06-05,30.422836303710938,117.4980239868164,24.520000457763672,28.8335000038147,0.4524359126321366
2020-06-08,31.647159576416016,117.35443115234375,25.809999465942383,28.725,0.715993119025255
2020-06-09,30.012039184570312,116.24198150634766,27.56999969482422,28.725,0.3848853235560416
2020-06-10,29.198511123657227,116.7175064086914,27.56999969482422,28.451499938964844,0.2036734122179668
2020-06-11,26.733755111694336,111.19113159179688,40.790000915527344,28.727000045776368,-0.23380283294991472
2020-06-12,27.7486572265625,113.08409881591797,36.09000015258789,28.901000022888184,-0.047539553259764354
2020-06-15,27.805038452148438,114.59127044677734,34.400001525878906,29.026500129699706,-0.05963835647802981
2020-06-16,28.16750717163086,118.18881225585938,33.66999816894531,29.245000076293945,-0.03988823268181211
2020-06-17,27.539220809936523,121.69659423828125,33.470001220703125,29.392000102996825,-0.23011821039346608
2020-06-18,27.62782859802246,120.70972442626953,32.939998626708984,29.639500045776366,-0.19541030175632768
2020-06-19,27.337858200073242,120.06378936767578,35.119998931884766,29.91899995803833,-0.24694557347334875
2020-06-22,27.7164306640625,120.86226654052734,31.770000457763672,30.09949998855591,-0.1789457288969818
2020-06-23,28.070837020874023,120.4675064086914,31.3700008392334,30.267500019073488,-0.0969988232711019
2020-06-24,26.6773681640625,118.40409088134766,33.84000015258789,30.57849998474121,-0.3613155402635728
2020-06-25,27.297588348388672,118.21569061279297,32.220001220703125,30.760000038146973,-0.22595048306060322
2020-06-26,26.508220672607422,116.09847259521484,34.72999954223633,31.121000003814697,-0.36049670174917414
2020-06-29,26.935117721557617,119.78569793701172,31.780000686645508,31.298500061035156,-0.3284340642197304
2020-06-30,26.33101463317871,121.22109985351562,30.43000030517578,31.47800006866455,-0.48032453375039896
2020-07-01,26.395456314086914,121.67865753173828,28.6200008392334,31.626000118255615,-0.4738988779349432
2020-07-02,26.500160217285156,121.75044250488281,27.68000030517578,31.719500160217287,-0.45270540399325987
2020-07-06,26.94317626953125,121.7952651977539,27.940000534057617,31.890500164031984,-0.35888785194833245
2020-07-07,26.282684326171875,121.13142395019531,29.43000030517578,32.07150020599365,-0.48920201359652393
2020-07-08,26.379343032836914,121.78630065917969,28.079999923706055,32.097000217437746,-0.4790606687755201
2020-07-09,25.195295333862305,121.66068267822266,29.260000228881836,32.18150024414062,-0.7297133771123107
2020-07-10,25.944385528564453,123.29346466064453,27.290000915527344,31.506500244140625,-0.596006091549539
2020-07-13,26.10548210144043,122.5040054321289,32.189998626708984,31.31150016784668,-0.5489903714639933
2020-07-14,26.99150276184082,125.65299987792969,29.520000457763672,31.067500114440918,-0.4103382364259694
2020-07-15,27.37007713317871,126.69363403320312,27.760000228881836,30.772000217437743,-0.3462149457176864
2020-07-16,26.96734046936035,128.06626892089844,28.0,30.49850015640259,-0.4541309388673203
2020-07-17,26.508220672607422,129.53759765625,25.68000030517578,30.13550024032593,-0.5756586250721535
2020-07-20,26.10548210144043,129.2774200439453,24.459999084472656,29.602500247955323,-0.6574335110823498
2020-07-21,26.927059173583984,130.58323669433594,24.84000015258789,29.256000232696532,-0.5030235029313632
2020-07-22,26.379343032836914,133.77127075195312,24.31999969482422,28.903500175476076,-0.670941405387319
2020-07-23,26.089370727539062,131.93406677246094,26.079999923706055,28.515500164031984,-0.7034047329705994
2020-07-24,26.00882339477539,132.411376953125,25.84000015258789,28.19650011062622,-0.7282345137852898
2020-07-27,26.13770294189453,134.29356384277344,24.739999771118164,27.697000122070314,-0.7308669415957314
2020-07-28,25.85577964782715,133.0238037109375,25.440000534057617,27.380000114440918,-0.7706975318105748
2020-07-29,26.10548210144043,133.92437744140625,24.100000381469727,27.063500118255615,-0.7318318284353569
2020-07-30,24.84088706970215,134.36561584472656,24.760000228881836,26.870500087738037,-1.0087479625085278
2020-07-31,24.011241912841797,134.1044921875,24.459999084472656,26.70950002670288,-1.1816052726074773
2020-08-03,24.40592384338379,135.32928466796875,24.280000686645508,26.526500034332276,-1.116993186586782
2020-08-04,25.251678466796875,134.78890991210938,23.760000228881836,26.243000030517578,-0.927866197492396
2020-08-05,25.38860511779785,135.3202667236328,22.989999771118164,25.988500022888182,-0.907154510846089
2020-08-06,25.171127319335938,136.15780639648438,22.649999618530273,25.657999992370605,-0.9669711906243711
2020-08-07,24.84088706970215,137.58970642089844,22.209999084472656,25.403999900817873,-1.0603660199479905
2020-08-10,25.332225799560547,138.43624877929688,22.1299991607666,24.90099992752075,-0.9690725178477976
2020-08-11,25.6544132232666,138.57130432128906,24.030000686645508,24.626499938964844,-0.9024832176981316
2020-08-12,26.47600555419922,141.05690002441406,22.280000686645508,24.352499961853027,-0.7669583505194981
2020-08-13,25.760215759277344,140.21939086914062,22.1299991607666,24.058999919891356,-0.9062920743636755
2020-08-14,25.304712295532227,138.99456787109375,22.049999237060547,23.877499866485596,-0.9838823750682365
2020-08-17,25.16643714904785,142.65992736816406,21.350000381469727,23.72199993133545,-1.0720717233088615
2020-08-18,24.84107780456543,142.20962524414062,21.510000228881836,23.555499935150145,-1.1342907457464144
2020-08-19,24.743473052978516,142.54283142089844,22.540000915527344,23.466499996185302,-1.1604532866070731
2020-08-20,24.49945068359375,142.81304931640625,22.719999313354492,23.298499965667723,-1.216851424472086
2020-08-21,24.100889205932617,145.64085388183594,22.540000915527344,23.133500003814696,-1.3471739072268192
2020-08-24,24.832944869995117,149.16207885742188,22.3700008392334,23.01500005722046,-1.2473358065894984
2020-08-25,24.450645446777344,149.42318725585938,22.030000686645508,22.844500064849854,-1.3330950324821835
2020-08-26,24.426244735717773,153.4488067626953,23.270000457763672,22.803000068664552,-1.402752525668396
2020-08-27,24.2228946685791,149.7744598388672,24.469999313354492,22.788500022888183,-1.3873186712741072
2020-08-28,24.556386947631836,149.05397033691406,22.959999084472656,22.713500022888184,-1.3046196551047675
2020-08-31,24.141555786132812,148.31553649902344,26.40999984741211,22.819999980926514,-1.3813180415724662
2020-09-01,23.751129150390625,150.92721557617188,26.1200008392334,22.938000011444093,-1.5064444372143346
2020-09-02,23.62098503112793,153.5388641357422,26.56999969482422,23.117000007629393,-1.5760286738934874
2020-09-03,23.53964614868164,145.46070861816406,33.599998474121094,23.664499950408935,-1.4640533829088758
2020-09-04,23.515241622924805,140.8407745361328,30.75,24.091499996185302,-1.3952953921826758
2020-09-08,22.799455642700195,138.45423889160156,31.459999084472656,24.557999992370604,-1.5098282114379633
2020-09-09,23.198017120361328,143.66856384277344,28.809999465942383,24.79699993133545,-1.5082611384696476
2020-09-10,22.6693115234375,142.58787536621094,29.709999084472656,25.168499851226805,-1.6037796480342894
2020-09-11,22.84012794494629,145.79388427734375,26.8700008392334,25.405499935150146,-1.6186577101521216
2020-09-14,22.547300338745117,148.7657928466797,25.850000381469727,25.595499992370605,-1.7287247700220745
2020-09-15,22.64491081237793,152.22398376464844,25.59000015258789,25.807499980926515,-1.7632617075681434
2020-09-16,22.81572723388672,150.13467407226562,26.040000915527344,26.03400001525879,-1.6933611155573847
2020-09-17,22.44969940185547,147.49600219726562,26.459999084472656,26.229999923706053,-1.729222335051104
2020-09-18,21.945390701293945,144.1819305419922,25.829999923706055,26.385499954223633,-1.7837780732471549
2020-09-21,21.400415420532227,143.73162841796875,27.780000686645508,26.64749994277954,-1.8928609269801249
2020-09-22,21.668838500976562,145.48773193359375,26.860000610351562,26.87199993133545,-1.86369755951253
2020-09-23,21.245872497558594,142.84002685546875,28.579999923706055,27.199499893188477,-1.911564189326859
2020-09-24,21.587501525878906,142.7589874267578,28.510000228881836,27.461499881744384,-1.83736654124985
2020-09-25,20.936784744262695,143.6865997314453,26.3799991607666,27.55699987411499,-1.9910741344107115
2020-09-28,21.22146987915039,146.42431640625,26.190000534057617,27.71849994659424,-1.9741563466457017
2020-09-29,20.863576889038086,146.1271514892578,26.270000457763672,27.711499977111817,-2.045769465878196
2020-09-30,20.473148345947266,149.36920166015625,26.3700008392334,27.723999977111816,-2.180988581557077
2020-10-01,19.716691970825195,150.54891967773438,26.700000762939453,27.73050003051758,-2.361296181335137
2020-10-02,20.009510040283203,149.9365692138672,27.6299991607666,27.432000064849852,-2.289007950599075
2020-10-05,20.668363571166992,151.78273010253906,27.959999084472656,27.292500019073486,-2.177972481843288
2020-10-06,20.578886032104492,148.58567810058594,29.479999542236328,27.19350004196167,-2.145880921680048
2020-10-07,20.81477165222168,151.71974182128906,28.059999465942383,27.15600004196167,-2.145722020766066
2020-10-08,21.506160736083984,153.88108825683594,26.360000610351562,26.988500118255615,-2.032789948851553
2020-10-09,21.685104370117188,156.00645446777344,25.0,26.895000076293947,-2.028632532836891
2020-10-12,21.39227867126465,155.55613708496094,25.06999969482422,26.85600004196167,-2.0839089583157744
2020-10-13,21.00185203552246,157.8976593017578,26.06999969482422,26.880000019073485,-2.20471011184492
2020-10-14,20.97745132446289,156.34866333007812,26.399999618530273,26.897999954223632,-2.1851173761139915
2020-10-15,20.63582420349121,158.63612365722656,26.969999313354492,26.923499965667723,-2.2946396671396156
2020-10-16,20.554489135742188,160.03196716308594,27.40999984741211,27.002499961853026,-2.334343365858214
2020-10-19,20.367408752441406,157.71749877929688,29.18000030517578,27.07249994277954,-2.3372095349731405
2020-10-20,20.595157623291016,160.03091430664062,29.350000381469727,27.196999931335448,-2.3256482634201694
2020-10-21,20.196590423583984,157.69039916992188,28.649999618530273,27.20049991607666,-2.373226579952988
2020-10-22,20.70090103149414,154.7534637451172,28.110000610351562,27.180499935150145,-2.2185910992296694
2020-10-23,20.83104133605957,155.5577850341797,27.549999237060547,27.238999938964845,-2.2036977430205633
2020-10-26,20.196590423583984,151.93402099609375,32.459999084472656,27.552499866485597,-2.2810663095759907
2020-10-27,19.676015853881836,149.23204040527344,33.349998474121094,27.906499767303465,-2.348892668275746
2020-10-28,18.789417266845703,145.8704376220703,40.279998779296875,28.60199966430664,-2.4842642433395428
2020-10-29,20.03391456604004,145.2649688720703,37.59000015258789,29.146499633789062,-2.209007416631663
2020-10-30,20.782238006591797,142.87022399902344,38.02000045776367,29.665999698638917,-2.0109825848853604
2020-11-02,21.69324493408203,144.79502868652344,37.130001068115234,30.124499797821045,-1.847399214331408
2020-11-03,21.85591697692871,148.7892608642578,35.54999923706055,30.427999782562257,-1.8766347492161477
2020-11-04,21.880319595336914,152.015380859375,29.56999969482422,30.50349979400635,-1.9230780246250825
2020-11-05,21.831514358520508,152.94615173339844,27.579999923706055,30.56449975967407,-1.948394318877382
2020-11-06,21.69324493408203,152.2864532470703,24.860000610351562,30.55749979019165,-1.9673377750305459
2020-11-09,24.58892059326172,138.6681671142578,25.75,30.59149980545044,-1.1313994096100852
2020-11-10,25.833419799804688,140.71044921875,24.799999237060547,30.527999782562254,-0.8985329687272
2020-11-11,25.5324649810791,142.77987670898438,23.450000762939453,30.380499839782715,-0.9958854690893112
2020-11-12,25.18141746520996,142.7617950439453,25.350000381469727,30.299499893188475,-1.0705059876483243
2020-11-13,25.658245086669922,143.891357421875,23.100000381469727,30.083999919891358,-0.9868401928440239
2020-11-16,27.294260025024414,146.30418395996094,22.450000762939453,29.74749994277954,-0.6763606923416696
2020-11-17,27.746423721313477,144.4606475830078,22.709999084472656,29.415499877929687,-0.5503582812450615
2020-11-18,27.12161636352539,132.60458374023438,23.84000015258789,29.174999904632568,-0.4938689524873735
2020-11-19,27.277809143066406,135.18907165527344,23.110000610351562,28.924999904632568,-0.5019169307197014
2020-11-20,27.67243003845215,135.48721313476562,23.700000762939453,28.732499980926512,-0.4224820808899411
2020-11-23,28.94671058654785,138.86697387695312,22.65999984741211,28.242500019073486,-0.20467378670917077
2020-11-24,30.50873565673828,140.03271484375,21.639999389648438,27.657000064849854,0.10998300239700695
2020-11-25,29.87569808959961,139.96044921875,21.25,26.70550012588501,-0.023943864692326303
2020-11-27,29.81815528869629,139.77064514160156,20.84000015258789,25.86800012588501,-0.03318413458071543
2020-11-30,27.820411682128906,140.80987548828125,20.56999969482422,24.995500087738037,-0.47612071762070046
2020-12-01,28.823396682739258,138.62298583984375,20.770000457763672,24.17750005722046,-0.2270814568772
2020-12-02,29.916805267333984,137.1861572265625,21.170000076293945,23.458500099182128,0.029244724331224676
2020-12-03,30.179885864257812,137.3307342529297,21.280000686645508,23.044000148773193,0.08306878225645625
2020-12-04,31.42950439453125,135.55050659179688,20.790000915527344,22.704500198364258,0.3782264521585075
2020-12-07,30.763591766357422,137.3488006591797,21.299999237060547,22.526500129699706,0.207336504008259
2020-12-08,30.738920211791992,136.67108154296875,20.68000030517578,22.273000144958495,0.21292220274084342
2020-12-09,30.895130157470703,144.7046661376953,22.270000457763672,22.146500205993654,0.1176372289418276
2020-12-10,31.58570098876953,144.78602600097656,22.520000457763672,22.100000190734864,0.2636955159827222
2020-12-11,31.08421516418457,142.61720275878906,23.309999465942383,21.998000144958496,0.19140659355011144
2020-12-14,29.94147491455078,144.66851806640625,24.719999313354492,22.079000091552736,-0.08528447064655487
2020-12-15,30.895130157470703,147.59642028808594,22.889999389648438,22.101000022888183,0.0713399155416249
2020-12-16,31.10065460205078,147.4789581298828,22.5,22.09050006866455,0.11707734681484902
2020-12-17,31.3226261138916,147.78614807128906,21.93000030517578,21.995000076293945,0.15952568827665603
2020-12-18,30.664934158325195,147.4789581298828,21.56999969482422,21.91800003051758,0.024098987809283243
2020-12-21,29.218008041381836,148.5000762939453,25.15999984741211,21.99099998474121,-0.3010087064887355
2020-12-22,28.7247371673584,148.75311279296875,24.229999542236328,22.069499969482422,-0.41031889149528217
2020-12-23,29.546852111816406,146.78309631347656,23.309999465942383,22.15299997329712,-0.20334764518449172
2020-12-24,29.456422805786133,147.09036254882812,21.530000686645508,22.167000007629394,-0.22756371673670353
2020-12-28,29.513973236083984,146.4306640625,21.700000762939453,22.210000038146973,-0.20472118598869146
2020-12-29,29.71128273010254,145.07516479492188,23.079999923706055,22.335500049591065,-0.14091562734804813
2020-12-30,29.620847702026367,145.09323120117188,22.770000457763672,22.435500049591063,-0.16050279771534298
2020-12-31,28.889162063598633,145.0480499267578,22.75,22.514500045776366,-0.31591379428023714
2021-01-04,29.620847702026367,144.93057250976562,26.969999313354492,22.798999977111816,-0.1578986135345119
2021-01-05,31.659696578979492,145.41854858398438,25.34000015258789,23.026499938964843,0.2693586718643857
2021-01-06,33.12306594848633,147.36151123046875,25.06999969482422,23.214999961853028,0.5505199193582276
2021-01-07,33.16415786743164,147.93980407714844,22.3700008392334,23.299499988555908,0.5500299870853693
2021-01-08,33.08196258544922,149.15074157714844,21.559999465942383,23.263999938964844,0.5131030935236095
2021-01-11,33.098392486572266,150.2983856201172,24.079999923706055,23.34199991226196,0.49823515724873435
2021-01-12,33.86297607421875,152.71121215820312,23.329999923706055,23.342999935150146,0.6227599747850001
2021-01-13,33.427242279052734,153.4702911376953,22.209999084472656,23.217499923706054,0.517625825774174
2021-01-14,34.24114990234375,153.97633361816406,23.25,23.235499954223634,0.6832037262779395
2021-01-15,33.04084396362305,154.83482360839844,24.34000015258789,23.32749996185303,0.4133259924133695
2021-01-19,33.41901779174805,154.8529510498047,23.239999771118164,23.392999935150147,0.49373426021119715
2021-01-20,33.509456634521484,156.3311309814453,21.579999923706055,23.39349994659424,0.48936717026217613
2021-01-21,32.67912673950195,156.2857666015625,21.31999969482422,23.201499938964844,0.31290941331770733
2021-01-22,32.292724609375,156.34017944335938,21.90999984741211,23.085499954223632,0.2295839304572923
2021-01-25,31.42128562927246,157.88185119628906,23.190000534057617,23.079500007629395,0.018945279050822057
2021-01-26,31.56103515625,157.5191192626953,23.020000457763672,23.153999996185302,0.05457380170148655
2021-01-27,31.223970413208008,152.08709716796875,37.209999084472656,23.929499912261964,0.06961486926622901
2021-01-28,31.43771743774414,156.2857666015625,30.209999084472656,24.285999870300294,0.04800515786262
2021-01-29,30.32786750793457,151.3072052001953,33.09000015258789,24.801999855041505,-0.10911831597338602
2021-02-01,30.105894088745117,148.15139770507812,30.239999771118164,25.176499843597412,-0.10596037287131793
2021-02-02,29.73594093322754,151.1348876953125,25.559999465942383,25.105999851226805,-0.23267066889060625
2021-02-03,30.32786750793457,154.05494689941406,22.90999984741211,24.984499835968016,-0.15310997362324222
2021-02-04,30.089458465576172,156.91146850585938,21.770000457763672,24.81949987411499,-0.2497173010403776
2021-02-05,30.812923431396484,158.72518920898438,20.8700008392334,24.74449987411499,-0.12437503104380637
2021-02-08,31.67613410949707,162.4795379638672,21.239999771118164,24.72849988937378,-0.00028210819780680646
2021-02-09,31.42950439453125,161.218994140625,21.6299991607666,24.605999851226805,-0.03272895786372865
2021-02-10,31.519935607910156,160.72930908203125,21.989999771118164,24.538999843597413,-0.005591933159746079
2021-02-11,30.681377410888672,159.35995483398438,21.25,24.49099988937378,-0.16260829833919793
2021-02-12,31.659696578979492,160.65676879882812,19.969999313354492,24.326999855041503,0.02539303016119379
2021-02-16,33.00796890258789,157.84555053710938,21.459999084472656,24.18299980163574,0.3581087040015995
2021-02-17,33.345035552978516,160.62954711914062,21.5,24.095999813079835,0.3854632335889928
2021-02-18,32.394264221191406,160.65676879882812,22.489999771118164,24.14149980545044,0.1821423746892315
2021-02-19,32.783851623535156,161.0013885498047,22.049999237060547,24.177999782562257,0.2597590053230216
2021-02-22,33.5050163269043,156.34925842285156,23.450000762939453,24.254999828338622,0.4881294308874641
2021-02-23,34.0438117980957,152.8850860595703,23.110000610351562,24.25099983215332,0.6585647579427245
2021-02-24,35.12969970703125,147.19012451171875,21.34000015258789,24.16699981689453,0.9814592960333512
2021-02-25,35.00536346435547,143.753173828125,28.889999389648438,23.75099983215332,1.009953164775401
2021-02-26,34.01066207885742,144.86859130859375,27.950000762939453,23.63799991607666,0.779835935637389
2021-03-01,33.994083404541016,146.85455322265625,23.350000381469727,23.15099992752075,0.7445027368313077
2021-03-02,34.42511749267578,147.8611602783203,24.100000381469727,22.84399995803833,0.8203651810600153
2021-03-03,34.864444732666016,143.5446014404297,26.670000076293945,22.89949998855591,0.9832217928738514
2021-03-04,35.17115020751953,139.44569396972656,28.56999969482422,23.182499980926515,1.114293631099982
2021-03-05,36.34822082519531,143.80760192871094,24.65999984741211,23.326999950408936,1.295634015301189
2021-03-08,35.93376159667969,147.74327087402344,25.469999313354492,23.55699987411499,1.144182077518848
2021-03-09,35.80941390991211,150.52728271484375,24.030000686645508,23.69649991989136,1.0730751854476919
2021-03-10,36.78755187988281,152.76722717285156,22.559999465942383,23.742999935150145,1.2459382214474943
2021-03-11,36.414527893066406,154.84390258789062,21.90999984741211,23.738999938964845,1.133090845584642
2021-03-12,36.76267623901367,155.5693817138672,20.690000534057617,23.710999965667725,1.1957671965080698
2021-03-15,36.18243408203125,157.97250366210938,20.030000686645508,23.714000034332276,1.0334751017191757
2021-03-16,35.47784423828125,158.99725341796875,19.790000915527344,23.63050012588501,0.8667163574437761
2021-03-17,35.82600021362305,158.190185546875,19.229999542236328,23.517000102996825,0.953930588426711
2021-03-18,34.52458572387695,158.58009338378906,21.579999923706055,23.47150011062622,0.6699793606631317
2021-03-19,34.781551361083984,162.7697296142578,20.950000762939453,23.416500186920167,0.6577366890019097
2021-03-22,34.30907440185547,164.9461212158203,18.8799991607666,23.188000106811522,0.5220705818935907
2021-03-23,32.60149383544922,163.5949249267578,20.299999237060547,23.04750003814697,0.17932287513416775
2021-03-24,33.44698715209961,163.84884643554688,21.200000762939453,23.04050006866455,0.3556773303045497
2021-03-25,33.04910659790039,167.9205780029297,19.809999465942383,22.586500072479247,0.20558473674629266
2021-03-26,33.81999588012695,173.76071166992188,18.860000610351562,22.132000064849855,0.27658354846492833
2021-03-29,33.5879020690918,171.0491943359375,20.739999771118164,22.001500034332274,0.2704687656691812
2021-03-30,33.2397575378418,172.3187713623047,19.610000610351562,21.77700004577637,0.17585215247151953
2021-03-31,32.50202178955078,172.46389770507812,19.399999618530273,21.413500022888183,0.0161032766980144
2021-04-01,33.314361572265625,173.49769592285156,17.329999923706055,20.851500034332275,0.17289718631598766
2021-04-05,32.99937438964844,175.68321228027344,17.90999984741211,20.514000034332277,0.0706917246863976
2021-04-06,33.04081726074219,176.10940551757812,18.1200008392334,20.14650011062622,0.07271181414569816
2021-04-07,33.48015213012695,175.62879943847656,17.15999984741211,19.803000068664552,0.17415601330402733
2021-04-08,32.394264221191406,176.1184844970703,16.950000762939453,19.522500133514406,-0.0654014551656151
2021-04-09,32.25334167480469,180.01791381835938,16.690000534057617,19.26150016784668,-0.15790321646340882
2021-04-12,32.08755874633789,181.95855712890625,16.90999984741211,19.072500133514403,-0.22434954598935683
2021-04-13,32.03782272338867,181.11520385742188,16.649999618530273,18.903500080108643,-0.22146053094555435
2021-04-14,33.115421295166016,182.74752807617188,16.989999771118164,18.763500022888184,-0.01764553391535934
2021-04-15,32.949642181396484,185.51339721679688,16.56999969482422,18.630500030517577,-0.09730300897936323
2021-04-16,32.6429443359375,188.85060119628906,16.25,18.364000034332275,-0.21617825949563643
2021-04-19,32.684383392333984,185.00555419921875,17.290000915527344,18.18100004196167,-0.14577594128714563
2021-04-20,31.764280319213867,184.42349243164062,18.68000030517578,18.17100009918213,-0.3327978049285188
2021-04-21,32.02953338623047,185.46034240722656,17.5,18.0310001373291,-0.29279555531429746
2021-04-22,31.308380126953125,183.08651733398438,18.709999084472656,17.90650005340576,-0.40867719561488103
2021-04-23,31.523897171020508,182.74996948242188,17.329999923706055,17.782500076293946,-0.3572998572336348
2021-04-26,31.755990982055664,181.16737365722656,17.639999389648438,17.72150001525879,-0.2824358335386845
2021-04-27,31.930063247680664,181.0400848388672,17.559999465942383,17.5625,-0.24325265487253456
2021-04-28,32.394264221191406,178.32058715820312,17.280000686645508,17.446000003814696,-0.10065736965202218
2021-04-29,32.03782272338867,180.4852294921875,17.610000610351562,17.35650005340576,-0.2113745695862839
2021-04-30,31.499027252197266,178.49339294433594,18.610000610351562,17.420500087738038,-0.2944585723808385
2021-05-03,32.245052337646484,181.1764678955078,18.309999465942383,17.44050006866455,-0.1782206603829794
2021-05-04,32.03782272338867,182.17697143554688,19.479999542236328,17.508500003814696,-0.2384595508366417
2021-05-05,32.97450637817383,181.90414428710938,19.149999618530273,17.607999992370605,-0.034212688940059646
2021-05-06,33.26462936401367,187.30670166015625,18.389999389648438,17.679999923706056,-0.05879892167031466
2021-05-07,33.894615173339844,189.5440673828125,16.690000534057617,17.679999923706056,0.039813231775370224
2021-05-10,33.181732177734375,192.1907958984375,19.65999984741211,17.817499923706055,-0.15468325240347477
2021-05-11,32.526893615722656,186.76095581054688,21.84000015258789,18.076999950408936,-0.20748685493392086
2021-05-12,32.82529067993164,177.8476104736328,27.59000015258789,18.606999969482423,-0.001108249211832526
2021-05-13,32.67226028442383,182.2133331298828,23.1299991607666,18.93499994277954,-0.10365911311442035
2021-05-14,33.78446578979492,180.91275024414062,18.809999465942383,19.06299991607666,0.15449683225595007
2021-05-17,34.277862548828125,176.56524658203125,19.719999313354492,19.18449983596802,0.32938676561350577
2021-05-18,33.67576217651367,175.31008911132812,21.34000015258789,19.317499828338622,0.2209998178619837
2021-05-19,32.84787368774414,173.46372985839844,22.18000030517578,19.551499843597412,0.07389716555047367
2021-05-20,33.22418975830078,175.91033935546875,20.670000076293945,19.649499893188477,0.11502873218983714
2021-05-21,33.32453536987305,175.0553741455078,20.149999618530273,19.790499877929687,0.1501295665608619
2021-05-24,33.70922088623047,173.40921020507812,18.399999618530273,19.82849988937378,0.25857285774783006
2021-05-25,32.59700012207031,175.5556182861328,18.84000015258789,19.892499923706055,-0.013128101434935122
2021-05-26,32.722442626953125,176.08319091796875,17.360000610351562,19.896499919891358,0.005193569117090818
2021-05-27,32.45484161376953,176.23779296875,16.739999771118164,19.852999877929687,-0.054384991269172844
2021-05-28,32.28757858276367,177.201904296875,16.760000228881836,19.7604998588562,-0.1055127714928378
2021-06-01,33.10711669921875,174.49151611328125,17.899999618530273,19.739999866485597,0.11276204097892321
2021-06-02,33.68412780761719,173.5092315673828,17.479999542236328,19.639999866485596,0.25161689382182584
2021-06-03,33.61722183227539,173.0817413330078,18.040000915527344,19.58449993133545,0.24418399916542238
2021-06-04,33.575416564941406,172.72703552246094,16.420000076293945,19.485999965667723,0.24094205614761324
2021-06-07,33.182376861572266,173.0363006591797,16.420000076293945,19.472499942779542,0.1521199676598761
2021-06-08,33.23255157470703,174.08221435546875,17.06999969482422,19.342999935150146,0.14608154920963098
2021-06-09,33.2994499206543,173.3546142578125,17.889999389648438,19.145499897003173,0.17200594364322352
2021-06-10,33.541969299316406,171.6992950439453,16.100000381469727,18.570999908447266,0.25025898831835663
2021-06-11,33.801204681396484,173.54562377929688,15.649999618530273,18.196999931335448,0.27601727734336506
2021-06-14,34.49528121948242,172.4996337890625,16.389999389648438,18.07599992752075,0.44087264653426533
2021-06-15,35.423526763916016,170.88072204589844,17.020000457763672,17.94099998474121,0.6648698682943712
2021-06-16,34.84651184082031,169.35267639160156,18.149999618530273,17.78149995803833,0.5662048739360682
2021-06-17,34.49528121948242,169.93479919433594,17.75,17.55999994277954,0.48193594060291733
2021-06-18,32.680633544921875,169.97122192382812,20.700000762939453,17.561499977111815,0.0941252515654367
2021-06-21,33.85137176513672,171.7902374267578,17.889999389648438,17.448499965667725,0.31482636378599427
2021-06-22,34.29458999633789,174.37327575683594,16.65999984741211,17.361499977111816,0.36804993725974483
2021-06-23,34.520381927490234,173.8457489013672,16.31999969482422,17.235499954223634,0.4246774287820312
2021-06-24,34.96358871459961,174.40057373046875,15.970000267028809,17.165999937057496,0.5103704894231498
2021-06-25,35.03049087524414,175.22821044921875,15.619999885559082,17.10999994277954,0.5113961792587087
2021-06-28,33.74265670776367,175.72845458984375,15.760000228881836,17.05999994277954,0.22857635884521088
2021-06-29,33.525245666503906,176.62890625,16.020000457763672,16.96599998474121,0.167766696298038
2021-06-30,33.78446578979492,176.41969299316406,15.829999923706055,16.883500003814696,0.22643119073016954
2021-07-01,34.65416717529297,178.10232543945312,15.479999542236328,16.755499935150148,0.38507757936080944
2021-07-02,34.56219482421875,178.0022735595703,15.069999694824219,16.68799991607666,0.3670534469503861
2021-07-06,34.07716369628906,177.12918090820312,16.440000534057617,16.688999938964844,0.2775309968576725
2021-07-07,33.74265670776367,178.15689086914062,16.200000762939453,16.645499992370606,0.18969681734620678
2021-07-08,33.776119232177734,175.3555908203125,19.0,16.701000022888184,0.24168651632613933
2021-07-09,34.24441909790039,177.6566619873047,16.18000030517578,16.705000019073488,0.30477658467111274
2021-07-12,33.918277740478516,177.8749237060547,16.170000076293945,16.73100004196167,0.2316869052488348
2021-07-13,33.73429870605469,176.70164489746094,17.1200008392334,16.767500114440917,0.21121195766968429
2021-07-14,33.42488479614258,175.30093383789062,16.329999923706055,16.733000087738038,0.16761168588252034
2021-07-15,32.64717102050781,178.03863525390625,17.010000228881836,16.676000118255615,-0.04217552100630296
2021-07-16,32.09524917602539,178.39332580566406,18.450000762939453,16.711000156402587,-0.1656287260001072
2021-07-19,31.008129119873047,175.44651794433594,22.5,16.801000118255615,-0.35043047912793435
2021-07-20,31.066667556762695,177.2822723388672,19.729999542236328,16.89300012588501,-0.36732960263844716
2021-07-21,32.17887496948242,178.21385192871094,17.90999984741211,16.95550012588501,-0.14491042579953148
2021-07-22,31.852746963500977,179.71170043945312,17.690000534057617,17.02400016784668,-0.23848358647960802
2021-07-23,31.668773651123047,183.42880249023438,17.200000762939453,17.08550019264221,-0.33725286774278956
2021-07-26,32.822784423828125,180.59756469726562,17.579999923706055,17.18350019454956,-0.04567013946723776
2021-07-27,32.84787368774414,176.73426818847656,19.360000610351562,17.36350021362305,0.02153547427926191
2021-07-28,33.04022216796875,175.71133422851562,18.309999465942383,17.478000164031982,0.07895799402439169
2021-07-29,34.24441909790039,176.83474731445312,17.700000762939453,17.57150020599365,0.3179355322227545
2021-07-30,33.968448638916016,175.98538208007812,18.239999771118164,17.709500217437743,0.2726446469212904
2021-08-02,33.92664337158203,174.4053497314453,19.459999084472656,17.929000186920167,0.2890203213775281
2021-08-03,34.8046989440918,177.13609313964844,18.040000915527344,18.00900020599365,0.4326690335571927
2021-08-04,34.0102653503418,173.4372100830078,17.969999313354492,18.097500133514405,0.32236443641285084
2021-08-05,34.453468322753906,174.14959716796875,17.280000686645508,18.01150016784668,0.40553409336885193
2021-08-06,34.57891845703125,173.6746826171875,16.149999618530273,18.010000133514403,0.43990732596221105
2021-08-09,34.31968307495117,171.69281005859375,16.719999313354492,18.03750009536743,0.4163191089895789
2021-08-10,34.704349517822266,173.28199768066406,16.790000915527344,18.021000099182128,0.4729599829729387
2021-08-11,35.005401611328125,177.65670776367188,16.170000076293945,18.013000106811525,0.4671618640776692
2021-08-12,34.76852798461914,175.3551788330078,15.59000015258789,17.942000102996825,0.45346315565936435
2021-08-13,34.218666076660156,173.99435424804688,15.449999809265137,17.79200005531311,0.3579151131795838
2021-08-16,33.5926628112793,176.70689392089844,16.1200008392334,17.47300009727478,0.18090424522827994
2021-08-17,33.660343170166016,166.4595489501953,17.90999984741211,17.382000112533568,0.35940771334071286
2021-08-18,33.186614990234375,182.41505432128906,21.56999969482422,17.565000104904176,0.0028694270422820393
2021-08-19,32.433719635009766,185.0271453857422,21.670000076293945,17.76400008201599,-0.19961074258448322
2021-08-20,32.298362731933594,190.15989685058594,18.559999465942383,17.832000017166138,-0.31067047962301897
2021-08-23,33.406558990478516,188.19627380371094,17.149999618530273,17.81050000190735,-0.04275471867049101
2021-08-24,33.60958480834961,185.75775146484375,17.219999313354492,17.703499937057494,0.039609968727879474
2021-08-25,33.58419418334961,188.30587768554688,16.790000915527344,17.627500009536742,-0.0066039262947292805
2021-08-26,33.34733963012695,187.8218536376953,18.84000015258789,17.684499979019165,-0.04939702486189815
2021-08-27,34.091773986816406,188.0501251220703,16.389999389648438,17.591999959945678,0.1058031247974382
2021-08-30,33.787235260009766,187.21908569335938,16.190000534057617,17.428500032424928,0.0541226603251168
2021-08-31,33.63496398925781,186.21441650390625,16.479999542236328,17.350499963760377,0.037714371297021314
2021-09-01,33.499603271484375,185.79429626464844,16.110000610351562,17.25750002861023,0.015555928852009489
2021-09-02,34.100242614746094,188.27850341796875,16.40999984741211,17.21399998664856,0.10395388226059982
2021-09-03,33.96488571166992,188.1232147216797,16.40999984741211,17.22699999809265,0.07755627065888664
2021-09-07,33.91413116455078,187.36517333984375,18.139999389648438,17.298000001907347,0.07886208981926626
2021-09-08,33.440399169921875,186.39707946777344,17.959999084472656,17.356499910354614,-0.006728258538323828
2021-09-09,33.28812026977539,185.4106903076172,18.799999237060547,17.487999868392944,-0.023430840954109824
2021-09-10,33.3896369934082,186.61627197265625,20.950000762939453,17.755999898910524,-0.02106969327487962
2021-09-13,34.108699798583984,188.1871795654297,19.3700008392334,17.951999950408936,0.1072206654892954
2021-09-14,33.93104934692383,186.4701690673828,19.459999084472656,18.118999862670897,0.0968013800960002
2021-09-15,35.098453521728516,187.7852783203125,18.18000030517578,18.13249988555908,0.324858637040762
2021-09-16,34.56550979614258,190.406494140625,18.690000534057617,17.988499927520753,0.1691678439140925
2021-09-17,34.14253234863281,190.90882873535156,20.809999465942383,17.945499897003174,0.07086627800489449
2021-09-20,33.406558990478516,187.4748077392578,25.709999084472656,18.302999877929686,-0.031203964783240404
2021-09-21,34.6585693359375,188.38809204101562,24.360000610351562,18.663499927520753,0.2213406610229464
2021-09-22,34.88697052001953,190.78094482421875,20.8700008392334,18.846000003814698,0.23176933014048423
2021-09-23,35.77521896362305,189.94979858398438,18.6299991607666,18.93799991607666,0.43461935753465736
2021-09-24,35.51296615600586,189.84934997558594,17.75,18.883499908447266,0.3802654405201092
2021-09-27,37.365604400634766,192.37013244628906,18.760000228881836,19.001999950408937,0.7352417884025854
2021-09-28,37.61939239501953,187.6208953857422,23.25,19.354999923706053,0.8654334195118655
2021-09-29,37.703983306884766,189.1461181640625,22.559999465942383,19.658999919891357,0.859065278606902
2021-09-30,37.703983306884766,185.27366638183594,23.139999389648438,20.0104998588562,0.9210636728219488
2021-10-01,38.39765930175781,186.04090881347656,21.100000381469727,20.244999885559082,1.0568035124684039
2021-10-04,38.64297866821289,186.78067016601562,22.959999084472656,20.57249984741211,1.0973085336330408
2021-10-05,39.36204528808594,186.5614471435547,21.299999237060547,20.730499839782716,1.2542599015115588
2021-10-06,38.456871032714844,186.31488037109375,21.0,20.88249988555908,1.0650523842881676
2021-10-07,38.93906784057617,189.8767547607422,19.540000915527344,20.919499969482423,1.1109223170357083
2021-10-08,39.395877838134766,188.28761291503906,18.770000457763672,20.810499954223634,1.2338433166498097
2021-10-11,39.86115264892578,190.74444580078125,20.0,20.84199991226196,1.2937941058439237
2021-10-12,39.76810073852539,191.61209106445312,19.850000381469727,20.861499977111816,1.2600466648181603
2021-10-13,40.15723419189453,193.7309112548828,18.639999389648438,20.884499931335448,1.3091612761406772
2021-10-14,40.68172073364258,197.68557739257812,16.860000610351562,20.792999935150146,1.3577667719958333
2021-10-15,41.20621871948242,200.16062927246094,16.299999237060547,20.567499923706055,1.430063502742462
2021-10-18,41.113155364990234,202.51699829101562,16.309999465942383,20.097499942779542,1.3724789827393011
2021-10-19,41.69685745239258,204.3227081298828,15.699999809265137,19.66449990272522,1.4681255154538229
2021-10-20,41.82374572753906,206.24758911132812,15.489999771118164,19.395499849319457,1.4643846329644261
2021-10-21,41.32464599609375,208.45664978027344,15.010000228881836,19.21449990272522,1.3225144586200435
2021-10-22,41.18928909301758,209.69406127929688,15.430000305175781,19.098499917984007,1.273819558223501
2021-10-25,41.50229263305664,212.48971557617188,15.239999771118164,18.922499895095825,1.2958526208126246
2021-10-26,41.33310317993164,211.80226135253906,15.979999542236328,18.558999872207643,1.2707555141336269
2021-10-27,42.27211380004883,212.44390869140625,16.979999542236328,18.279999876022337,1.4608580862947769
2021-10-28,40.131858825683594,212.4347686767578,16.530000686645508,17.949499940872194,1.004295540065426
2021-10-29,38.84600830078125,214.3229522705078,16.260000228881836,17.707499933242797,0.699677940251093
2021-11-01,39.049049377441406,212.42556762695312,16.40999984741211,17.379999971389772,0.7733822075687184
2021-11-02,38.40612030029297,213.59886169433594,16.030000686645508,17.116500043869017,0.6174030391800936
2021-11-03,37.89009094238281,214.76295471191406,15.100000381469727,16.821500062942505,0.488650304022991
2021-11-04,37.957763671875,217.95277404785156,15.4399995803833,16.616499996185304,0.45202161267765073
2021-11-05,38.71065902709961,215.8995361328125,16.479999542236328,16.501999950408937,0.6455544797131436
2021-11-08,38.73604202270508,215.21209716796875,17.219999313354492,16.36299991607666,0.6619769317485922
2021-11-09,38.94752502441406,214.40545654296875,17.780000686645508,16.259499931335448,0.7200196849357243
2021-11-10,37.998626708984375,213.1588592529297,18.729999542236328,16.263999938964844,0.5374924957119102
2021-11-11,37.82765197753906,212.9480743408203,17.65999984741211,16.30399990081787,0.5043828986170589
2021-11-12,37.75926971435547,216.614501953125,16.290000915527344,16.30349998474121,0.43109088784963673
2021-11-15,38.708160400390625,215.33120727539062,16.489999771118164,16.3125,0.6541203076675962
2021-11-16,38.97317123413086,224.3690948486328,16.3700008392334,16.346000051498415,0.565973343655122
2021-11-17,38.75945281982422,225.2398681640625,17.110000610351562,16.427000093460084,0.5064268042293296
2021-11-18,38.52864074707031,226.75228881835938,17.59000015258789,16.556000089645387,0.4329598030693355
2021-11-19,36.938594818115234,228.71383666992188,17.90999984741211,16.680000066757202,0.06225539434591425
2021-11-22,36.870216369628906,231.30783081054688,19.170000076293945,16.87650008201599,0.00613397965855518
2021-11-23,37.68232727050781,230.90447998046875,19.3799991607666,17.046500062942506,0.1858879681834276
2021-11-24,37.81911087036133,231.56451416015625,18.579999923706055,17.12650008201599,0.2045089898297792
2021-11-26,35.96405029296875,227.03639221191406,28.6200008392334,17.731000089645384,-0.11884652576587347
2021-11-29,36.288909912109375,227.85218811035156,22.959999084472656,18.066000032424927,-0.06258573665706514
2021-11-30,35.938419342041016,224.19488525390625,27.190000534057617,18.605000066757203,-0.07882306270103466
2021-12-01,35.55371856689453,224.88235473632812,31.1200008392334,19.359500074386595,-0.17192080246500097
2021-12-02,37.502803802490234,229.5112762451172,27.950000762939453,20.002000093460083,0.1698848167819697
2021-12-03,37.2548942565918,227.95303344726562,30.670000076293945,20.763500118255614,0.14193105857093266
2021-12-06,38.0328254699707,230.23541259765625,27.18000030517578,21.29850015640259,0.27139260268967763
2021-12-07,37.990081787109375,235.4876251220703,21.889999389648438,21.532000160217287,0.17818300991048375
2021-12-08,38.12685775756836,235.3317413330078,19.899999618530273,21.638000106811525,0.20986534315658287
2021-12-09,37.639591217041016,236.6241912841797,21.579999923706055,21.78050012588501,0.08519529472241424
2021-12-10,37.7421760559082,239.58489990234375,18.690000534057617,21.832000160217284,0.05968458496854454
2021-12-13,36.613746643066406,235.79006958007812,20.309999465942383,22.03300008773804,-0.12035523305934416
2021-12-14,36.485530853271484,231.40867614746094,21.889999389648438,22.303000068664552,-0.07756858463070593
2021-12-15,36.613746643066406,236.06504821777344,19.290000915527344,22.449000072479247,-0.12475767237667734
2021-12-16,36.63939666748047,232.12359619140625,20.56999969482422,22.62200002670288,-0.05618111924103432
2021-12-17,35.99824905395508,227.40306091308594,21.56999969482422,22.821000003814696,-0.1174192619171206
2021-12-20,35.8443717956543,225.1390380859375,22.8700008392334,23.069000053405762,-0.11400785731521608
2021-12-21,36.801822662353516,226.3856201171875,21.010000228881836,23.161000061035157,0.07034460459917007
2021-12-22,37.20360565185547,228.87881469726562,18.6299991607666,23.123500061035156,0.11616472303820345
2021-12-23,37.4771614074707,229.23631286621094,17.959999084472656,23.092500019073487,0.16881518268955714
2021-12-27,37.89604949951172,232.5452423095703,17.68000030517578,22.545499992370605,0.20522534982346682
2021-12-28,37.63104248046875,232.83859252929688,17.540000915527344,22.27450008392334,0.14397894769707165
2021-12-29,37.34038543701172,236.09259033203125,16.950000762939453,21.762500095367432,0.029858783314536157
2021-12-30,37.10102462768555,235.0109405517578,17.329999923706055,21.073000049591066,-0.0039010690277239183
2021-12-31,37.10102462768555,236.92669677734375,17.219999313354492,20.536499977111816,-0.034572544458081104
