Date,SHEL,AMAT,VIX,AvgVIX,zscore
2020-01-30,42.15346908569336,56.85921096801758,15.489999771118164,13.696000051498412,3.036551180811923
2020-01-31,40.8303108215332,54.72639083862305,18.84000015258789,14.014500045776368,2.818723816226559
2020-02-03,40.11782455444336,56.359031677246094,17.969999313354492,14.211999988555908,2.641405862836565
2020-02-04,40.43883514404297,59.46387481689453,16.049999237060547,14.32199993133545,2.638409954615728
2020-02-05,41.456661224365234,60.209407806396484,15.149999618530273,14.389999914169312,2.825290413701042
2020-02-06,40.822486877441406,59.63374328613281,14.960000038146973,14.465499925613404,2.7112501196332217
2020-02-07,40.54844665527344,58.23703384399414,15.470000267028809,14.611999940872192,2.686746696031337
2020-02-10,40.23527145385742,59.37894058227539,15.039999961853027,14.735999917984008,2.599649159975812
2020-02-11,40.705039978027344,60.822837829589844,15.180000305175781,14.878999948501587,2.6621655413733945
2020-02-12,41.221778869628906,61.69107437133789,13.739999771118164,14.946499919891357,2.7464728355229067
2020-02-13,40.6478157043457,63.57850646972656,14.149999618530273,15.032999897003174,2.591279571951606
2020-02-14,40.24922561645508,63.0877685546875,13.680000305175781,15.100999927520752,2.5223856572798833
2020-02-18,40.0260124206543,61.68665313720703,14.829999923706055,15.237499904632568,2.50811305847502
2020-02-19,40.03399658203125,63.81672668457031,14.380000114440918,15.313999891281128,2.4637326823271755
2020-02-20,39.555686950683594,62.860565185546875,15.5600004196167,15.446499919891357,2.38898645523257
2020-02-21,39.196956634521484,60.84409713745117,17.079999923706055,15.651499938964843,2.3609704635509585
2020-02-24,37.69029998779297,57.82414245605469,25.030000686645508,16.174999952316284,2.125697228501506
2020-02-25,36.5902099609375,55.722476959228516,27.850000381469727,16.655999994277956,1.9516808853765493
2020-02-26,36.47062301635742,56.62183380126953,27.559999465942383,17.219999933242796,1.9084228433411852
2020-02-27,35.027748107910156,53.96161651611328,39.15999984741211,18.35849995613098,1.6781046480064017
2020-02-28,35.0994873046875,55.02192306518555,40.11000061035156,19.589499998092652,1.6695264228353657
2020-03-02,35.73723220825195,56.95317840576172,33.41999816894531,20.318499898910524,1.755021555350904
2020-03-03,35.04368591308594,54.94618606567383,36.81999969482422,21.26099991798401,1.6600333236297933
2020-03-04,36.111900329589844,57.29398727416992,31.989999771118164,22.05799994468689,1.8223809025905522
2020-03-05,34.8603401184082,55.978084564208984,39.619998931884766,23.281499910354615,1.6012001392072426
2020-03-06,33.377593994140625,54.70951461791992,41.939998626708984,24.630499839782715,1.3328955954381045
2020-03-09,27.64592933654785,49.294403076171875,54.459999084472656,26.57999978065491,0.3067810638901404
2020-03-10,29.463485717773438,53.175872802734375,47.29999923706055,28.192999744415282,0.5854589984433395
2020-03-11,27.49447250366211,49.69203567504883,53.900001525878906,30.12899980545044,0.2679961687128088
2020-03-12,23.38105583190918,42.70541763305664,75.47000122070312,33.21549987792969,-0.40149628989639646
2020-03-13,23.978939056396484,48.17732238769531,57.83000183105469,35.39949998855591,-0.4003666783266263
2020-03-16,20.184398651123047,38.369544982910156,82.69000244140625,38.850000095367434,-0.9453820611950486
2020-03-17,20.45543670654297,42.46875,75.91000366210938,41.9040002822876,-0.9798042270649662
2020-03-18,17.23486328125,37.091514587402344,76.44999694824219,45.007500123977664,-1.5059839582428176
2020-03-19,19.164020538330078,38.04767990112305,72.0,47.829500102996825,-1.1419152962354073
2020-03-20,19.99308204650879,35.96494674682617,66.04000091552734,50.27750015258789,-0.931636184457295
2020-03-23,21.388132095336914,38.02873992919922,61.59000015258789,52.10550012588501,-0.6979826518169985
2020-03-24,25.597196578979492,42.733821868896484,61.66999816894531,53.796500015258786,0.03982503432489514
2020-03-25,27.374895095825195,42.34566116333008,63.95000076293945,55.61600008010864,0.402704434788716
2020-03-26,27.8452205657959,46.57740783691406,61.0,56.708000087738036,0.40516281249744884
2020-03-27,25.22252655029297,42.64860534667969,65.54000091552734,57.97950010299682,-0.033051043270866234
2020-03-30,26.657434463500977,44.7786750793457,57.08000183105469,59.16250028610229,0.20712037218408827
2020-03-31,27.813343048095703,43.377567291259766,53.540000915527344,59.99850034713745,0.46786683059324163
2020-04-01,28.14815330505371,40.99190139770508,57.060001373291016,61.252000427246095,0.586122316303882
2020-04-02,31.057836532592773,40.93509292602539,50.90999984741211,61.81650047302246,1.1675863577145094
2020-04-03,28.889522552490234,40.02627182006836,46.79999923706055,62.059500503540036,0.754804159716237
2020-04-06,29.758440017700195,43.689979553222656,45.2400016784668,61.598500633239745,0.8490080007041902
2020-04-07,29.702640533447266,45.024810791015625,46.70000076293945,61.568500709533694,0.80907153730745
2020-04-08,30.348344802856445,48.7169303894043,43.349998474121094,61.041000556945804,0.8581498492546816
2020-04-09,30.220802307128906,46.94661331176758,41.66999816894531,59.35100040435791,0.8709238732561234
2020-04-13,29.790325164794922,47.22114944458008,41.16999816894531,58.51800022125244,0.7791545518886621
2020-04-14,29.503341674804688,49.673091888427734,37.7599983215332,56.27150001525879,0.6690060772481286
2020-04-15,27.390836715698242,47.68503189086914,40.84000015258789,54.51799983978272,0.2906458944277564
2020-04-16,25.987815856933594,49.44588851928711,40.11000061035156,52.70100002288818,-0.027143073170443677
2020-04-17,28.283668518066406,50.36418533325195,38.150001525878906,51.00850009918213,0.4108678931699072
2020-04-20,26.6893253326416,47.931182861328125,43.83000183105469,49.898000144958495,0.14544058117386593
2020-04-21,26.250883102416992,45.75377655029297,45.40999984741211,49.089000129699706,0.10500221047234035
2020-04-22,27.789424896240234,49.33229064941406,41.97999954223633,48.104500198364256,0.33457869009038976
2020-04-23,28.028568267822266,48.186790466308594,41.380001068115234,46.976000213623045,0.4069906360366711
2020-04-24,27.924942016601562,48.98200988769531,35.93000030517578,45.722500228881835,0.3691629721529084
2020-04-27,28.554706573486328,48.30984878540039,33.290000915527344,44.11000022888184,0.5092552167740475
2020-04-28,28.698200225830078,47.732364654541016,33.56999969482422,42.93450012207031,0.5503337902886627
2020-04-29,30.30051612854004,51.44342041015625,31.229999542236328,41.81900005340576,0.7897672653060835
2020-04-30,26.410322189331055,47.03181838989258,34.150001525878906,40.673500061035156,0.10921346802696526
2020-05-01,24.943517684936523,44.39052963256836,37.189998626708984,39.9875,-0.1262852033881932
2020-05-04,26.10738754272461,45.043758392333984,35.970001220703125,39.44600009918213,0.09171091674324983
2020-05-05,26.36248207092285,46.24605178833008,33.61000061035156,38.86450004577637,0.1166322678444868
2020-05-06,25.557342529296875,47.808101654052734,34.119998931884766,38.235499954223634,-0.07763871181791984
2020-05-07,25.932010650634766,48.51811981201172,31.440000534057617,37.64000005722046,-0.0182478647885706
2020-05-08,27.03211212158203,50.9416618347168,27.979999542236328,36.95550012588501,0.14882382485544518
2020-05-11,26.1153621673584,51.13100814819336,27.56999969482422,36.275500202178954,-0.0380775531261599
2020-05-12,25.67691421508789,49.54055404663086,33.040000915527344,36.03950033187866,-0.09118502568980436
2020-05-13,24.744220733642578,48.745338439941406,35.279998779296875,35.76150026321411,-0.2600163850256866
2020-05-14,24.301210403442383,51.52861022949219,32.61000061035156,35.38650026321411,-0.4084300910545487
2020-05-15,24.268997192382812,49.26601791381836,31.889999389648438,35.07350015640259,-0.36602127894093334
2020-05-18,26.43572235107422,51.462345123291016,29.299999237060547,34.34700002670288,0.01865633985953944
2020-05-19,25.904109954833984,52.5131721496582,30.530000686645508,33.60300006866455,-0.11003537313879297
2020-05-20,26.94317626953125,54.062435150146484,27.989999771118164,32.90350008010864,0.06373414112573549
2020-05-21,26.129640579223633,52.2945671081543,29.530000686645508,32.31100006103516,-0.060342846097535534
2020-05-22,25.968551635742188,51.69577407836914,28.15999984741211,31.92250003814697,-0.07954307412526426
2020-05-26,26.331016540527344,52.408626556396484,28.010000228881836,31.658500003814698,-0.022646918168372793
2020-05-27,26.564599990844727,53.60620880126953,27.6200008392334,31.361000061035156,-0.0019135454920053486
2020-05-28,26.266582489013672,51.961910247802734,28.59000015258789,31.229000091552734,-0.02585480773927176
2020-05-29,25.734962463378906,53.3971061706543,27.510000228881836,30.89700002670288,-0.16284372626128726
2020-06-01,26.725696563720703,52.93138885498047,28.229999542236328,30.449000072479247,0.04477609647821484
2020-06-02,27.386188507080078,53.02642059326172,26.84000015258789,29.992500019073486,0.17443785558900554
2020-06-03,28.71522331237793,54.94637680053711,25.65999984741211,29.594999980926513,0.39803125673982376
2020-06-04,28.65078353881836,55.250511169433594,25.809999465942383,29.179500007629393,0.37861690854513175
2020-06-05,30.422834396362305,57.20846939086914,24.520000457763672,28.8335000038147,0.6897347037782116
2020-06-08,31.647153854370117,56.93284225463867,25.809999465942383,28.725,0.9398325881645722
2020-06-09,30.01204490661621,56.82829666137695,27.56999969482422,28.725,0.616021745461073
2020-06-10,29.198501586914062,56.89482498168945,27.56999969482422,28.451499938964844,0.4523521750155057
2020-06-11,26.733749389648438,52.66524887084961,40.790000915527344,28.727000045776368,0.052125955965993565
2020-06-12,27.748653411865234,53.748783111572266,36.09000015258789,28.901000022888184,0.23112876005266086
2020-06-15,27.805030822753906,54.224021911621094,34.400001525878906,29.026500129699706,0.2321144351648844
2020-06-16,28.167503356933594,55.64020538330078,33.66999816894531,29.245000076293945,0.2738323938086503
2020-06-17,27.539230346679688,57.02789306640625,33.470001220703125,29.392000102996825,0.11859465640279718
2020-06-18,27.627830505371094,57.38906478881836,32.939998626708984,29.639500045776366,0.12846793465055087
2020-06-19,27.337862014770508,57.930824279785156,35.119998931884766,29.91899995803833,0.05895093678434296
2020-06-22,27.716434478759766,58.23497772216797,31.770000457763672,30.09949998855591,0.1278799929655623
2020-06-23,28.07084083557129,57.8262825012207,31.3700008392334,30.267500019073488,0.20737507082901074
2020-06-24,26.677370071411133,56.9993782043457,33.84000015258789,30.57849998474121,-0.052658817650043536
2020-06-25,27.297584533691406,57.00887680053711,32.220001220703125,30.760000038146973,0.07081698779554425
2020-06-26,26.508216857910156,55.488136291503906,34.72999954223633,31.121000003814697,-0.053774163095048
2020-06-29,26.935117721557617,56.13445281982422,31.780000686645508,31.298500061035156,0.017407586258205404
2020-06-30,26.331016540527344,57.455596923828125,30.43000030517578,31.47800006866455,-0.1315737127330045
2020-07-01,26.39545440673828,56.72373962402344,28.6200008392334,31.626000118255615,-0.10292836756640084
2020-07-02,26.50016212463379,57.97835159301758,27.68000030517578,31.719500160217287,-0.10912575376054358
2020-07-06,26.94317626953125,60.316490173339844,27.940000534057617,31.890500164031984,-0.07124469114625953
2020-07-07,26.282684326171875,59.09989547729492,29.43000030517578,32.07150020599365,-0.1767001940285643
2020-07-08,26.37933921813965,59.66067886352539,28.079999923706055,32.097000217437746,-0.16952881224451155
2020-07-09,25.19529151916504,60.345008850097656,29.260000228881836,32.18150024414062,-0.4204167299037086
2020-07-10,25.94438362121582,59.489593505859375,27.290000915527344,31.506500244140625,-0.25257353503470176
2020-07-13,26.105484008789062,58.46308898925781,32.189998626708984,31.31150016784668,-0.19829286132744664
2020-07-14,26.991500854492188,59.44207000732422,29.520000457763672,31.067500114440918,-0.04273571647942522
2020-07-15,27.37007713317871,59.02385711669922,27.760000228881836,30.772000217437743,0.04178465146316258
2020-07-16,26.96733856201172,59.251976013183594,28.0,30.49850015640259,-0.04345134438500812
2020-07-17,26.508216857910156,59.21395492553711,25.68000030517578,30.13550024032593,-0.13418705466923367
2020-07-20,26.105484008789062,60.57312774658203,24.459999084472656,29.602500247955323,-0.24383300551486567
2020-07-21,26.927061080932617,60.6491584777832,24.84000015258789,29.256000232696532,-0.08163817115417223
2020-07-22,26.37933921813965,61.038856506347656,24.31999969482422,28.903500175476076,-0.19927348321424906
2020-07-23,26.089370727539062,60.47808074951172,26.079999923706055,28.515500164031984,-0.24499489250069034
2020-07-24,26.00882911682129,57.61716842651367,25.84000015258789,28.19650011062622,-0.19931023855279062
2020-07-27,26.137699127197266,59.8887825012207,24.739999771118164,27.697000122070314,-0.22263883235564239
2020-07-28,25.85577964782715,59.21395492553711,25.440000534057617,27.380000114440918,-0.26429360246713135
2020-07-29,26.105484008789062,60.11689758300781,24.100000381469727,27.063500118255615,-0.23398636769378273
2020-07-30,24.840885162353516,61.22893142700195,24.760000228881836,26.870500087738037,-0.5101684545879641
2020-07-31,24.011240005493164,61.14339828491211,24.459999084472656,26.70950002670288,-0.673767108896164
2020-08-03,24.405921936035156,61.78970718383789,24.280000686645508,26.526500034332276,-0.6090101720206855
2020-08-04,25.25167465209961,61.637638092041016,23.760000228881836,26.243000030517578,-0.4370713330816566
2020-08-05,25.388608932495117,61.65664291381836,22.989999771118164,25.988500022888182,-0.4101745931861051
2020-08-06,25.171133041381836,60.45906448364258,22.649999618530273,25.657999992370605,-0.4276959399797978
2020-08-07,24.840885162353516,60.42104721069336,22.209999084472656,25.403999900817873,-0.49273220439126697
2020-08-10,25.332225799560547,62.008323669433594,22.1299991607666,24.90099992752075,-0.42900849187463147
2020-08-11,25.6544132232666,61.26695251464844,24.030000686645508,24.626499938964844,-0.3487583761196934
2020-08-12,26.475997924804688,63.20591354370117,22.280000686645508,24.352499961853027,-0.22676891894242798
2020-08-13,25.76021385192871,61.846736907958984,22.1299991607666,24.058999919891356,-0.34017327762798527
2020-08-14,25.30471420288086,64.27045440673828,22.049999237060547,23.877499866485596,-0.48331743600137167
2020-08-17,25.16643524169922,63.624114990234375,21.350000381469727,23.72199993133545,-0.49694280894984105
2020-08-18,24.841079711914062,63.13936996459961,21.510000228881836,23.555499935150145,-0.5513619086863836
2020-08-19,24.74346923828125,62.81513977050781,22.540000915527344,23.466499996185302,-0.563829284290662
2020-08-20,24.499446868896484,60.831607818603516,22.719999313354492,23.298499965667723,-0.5696815002863953
2020-08-21,24.100889205932617,59.38209533691406,22.540000915527344,23.133500003814696,-0.617876091078484
2020-08-24,24.832944869995117,60.7839241027832,22.3700008392334,23.01500005722046,-0.5021474578472529
2020-08-25,24.45064353942871,61.07954788208008,22.030000686645508,22.844500064849854,-0.5847648684575895
2020-08-26,24.426250457763672,60.80299758911133,23.270000457763672,22.803000068664552,-0.5836605668605075
2020-08-27,24.22289276123047,59.153221130371094,24.469999313354492,22.788500022888183,-0.5886069031473969
2020-08-28,24.556386947631836,60.14500045776367,22.959999084472656,22.713500022888184,-0.5435079471889118
2020-08-31,24.141555786132812,58.7431755065918,26.40999984741211,22.819999980926514,-0.5959769585719356
2020-09-01,23.75112533569336,59.019718170166016,26.1200008392334,22.938000011444093,-0.6798036270751008
2020-09-02,23.62098503112793,62.06178665161133,26.56999969482422,23.117000007629393,-0.7714114903019962
2020-09-03,23.539648056030273,58.60967254638672,33.599998474121094,23.664499950408935,-0.7131257672285611
2020-09-04,23.515241622924805,58.13284683227539,30.75,24.091499996185302,-0.7077016617606062
2020-09-08,22.799455642700195,53.050048828125,31.459999084472656,24.557999992370604,-0.740740931955869
2020-09-09,23.198017120361328,52.639984130859375,28.809999465942383,24.79699993133545,-0.6524110509014622
2020-09-10,22.6693115234375,52.56368637084961,29.709999084472656,25.168499851226805,-0.7561968060241596
2020-09-11,22.84012222290039,52.44926071166992,26.8700008392334,25.405499935150146,-0.7196647813692492
2020-09-14,22.54729652404785,53.841548919677734,25.850000381469727,25.595499992370605,-0.8081081826784866
2020-09-15,22.64491081237793,54.54723358154297,25.59000015258789,25.807499980926515,-0.8038728294815433
2020-09-16,22.81572914123535,53.8510856628418,26.040000915527344,26.03400001525879,-0.7547841985799126
2020-09-17,22.44969940185547,53.72711944580078,26.459999084472656,26.229999923706053,-0.825100942971371
2020-09-18,21.945390701293945,53.545921325683594,25.829999923706055,26.385499954223633,-0.9217575381900901
2020-09-21,21.40041732788086,54.66167068481445,27.780000686645508,26.64749994277954,-1.05451483986324
2020-09-22,21.66883659362793,55.205238342285156,26.860000610351562,26.87199993133545,-1.0127192993622416
2020-09-23,21.245872497558594,54.59490966796875,28.579999923706055,27.199499893188477,-1.0838927053210725
2020-09-24,21.587493896484375,55.10987854003906,28.510000228881836,27.461499881744384,-1.0268822373040594
2020-09-25,20.936779022216797,55.52946472167969,26.3799991607666,27.55699987411499,-1.1657010884818388
2020-09-28,21.221467971801758,56.60706329345703,26.190000534057617,27.71849994659424,-1.1321868905930759
2020-09-29,20.86357879638672,56.88361358642578,26.270000457763672,27.711499977111817,-1.2095244664185691
2020-09-30,20.473146438598633,56.69287872314453,26.3700008392334,27.723999977111816,-1.2832664465204777
2020-10-01,19.716686248779297,57.83722686767578,26.700000762939453,27.73050003051758,-1.4588148814655526
2020-10-02,20.00951385498047,55.5103874206543,27.6299991607666,27.432000064849852,-1.3502010446162893
2020-10-05,20.66836166381836,57.78955078125,27.959999084472656,27.292500019073486,-1.268006414178063
2020-10-06,20.57888412475586,57.59882736206055,29.479999542236328,27.19350004196167,-1.2817333755858678
2020-10-07,20.81477165222168,58.28543472290039,28.059999465942383,27.15600004196167,-1.2495123608169512
2020-10-08,21.506162643432617,59.6967887878418,26.360000610351562,26.988500118255615,-1.142098502852026
2020-10-09,21.68510627746582,60.35479736328125,25.0,26.895000076293947,-1.1206157863646533
2020-10-12,21.39228057861328,61.68033981323242,25.06999969482422,26.85600004196167,-1.2076186399895195
2020-10-13,21.00185203552246,61.68986129760742,26.06999969482422,26.880000019073485,-1.2856819140877405
2020-10-14,20.977455139160156,61.01279830932617,26.399999618530273,26.897999954223632,-1.2759342637856086
2020-10-15,20.635822296142578,60.56458282470703,26.969999313354492,26.923499965667723,-1.3343877262865165
2020-10-16,20.554492950439453,60.0782470703125,27.40999984741211,27.002499961853026,-1.3401097201284793
2020-10-19,20.36740493774414,59.172306060791016,29.18000030517578,27.07249994277954,-1.3578655285408208
2020-10-20,20.59515380859375,59.372562408447266,29.350000381469727,27.196999931335448,-1.316770769350575
2020-10-21,20.196590423583984,59.22952651977539,28.649999618530273,27.20049991607666,-1.393163676366016
2020-10-22,20.700897216796875,58.83853530883789,28.110000610351562,27.180499935150145,-1.284158122161621
2020-10-23,20.831039428710938,58.12331771850586,27.549999237060547,27.238999938964845,-1.242769394554749
2020-10-26,20.196590423583984,56.75009536743164,32.459999084472656,27.552499866485597,-1.339651080074325
2020-10-27,19.67601776123047,56.10163879394531,33.349998474121094,27.906499767303465,-1.429466315614415
2020-10-28,18.78941535949707,54.66167068481445,40.279998779296875,28.60199966430664,-1.5751909250863838
2020-10-29,20.03391456604004,56.740570068359375,37.59000015258789,29.146499633789062,-1.3718857002567963
2020-10-30,20.782238006591797,56.48309326171875,38.02000045776367,29.665999698638917,-1.2171008633732663
2020-11-02,21.6932373046875,57.53207778930664,37.130001068115234,30.124499797821045,-1.0580726713197486
2020-11-03,21.855918884277344,58.962501525878906,35.54999923706055,30.427999782562257,-1.0565036073010101
2020-11-04,21.880319595336914,61.851985931396484,29.56999969482422,30.50349979400635,-1.1140003261270501
2020-11-05,21.831520080566406,66.7059326171875,27.579999923706055,30.56449975967407,-1.2284925794893873
2020-11-06,21.6932373046875,67.25901794433594,24.860000610351562,30.55749979019165,-1.2680054299597647
2020-11-09,24.588924407958984,67.99332427978516,25.75,30.59149980545044,-0.7064067650094468
2020-11-10,25.833419799804688,66.1718978881836,24.799999237060547,30.527999782562254,-0.418923089699348
2020-11-11,25.53246307373047,67.85980224609375,23.450000762939453,30.380499839782715,-0.5153681176996407
2020-11-12,25.181419372558594,66.56288146972656,25.350000381469727,30.299499893188475,-0.5573809821932215
2020-11-13,25.658246994018555,69.43328094482422,23.100000381469727,30.083999919891358,-0.5242445441076874
2020-11-16,27.294260025024414,71.02584075927734,22.450000762939453,29.74749994277954,-0.2323686435953178
2020-11-17,27.746421813964844,70.92095184326172,22.709999084472656,29.415499877929687,-0.13993648221518304
2020-11-18,27.121610641479492,72.41300201416016,23.84000015258789,29.174999904632568,-0.29673628799801244
2020-11-19,27.277816772460938,73.88591003417969,23.110000610351562,28.924999904632568,-0.29737545505332125
2020-11-20,27.67243003845215,73.3790283203125,23.700000762939453,28.732499980926512,-0.20774334742025066
2020-11-23,28.946712493896484,76.9944076538086,22.65999984741211,28.242500019073486,-0.0316601083057421
2020-11-24,30.508729934692383,79.33771514892578,21.639999389648438,27.657000064849854,0.2292567783313995
2020-11-25,29.875703811645508,77.60655975341797,21.25,26.70550012588501,0.14038396795272765
2020-11-27,29.818157196044922,79.06034851074219,20.84000015258789,25.86800012588501,0.09753168448080339
2020-11-30,27.820409774780273,78.88819885253906,20.56999969482422,24.995500087738037,-0.297136071632129
2020-12-01,28.82339859008789,80.60022735595703,20.770000457763672,24.17750005722046,-0.13407389954304513
2020-12-02,29.91680908203125,81.57581329345703,21.170000076293945,23.458500099182128,0.06291417240587896
2020-12-03,30.179889678955078,82.35054016113281,21.280000686645508,23.044000148773193,0.09865607672049585
2020-12-04,31.429506301879883,84.9712142944336,20.790000915527344,22.704500198364258,0.2912888839812706
2020-12-07,30.763593673706055,85.2581558227539,21.299999237060547,22.526500129699706,0.1523021723621283
2020-12-08,30.73892593383789,85.84159851074219,20.68000030517578,22.273000144958495,0.13479080930804072
2020-12-09,30.895124435424805,83.99564361572266,22.270000457763672,22.146500205993654,0.20577984571541014
2020-12-10,31.585693359375,84.06259155273438,22.520000457763672,22.100000190734864,0.3420455636778344
2020-12-11,31.084209442138672,84.45475769042969,23.309999465942383,21.998000144958496,0.23357757868147686
2020-12-14,29.94146728515625,84.64604187011719,24.719999313354492,22.079000091552736,0.0015678706613006385
2020-12-15,30.895124435424805,84.61732482910156,22.889999389648438,22.101000022888183,0.19236234236500444
2020-12-16,31.10065269470215,84.69384002685547,22.5,22.09050006866455,0.23169660869534656
2020-12-17,31.3226261138916,83.68955993652344,21.93000030517578,21.995000076293945,0.2976366897906521
2020-12-18,30.66493797302246,82.34098052978516,21.56999969482422,21.91800003051758,0.1955888851151785
2020-12-21,29.2180118560791,82.64706420898438,25.15999984741211,21.99099998474121,-0.0995577045190595
2020-12-22,28.724740982055664,81.91056060791016,24.229999542236328,22.069499969482422,-0.18202823655145903
2020-12-23,29.54686164855957,80.37066650390625,23.309999465942383,22.15299997329712,0.015150875299267293
2020-12-24,29.456417083740234,81.61407470703125,21.530000686645508,22.167000007629394,-0.029721230611290186
2020-12-28,29.513975143432617,81.17410278320312,21.700000762939453,22.210000038146973,-0.008747478620695978
2020-12-29,29.71127700805664,80.60022735595703,23.079999923706055,22.335500049591065,0.042983438758484
2020-12-30,29.6208438873291,83.19222259521484,22.770000457763672,22.435500049591063,-0.0309924134522359
2020-12-31,28.889158248901367,82.54183959960938,22.75,22.514500045776366,-0.16286541878882888
