Date,XOM,LRCX,VIX,AvgVIX,zscore
2020-01-30,48.71258544921875,28.930837631225586,15.489999771118164,13.696000051498412,2.970320222517726
2020-01-31,46.70513916015625,27.745498657226562,18.84000015258789,14.014500045776368,2.7090945494916556
2020-02-03,45.66006088256836,28.69729995727539,17.969999313354492,14.211999988555908,2.418808864603349
2020-02-04,45.08864974975586,30.275264739990234,16.049999237060547,14.32199993133545,2.1560866909121605
2020-02-05,47.16375732421875,30.295724868774414,15.149999618530273,14.389999914169312,2.544605267897495
2020-02-06,46.52469253540039,30.100351333618164,14.960000038146973,14.465499925613404,2.4435485442600675
2020-02-07,46.216434478759766,29.34486198425293,15.470000267028809,14.611999940872192,2.4598331244304146
2020-02-10,45.72834014892578,29.75703239440918,15.039999961853027,14.735999917984008,2.3274402258178637
2020-02-11,46.16304397583008,30.30038833618164,15.180000305175781,14.878999948501587,2.355814575546254
2020-02-12,46.72740936279297,31.13309669494629,13.739999771118164,14.946499919891357,2.380134786041862
2020-02-13,46.468109130859375,31.780654907226562,14.149999618530273,15.032999897003174,2.2676513877632023
2020-02-14,46.25456237792969,31.568517684936523,13.680000305175781,15.100999927520752,2.248324842395166
2020-02-18,45.667327880859375,30.269676208496094,14.829999923706055,15.237499904632568,2.2655422517547255
2020-02-19,46.01814270019531,31.06144905090332,14.380000114440918,15.313999891281128,2.2536984865682017
2020-02-20,45.652076721191406,30.56275177001953,15.5600004196167,15.446499919891357,2.233849705063609
2020-02-21,45.09534454345703,29.475116729736328,17.079999923706055,15.651499938964843,2.236036634617723
2020-02-24,42.982810974121094,27.954835891723633,25.030000686645508,16.174999952316284,1.9879733889961893
2020-02-25,41.335487365722656,27.188188552856445,27.850000381469727,16.655999994277956,1.7533460811516481
2020-02-26,40.42793655395508,27.5957088470459,27.559999465942383,17.219999933242796,1.5424697010221446
2020-02-27,37.99509811401367,26.581567764282227,39.15999984741211,18.35849995613098,1.184349816890351
2020-02-28,39.2305793762207,27.300765991210938,40.11000061035156,19.589499998092652,1.3461356443540162
2020-03-02,41.0914421081543,27.9427490234375,33.41999816894531,20.318499898910524,1.6332105732528186
2020-03-03,39.12379837036133,27.117481231689453,36.81999969482422,21.26099991798401,1.344064704106308
2020-03-04,39.977970123291016,28.492612838745117,31.989999771118164,22.05799994468689,1.369581603685743
2020-03-05,38.21625900268555,27.831098556518555,39.619998931884766,23.281499910354615,1.1030875786834287
2020-03-06,36.37065124511719,27.391952514648438,41.939998626708984,24.630499839782715,0.7989357402629743
2020-03-09,31.924427032470703,24.897546768188477,54.459999084472656,26.57999978065491,0.20747664656458276
2020-03-10,33.10652160644531,26.755552291870117,47.29999923706055,28.192999744415282,0.24722000633905916
2020-03-11,32.01593780517578,25.737693786621094,53.900001525878906,30.12899980545044,0.14207510143508242
2020-03-12,28.355222702026367,22.129594802856445,75.47000122070312,33.21549987792969,-0.19202750829907259
2020-03-13,29.072114944458008,24.35604476928711,57.83000183105469,35.39949998855591,-0.2760686232722963
2020-03-16,26.303712844848633,19.867795944213867,82.69000244140625,38.850000095367434,-0.35568215184867097
2020-03-17,28.073049545288086,21.334104537963867,75.91000366210938,41.9040002822876,-0.16689994478275347
2020-03-18,25.258882522583008,18.062814712524414,76.44999694824219,45.007500123977664,-0.3748073162204011
2020-03-19,26.257953643798828,18.143754959106445,72.0,47.829500102996825,-0.1947443250004525
2020-03-20,24.96907615661621,17.481319427490234,66.04000091552734,50.27750015258789,-0.3721614930944186
2020-03-23,23.985261917114258,17.942790985107422,61.59000015258789,52.10550012588501,-0.6026962831697439
2020-03-24,27.028226852416992,21.587507247924805,61.66999816894531,53.796500015258786,-0.3884540068145726
2020-03-25,28.439119338989258,21.859882354736328,63.95000076293945,55.61600008010864,-0.14971366178003456
2020-03-26,29.605972290039062,24.36737823486328,61.0,56.708000087738036,-0.1767124183922453
2020-03-27,28.179819107055664,22.57777976989746,65.54000091552734,57.97950010299682,-0.26911451992070656
2020-03-30,28.599275588989258,23.895647048950195,57.08000183105469,59.16250028610229,-0.31977846464257875
2020-03-31,28.957721710205078,22.463594436645508,53.540000915527344,59.99850034713745,-0.11148547173947311
2020-04-01,28.622148513793945,20.903308868408203,57.060001373291016,61.252000427246095,-0.021194418239657387
2020-04-02,30.810956954956055,20.644973754882812,50.90999984741211,61.81650047302246,0.4161403372787667
2020-04-03,29.90340805053711,20.418468475341797,46.79999923706055,62.059500503540036,0.2676171190706211
2020-04-06,30.864334106445312,23.469772338867188,45.2400016784668,61.598500633239745,0.1483829535298342
2020-04-07,31.451574325561523,23.98175048828125,46.70000076293945,61.568500709533694,0.20855014628827256
2020-04-08,33.44208908081055,24.96734619140625,43.349998474121094,61.041000556945804,0.4862329543236069
2020-04-09,32.89297866821289,24.1745662689209,41.66999816894531,59.35100040435791,0.4608569624660736
2020-04-13,32.61079788208008,24.221364974975586,41.16999816894531,58.51800022125244,0.4031487686006975
2020-04-14,32.3591194152832,25.506471633911133,37.7599983215332,56.27150001525879,0.2294005124331452
2020-04-15,30.871959686279297,24.598567962646484,40.84000015258789,54.51799983978272,0.038807452455519725
2020-04-16,29.857648849487305,25.33799171447754,40.11000061035156,52.70100002288818,-0.22480174536679476
2020-04-17,32.96162796020508,26.11579132080078,38.150001525878906,51.00850009918213,0.2828681851367858
2020-04-20,31.405820846557617,24.965471267700195,43.83000183105469,49.898000144958495,0.10319610731746896
2020-04-21,31.23802947998047,22.80335807800293,45.40999984741211,49.089000129699706,0.28424965260255936
2020-04-22,32.13032531738281,25.438148498535156,41.97999954223633,48.104500198364256,0.19306115393683349
2020-04-23,33.137027740478516,24.706207275390625,41.380001068115234,46.976000213623045,0.4545026008497169
2020-04-24,33.3505744934082,24.959856033325195,35.93000030517578,45.722500228881835,0.4697467231894751
2020-04-27,33.51072692871094,24.748321533203125,33.290000915527344,44.11000022888184,0.5206902747054348
2020-04-28,34.2962532043457,24.508712768554688,33.56999969482422,42.93450012207031,0.6920887613074245
2020-04-29,36.19524002075195,26.206584930419922,31.229999542236328,41.81900005340576,0.8824978794359378
2020-04-30,35.44021987915039,23.893770217895508,34.150001525878906,40.673500061035156,0.9678568877807691
2020-05-01,32.90060806274414,21.997468948364258,37.189998626708984,39.9875,0.6763979158254073
2020-05-04,34.227622985839844,21.95067024230957,35.970001220703125,39.44600009918213,0.9307416126542882
2020-05-05,34.189483642578125,22.726604461669922,33.61000061035156,38.86450004577637,0.8472551617690681
2020-05-06,33.54886245727539,22.890399932861328,34.119998931884766,38.235499954223634,0.710583302219944
2020-05-07,33.73952102661133,23.17774200439453,31.440000534057617,37.64000005722046,0.7182063729558994
2020-05-08,35.219051361083984,24.84099006652832,27.979999542236328,36.95550012588501,0.8330797801008838
2020-05-11,34.883487701416016,24.544281005859375,27.56999969482422,36.275500202178954,0.7991070778101281
2020-05-12,34.3004150390625,23.959291458129883,33.040000915527344,36.03950033187866,0.7469044651924887
2020-05-13,32.59782791137695,23.23015785217285,35.279998779296875,35.76150026321411,0.498187421791607
2020-05-14,32.8854866027832,25.17793846130371,32.61000061035156,35.38650026321411,0.36077103347255196
2020-05-15,32.652252197265625,23.571788787841797,31.889999389648438,35.07350015640259,0.4748324973891952
2020-05-18,35.2488899230957,24.098752975463867,29.299999237060547,34.34700002670288,0.9116901214950217
2020-05-19,34.16047286987305,24.490924835205078,30.530000686645508,33.60300006866455,0.6682845407666084
2020-05-20,35.2722053527832,25.38105010986328,27.989999771118164,32.90350008010864,0.789971416870906
2020-05-21,34.64249801635742,24.401079177856445,29.530000686645508,32.31100006103516,0.767836429258096
2020-05-22,34.673580169677734,24.442258834838867,28.15999984741211,31.92250003814697,0.7696362379859621
2020-05-26,35.69202423095703,24.93084144592285,28.010000228881836,31.658500003814698,0.913255870120214
2020-05-27,35.94857406616211,25.84342384338379,27.6200008392334,31.361000061035156,0.8717907093124159
2020-05-28,35.015655517578125,24.973894119262695,28.59000015258789,31.229000091552734,0.781730770113897
2020-05-29,35.34994888305664,25.615047454833984,27.510000228881836,30.89700002670288,0.7815902737669959
2020-06-01,35.979671478271484,25.362327575683594,28.229999542236328,30.449000072479247,0.9249562513574644
2020-06-02,36.78042984008789,25.408187866210938,26.84000015258789,29.992500019073486,1.0711471281337022
2020-06-03,38.280879974365234,26.852413177490234,25.65999984741211,29.594999980926513,1.2114972356343257
2020-06-04,38.17203903198242,27.315725326538086,25.809999465942383,29.179500007629393,1.145449497709564
2020-06-05,41.266231536865234,28.539989471435547,24.520000457763672,28.8335000038147,1.60737036662564
2020-06-08,42.55677032470703,27.853910446166992,25.809999465942383,28.725,1.9177189116960802
2020-06-09,41.60830307006836,28.29756736755371,27.56999969482422,28.725,1.695588314963024
2020-06-10,39.37705993652344,28.20116424560547,27.56999969482422,28.451499938964844,1.2851539274230264
2020-06-11,35.90193176269531,26.434965133666992,40.790000915527344,28.727000045776368,0.8048380139233086
2020-06-12,36.67158508300781,26.630584716796875,36.09000015258789,28.901000022888184,0.9304470166042758
2020-06-15,36.64826583862305,27.250200271606445,34.400001525878906,29.026500129699706,0.8651227260341039
2020-06-16,37.47233963012695,28.705799102783203,33.66999816894531,29.245000076293945,0.8770617619494383
2020-06-17,36.25178527832031,29.485742568969727,33.470001220703125,29.392000102996825,0.5706531019218585
2020-06-18,36.47722625732422,29.581588745117188,32.939998626708984,29.639500045776366,0.6036546765103608
2020-06-19,35.74644088745117,29.62387466430664,35.119998931884766,29.91899995803833,0.4619638864842349
2020-06-22,36.08851623535156,29.346660614013672,31.770000457763672,30.09949998855591,0.5536041424497914
2020-06-23,36.306209564208984,29.692476272583008,31.3700008392334,30.267500019073488,0.5605645517463808
2020-06-24,34.59584045410156,28.73398208618164,33.84000015258789,30.57849998474121,0.3329392626051894
2020-06-25,35.11672592163086,29.374855041503906,32.220001220703125,30.760000038146973,0.36794256620162447
2020-06-26,33.91169738769531,28.42764663696289,34.72999954223633,31.121000003814697,0.2343113776317646
2020-06-29,34.455902099609375,28.985822677612305,31.780000686645508,31.298500061035156,0.2818360825105408
2020-06-30,34.76687240600586,30.395366668701172,30.43000030517578,31.47800006866455,0.20173939413282246
2020-07-01,33.98166275024414,29.833423614501953,28.6200008392334,31.626000118255615,0.10922854942733454
2020-07-02,34.269317626953125,30.417919158935547,27.68000030517578,31.719500160217287,0.10588276230260744
2020-07-06,34.51033020019531,31.476003646850586,27.940000534057617,31.890500164031984,0.04718422109054514
2020-07-07,33.61628341674805,30.811649322509766,29.43000030517578,32.07150020599365,-0.05573796842290011
2020-07-08,33.53852844238281,31.367013931274414,28.079999923706055,32.097000217437746,-0.1249882300150132
2020-07-09,32.15468978881836,31.551191329956055,29.260000228881836,32.18150024414062,-0.403536440568238
2020-07-10,33.15758514404297,31.9477481842041,27.290000915527344,31.506500244140625,-0.2537928320702657
2020-07-13,33.16535568237305,31.68086814880371,32.189998626708984,31.31150016784668,-0.22608430273070382
2020-07-14,34.261539459228516,32.51906967163086,29.520000457763672,31.067500114440918,-0.10221725398302797
2020-07-15,34.69690704345703,32.252197265625,27.760000228881836,30.772000217437743,0.005963355339942748
2020-07-16,34.424808502197266,32.40818405151367,28.0,30.49850015640259,-0.06058540763488046
2020-07-17,33.833953857421875,32.53879928588867,25.68000030517578,30.13550024032593,-0.1846282256781848
2020-07-20,33.04096984863281,33.24169921875,24.459999084472656,29.602500247955323,-0.4029922882738927
2020-07-21,34.71246337890625,33.548980712890625,24.84000015258789,29.256000232696532,-0.1186402402141991
2020-07-22,33.9039306640625,34.01319122314453,24.31999969482422,28.903500175476076,-0.3164567904998328
2020-07-23,33.9738883972168,33.342247009277344,26.079999923706055,28.515500164031984,-0.23730735700291863
2020-07-24,33.76398849487305,32.48712921142578,25.84000015258789,28.19650011062622,-0.19271409668079434
2020-07-27,34.261539459228516,33.648590087890625,24.739999771118164,27.697000122070314,-0.21329915174117384
2020-07-28,33.857276916503906,32.788761138916016,25.440000534057617,27.380000114440918,-0.20482120103516968
2020-07-29,34.23044204711914,33.907005310058594,24.100000381469727,27.063500118255615,-0.2445652816318174
2020-07-30,32.55119323730469,35.571205139160156,24.760000228881836,26.870500087738037,-0.7242608124484398
2020-07-31,32.71444320678711,35.4415168762207,24.459999084472656,26.70950002670288,-0.6807834228909012
2020-08-03,32.846614837646484,35.84089660644531,24.280000686645508,26.526500034332276,-0.6951857316815097
2020-08-04,33.795082092285156,36.174495697021484,23.760000228881836,26.243000030517578,-0.5494938354888695
2020-08-05,34.09050750732422,36.034481048583984,22.989999771118164,25.988500022888182,-0.4801257745286375
2020-08-06,33.927242279052734,35.50259780883789,22.649999618530273,25.657999992370605,-0.45854424761826595
2020-08-07,33.771759033203125,34.99798583984375,22.209999084472656,25.403999900817873,-0.43818014271638184
2020-08-10,34.603614807128906,35.30997085571289,22.1299991607666,24.90099992752075,-0.31230865144220543
2020-08-11,34.96123123168945,34.675682067871094,24.030000686645508,24.626499938964844,-0.18262733269908457
2020-08-12,34.95330810546875,35.851234436035156,22.280000686645508,24.352499961853027,-0.2997273257235719
2020-08-13,34.09711456298828,35.428367614746094,22.1299991607666,24.058999919891356,-0.41927453805351467
2020-08-14,34.247737884521484,35.11075210571289,22.049999237060547,23.877499866485596,-0.3596918820857486
2020-08-17,33.80378341674805,35.621952056884766,21.350000381469727,23.72199993133545,-0.49351674620809516
2020-08-18,33.63730239868164,35.19815444946289,21.510000228881836,23.555499935150145,-0.4831700300610081
2020-08-19,33.26470184326172,34.9744987487793,22.540000915527344,23.466499996185302,-0.531297377004465
2020-08-20,32.75733184814453,33.688053131103516,22.719999313354492,23.298499965667723,-0.5002687048650666
2020-08-21,32.511573791503906,33.212562561035156,22.540000915527344,23.133500003814696,-0.4997580458921278
2020-08-24,33.470829010009766,32.985164642333984,22.3700008392334,23.01500005722046,-0.2968650187455685
2020-08-25,32.40850830078125,33.124244689941406,22.030000686645508,22.844500064849854,-0.5104691867297187
2020-08-26,31.718788146972656,33.0584602355957,23.270000457763672,22.803000068664552,-0.6338034872357092
2020-08-27,31.504741668701172,32.085872650146484,24.469999313354492,22.788500022888183,-0.5784381190949551
2020-08-28,32.25788116455078,32.962615966796875,22.959999084472656,22.713500022888184,-0.5229216207635308
2020-08-31,31.66330337524414,31.605697631835938,26.40999984741211,22.819999980926514,-0.5013746748112006
2020-09-01,31.258989334106445,32.00223922729492,26.1200008392334,22.938000011444093,-0.6164633011588936
2020-09-02,31.0687255859375,34.082725524902344,26.56999969482422,23.117000007629393,-0.8568744973645734
2020-09-03,31.005308151245117,32.09339141845703,33.599998474121094,23.664499950408935,-0.6731698444899993
2020-09-04,30.981521606445312,31.3031063079834,30.75,24.091499996185302,-0.5999263821297736
2020-09-08,30.268022537231445,28.446435928344727,31.459999084472656,24.557999992370604,-0.45326809226251835
2020-09-09,30.085689544677734,28.27635383605957,28.809999465942383,24.79699993133545,-0.4708561585261578
2020-09-10,29.332550048828125,27.956857681274414,29.709999084472656,25.168499851226805,-0.5811747404403681
2020-09-11,29.253284454345703,27.626081466674805,26.8700008392334,25.405499935150146,-0.5635623960440397
2020-09-14,29.063011169433594,28.70015525817871,25.850000381469727,25.595499992370605,-0.7050004508708704
2020-09-15,28.75383186340332,29.029985427856445,25.59000015258789,25.807499980926515,-0.7956242391651644
2020-09-16,29.97469711303711,28.8110408782959,26.040000915527344,26.03400001525879,-0.5443281161341764
2020-09-17,29.96677017211914,28.744321823120117,26.459999084472656,26.229999923706053,-0.5392585101446403
2020-09-18,29.483182907104492,28.868362426757812,25.829999923706055,26.385499954223633,-0.6424672640820559
2020-09-21,28.88067626953125,29.59663200378418,27.780000686645508,26.64749994277954,-0.8274788613279104
2020-09-22,28.167177200317383,29.947126388549805,26.860000610351562,26.87199993133545,-0.9962269539612736
2020-09-23,27.26342010498047,29.79019546508789,28.579999923706055,27.199499893188477,-1.1508788035169832
2020-09-24,27.20792579650879,30.74399185180664,28.510000228881836,27.461499881744384,-1.2551231517877262
2020-09-25,27.46161460876465,31.03529930114746,26.3799991607666,27.55699987411499,-1.2360278992894596
2020-09-28,27.99277114868164,31.631065368652344,26.190000534057617,27.71849994659424,-1.1946555968678936
2020-09-29,27.17621421813965,31.85745620727539,26.270000457763672,27.711499977111817,-1.3705940772430012
2020-09-30,27.215848922729492,31.295236587524414,26.3700008392334,27.723999977111816,-1.307843815903402
2020-10-01,26.2645320892334,31.991411209106445,26.700000762939453,27.73050003051758,-1.5553443743078645
2020-10-02,26.145614624023438,31.008460998535156,27.6299991607666,27.432000064849852,-1.4810568285008427
2020-10-05,26.748119354248047,32.28384780883789,27.959999084472656,27.292500019073486,-1.4930937805393838
2020-10-06,26.47064971923828,32.165931701660156,29.479999542236328,27.19350004196167,-1.5337165825942785
2020-10-07,26.55785369873047,32.61778259277344,28.059999465942383,27.15600004196167,-1.5617419449070733
2020-10-08,27.953134536743164,33.5290641784668,26.360000610351562,26.988500118255615,-1.388772490216481
2020-10-09,27.540889739990234,34.21580123901367,25.0,26.895000076293947,-1.5338927381224383
2020-10-12,27.453683853149414,34.91387939453125,25.06999969482422,26.85600004196167,-1.6189567050501874
2020-10-13,27.128650665283203,35.29875564575195,26.06999969482422,26.880000019073485,-1.7179776277932017
2020-10-14,27.07316017150879,35.303470611572266,26.399999618530273,26.897999954223632,-1.7288845075725001
2020-10-15,27.310985565185547,35.421390533447266,26.969999313354492,26.923499965667723,-1.695723040318764
2020-10-16,27.03351593017578,34.42805862426758,27.40999984741211,27.002499961853026,-1.6502536857255734
2020-10-19,26.494430541992188,34.29694366455078,29.18000030517578,27.07249994277954,-1.738813969285496
2020-10-20,26.716405868530273,34.29694366455078,29.350000381469727,27.196999931335448,-1.6970386975603773
2020-10-21,26.288311004638672,34.58465576171875,28.649999618530273,27.20049991607666,-1.8059000616939196
2020-10-22,27.636022567749023,33.77244567871094,28.110000610351562,27.180499935150145,-1.4723874542404343
2020-10-23,27.08108139038086,33.3866081237793,27.549999237060547,27.238999938964845,-1.5388812466840944
2020-10-26,26.438932418823242,32.793243408203125,32.459999084472656,27.552499866485597,-1.6013782416463813
2020-10-27,26.018768310546875,32.43478775024414,33.349998474121094,27.906499767303465,-1.645200137566005
2020-10-28,25.027803421020508,31.969707489013672,40.279998779296875,28.60199966430664,-1.785959571791746
2020-10-29,26.137685775756836,33.32435989379883,37.59000015258789,29.146499633789062,-1.7103044824818576
2020-10-30,25.86021614074707,32.269710540771484,38.02000045776367,29.665999698638917,-1.6588049066281862
2020-11-02,26.946313858032227,33.1064453125,37.130001068115234,30.124499797821045,-1.5366917856525566
2020-11-03,26.486509323120117,34.9534912109375,35.54999923706055,30.427999782562257,-1.804872436039117
2020-11-04,26.34380340576172,35.878910064697266,29.56999969482422,30.50349979400635,-1.9227390499655388
2020-11-05,26.29623794555664,37.70616149902344,27.579999923706055,30.56449975967407,-2.1113905339311256
2020-11-06,25.987062454223633,38.62215042114258,24.860000610351562,30.55749979019165,-2.2596589781065854
2020-11-09,29.277069091796875,39.26926803588867,25.75,30.59149980545044,-1.7041272439374204
2020-11-10,29.926576614379883,38.47592544555664,24.799999237060547,30.527999782562254,-1.5038706226487595
2020-11-11,29.618053436279297,39.99753189086914,23.450000762939453,30.380499839782715,-1.7115753359388133
2020-11-12,28.603185653686523,39.474910736083984,25.350000381469727,30.299499893188475,-1.85117442338752
2020-11-13,29.293298721313477,40.21543502807617,23.100000381469727,30.083999919891358,-1.7941229962174836
2020-11-16,30.982051849365234,41.43989181518555,22.450000762939453,29.74749994277954,-1.5967216942154752
2020-11-17,31.3961124420166,40.7455940246582,22.709999084472656,29.415499877929687,-1.4505161627685292
2020-11-18,30.21074867248535,40.59465789794922,23.84000015258789,29.174999904632568,-1.6587553275674838
2020-11-19,30.365001678466797,41.28801727294922,23.110000610351562,28.924999904632568,-1.697913192962111
2020-11-20,29.99152946472168,40.90690994262695,23.700000762939453,28.732499980926512,-1.7307201133681573
2020-11-23,31.95632553100586,42.331356048583984,22.65999984741211,28.242500019073486,-1.5010359433038807
2020-11-24,34.08349609375,42.11437225341797,21.639999389648438,27.657000064849854,-1.0793679684756605
2020-11-25,33.133583068847656,42.146461486816406,21.25,26.70550012588501,-1.2612953187131446
2020-11-27,32.63020324707031,43.06714630126953,20.84000015258789,25.86800012588501,-1.44657440804992
2020-11-30,30.95769500732422,42.701133728027344,20.56999969482422,24.995500087738037,-1.7253415551936224
2020-12-01,31.258087158203125,44.115196228027344,20.770000457763672,24.17750005722046,-1.8078733989483955
2020-12-02,32.4272346496582,45.206642150878906,21.170000076293945,23.458500099182128,-1.6951798823856146
2020-12-03,32.64643859863281,45.664154052734375,21.280000686645508,23.044000148773193,-1.6989198668454355
2020-12-04,33.839935302734375,47.165000915527344,20.790000915527344,22.704500198364258,-1.621906131610352
2020-12-07,33.20664978027344,47.98570251464844,21.299999237060547,22.526500129699706,-1.8218004105429415
2020-12-08,34.29459762573242,48.3904914855957,20.68000030517578,22.273000144958495,-1.6568596908894733
2020-12-09,34.74925231933594,46.70420837402344,22.270000457763672,22.146500205993654,-1.4054583335708848
2020-12-10,35.731658935546875,46.356170654296875,22.520000457763672,22.100000190734864,-1.1863440268186098
2020-12-11,35.561153411865234,46.50276184082031,23.309999465942383,21.998000144958496,-1.2328492020664203
2020-12-14,34.27836227416992,46.51884078979492,24.719999313354492,22.079000091552736,-1.475848965964669
2020-12-15,34.944114685058594,46.8460807800293,22.889999389648438,22.101000022888183,-1.3827380047099316
2020-12-16,35.47996520996094,46.65503692626953,22.5,22.09050006866455,-1.2631040314753585
2020-12-17,35.30134201049805,45.98638153076172,21.93000030517578,21.995000076293945,-1.2309620789144007
2020-12-18,34.69241714477539,45.487972259521484,21.56999969482422,21.91800003051758,-1.2965446966740861
2020-12-21,34.05914306640625,45.70170974731445,25.15999984741211,21.99099998474121,-1.4367453595419353
2020-12-22,33.482688903808594,45.10778045654297,24.229999542236328,22.069499969482422,-1.48682321216233
2020-12-23,33.91299819946289,44.557350158691406,23.309999465942383,22.15299997329712,-1.351708258545599
2020-12-24,33.77497863769531,45.42839050292969,21.530000686645508,22.167000007629394,-1.4633450939809887
2020-12-28,33.88864517211914,45.02739334106445,21.700000762939453,22.210000038146973,-1.4025175141359947
2020-12-29,33.507049560546875,44.75502014160156,23.079999923706055,22.335500049591065,-1.4475466225564686
2020-12-30,33.77497863769531,45.81709671020508,22.770000457763672,22.435500049591063,-1.5015721349029227
2020-12-31,33.466453552246094,44.665164947509766,22.75,22.514500045776366,-1.44634995625907
2021-01-04,33.69377899169922,45.20896530151367,26.969999313354492,22.798999977111816,-1.4570474716061246
2021-01-05,35.31759262084961,46.77231979370117,25.34000015258789,23.026499938964843,-1.305196299991674
2021-01-06,36.21879577636719,46.95578384399414,25.06999969482422,23.214999961853028,-1.153634478190393
2021-01-07,36.50296401977539,48.65530014038086,22.3700008392334,23.299499988555908,-1.2672923804706044
2021-01-08,36.908912658691406,47.44190216064453,21.559999465942383,23.263999938964844,-1.071562954846925
2021-01-11,38.029327392578125,48.846343994140625,24.079999923706055,23.34199991226196,-0.9988222014305567
2021-01-12,38.87370300292969,50.73408508300781,23.329999923706055,23.342999935150146,-1.025561136554757
2021-01-13,39.31211471557617,49.79399871826172,22.209999084472656,23.217499923706054,-0.8506008715495403
2021-01-14,40.84661865234375,52.753265380859375,23.25,23.235499954223634,-0.8528375980887316
2021-01-15,38.88182067871094,51.78291702270508,24.34000015258789,23.32749996185303,-1.1271800534914942
2021-01-19,39.65311813354492,54.85567855834961,23.239999771118164,23.392999935150147,-1.2842121474637107
2021-01-20,40.21333312988281,53.245994567871094,21.579999923706055,23.39349994659424,-1.0204776588372317
2021-01-21,39.06044387817383,53.35853958129883,21.31999969482422,23.201499938964844,-1.2485170593065735
2021-01-22,38.50835418701172,53.32638931274414,21.90999984741211,23.085499954223632,-1.349257337836833
2021-01-25,38.07804870605469,53.696170806884766,23.190000534057617,23.079500007629395,-1.466605792895623
2021-01-26,37.24178695678711,52.26808547973633,23.020000457763672,23.153999996185302,-1.4835443722165043
2021-01-27,36.81959915161133,48.71015167236328,37.209999084472656,23.929499912261964,-1.2130966757643966
2021-01-28,37.39605712890625,47.982872009277344,30.209999084472656,24.285999870300294,-1.033084731896484
2021-01-29,36.40552520751953,45.76980972290039,33.09000015258789,24.801999855041505,-1.0018586090134605
2021-02-01,36.47048568725586,47.42487716674805,30.239999771118164,25.176499843597412,-1.1523996423207472
2021-02-02,37.04692840576172,48.80757141113281,25.559999465942383,25.105999851226805,-1.1798944828356392
2021-02-03,38.50022888183594,47.6972541809082,22.90999984741211,24.984499835968016,-0.7971931330053984
2021-02-04,39.23905563354492,49.13480758666992,21.770000457763672,24.81949987411499,-0.799522739044869
2021-02-05,40.55432891845703,48.21080017089844,20.8700008392334,24.74449987411499,-0.46112031397466446
2021-02-08,42.29991149902344,50.3879280090332,21.239999771118164,24.72849988937378,-0.3467136033539926
2021-02-09,41.804500579833984,49.94342803955078,21.6299991607666,24.605999851226805,-0.3962348169495876
2021-02-10,42.2090950012207,50.361454010009766,21.989999771118164,24.538999843597413,-0.36120150294925635
2021-02-11,41.1522102355957,54.117042541503906,21.25,24.49099988937378,-0.9294456433884062
2021-02-12,41.71368408203125,55.43638229370117,19.969999313354492,24.326999855041503,-0.9535270395801889
2021-02-16,42.96871566772461,55.968833923339844,21.459999084472656,24.18299980163574,-0.7696964200306168
2021-02-17,43.63752746582031,55.41272735595703,21.5,24.095999813079835,-0.589137587505125
2021-02-18,42.952213287353516,54.642887115478516,22.489999771118164,24.14149980545044,-0.6424028177017919
2021-02-19,43.24120330810547,56.59492111206055,22.049999237060547,24.177999782562257,-0.7799869491683538
2021-02-22,44.834774017333984,53.6999626159668,23.450000762939453,24.254999828338622,-0.19537774684984044
2021-02-23,45.45402908325195,53.2129020690918,23.110000610351562,24.25099983215332,-0.030935665845985796
2021-02-24,46.8164176940918,56.452110290527344,21.34000015258789,24.16699981689453,-0.09309477828462401
2021-02-25,46.0402717590332,51.79426574707031,28.889999389648438,23.75099983215332,0.21890872547197524
2021-02-26,44.89256286621094,53.642276763916016,27.950000762939453,23.63799991607666,-0.17882893678777265
2021-03-01,46.56871032714844,56.632755279541016,23.350000381469727,23.15099992752075,-0.1574781693092498
2021-03-02,46.296234130859375,54.225807189941406,24.100000381469727,22.84399995803833,0.02795203714043418
2021-03-03,46.66779327392578,52.132850646972656,26.670000076293945,22.89949998855591,0.30370900835452125
2021-03-04,48.47604751586914,50.0124626159668,28.56999969482422,23.182499980926515,0.8525465904182279
2021-03-05,50.3090705871582,51.79899597167969,24.65999984741211,23.326999950408936,1.0218221524729645
2021-03-08,50.25952911376953,47.53458786010742,25.469999313354492,23.55699987411499,1.4318787976607887
2021-03-09,49.4833869934082,51.402732849121094,24.030000686645508,23.69649991989136,0.905400523667541
2021-03-10,51.002647399902344,49.05629348754883,22.559999465942383,23.742999935150145,1.4220809574640216
2021-03-11,50.622825622558594,50.63477325439453,21.90999984741211,23.738999938964845,1.1953648363415312
2021-03-12,51.167789459228516,49.63510513305664,20.690000534057617,23.710999965667725,1.3962375047167503
2021-03-15,49.86320877075195,50.763397216796875,20.030000686645508,23.714000034332276,1.0397571697160668
2021-03-16,48.80632019042969,51.87545394897461,19.790000915527344,23.63050012588501,0.7314886029117412
2021-03-17,49.020999908447266,52.42816925048828,19.229999542236328,23.517000102996825,0.7175344561083469
2021-03-18,46.90724563598633,51.11607360839844,21.579999923706055,23.47150011062622,0.4487676488922784
2021-03-19,46.64302062988281,51.413753509521484,20.950000762939453,23.416500186920167,0.3697659574207686
2021-03-22,46.164127349853516,53.09369659423828,18.8799991607666,23.188000106811522,0.11442645658725022
2021-03-23,45.59440612792969,51.61284637451172,20.299999237060547,23.04750003814697,0.15283934903501983
2021-03-24,46.51917266845703,52.37507629394531,21.200000762939453,23.04050006866455,0.2519174225941119
2021-03-25,46.387062072753906,51.95603561401367,19.809999465942383,22.586500072479247,0.2682647604578223
2021-03-26,47.65036392211914,55.38798141479492,18.860000610351562,22.132000064849855,0.16850309303531466
2021-03-29,47.3943977355957,54.06639862060547,20.739999771118164,22.001500034332274,0.25030095408368247
2021-03-30,46.80815887451172,54.28160858154297,19.610000610351562,21.77700004577637,0.11880740705301882
2021-03-31,46.09807586669922,56.431785583496094,19.399999618530273,21.413500022888183,-0.2262863224097304
2021-04-01,47.386146545410156,60.60889434814453,17.329999923706055,20.851500034332275,-0.3946690823401857
2021-04-05,46.651283264160156,62.647220611572266,17.90999984741211,20.514000034332277,-0.7334265222606939
2021-04-06,46.51917266845703,61.85844421386719,18.1200008392334,20.14650011062622,-0.6807177830375964
2021-04-07,46.72559356689453,62.4556999206543,17.15999984741211,19.803000068664552,-0.700606516751108
2021-04-08,46.238441467285156,63.329811096191406,16.950000762939453,19.522500133514406,-0.8782513321676136
2021-04-09,46.131099700927734,62.76095962524414,16.690000534057617,19.26150016784668,-0.842509516924842
2021-04-12,45.82560348510742,61.64890670776367,16.90999984741211,19.072500133514403,-0.7906391688573907
2021-04-13,45.998992919921875,61.14834976196289,16.649999618530273,18.903500080108643,-0.7087807320450226
2021-04-14,47.32834243774414,60.71603012084961,16.989999771118164,18.763500022888184,-0.4160838820399137
2021-04-15,47.047607421875,61.5759162902832,16.56999969482422,18.630500030517577,-0.5534825047445918
2021-04-16,46.78338623046875,61.02699279785156,16.25,18.364000034332275,-0.5492248578690845
2021-04-19,46.634765625,58.943180084228516,17.290000915527344,18.18100004196167,-0.3722638229298125
2021-04-20,45.65220642089844,58.118377685546875,18.68000030517578,18.17100009918213,-0.47606470272942203
2021-04-21,46.238441467285156,60.793766021728516,17.5,18.0310001373291,-0.6288457476237143
2021-04-22,45.635684967041016,58.261531829833984,18.709999084472656,17.90650005340576,-0.493252398770405
2021-04-23,45.883392333984375,59.4892463684082,17.329999923706055,17.782500076293946,-0.5673731434817821
2021-04-26,45.974220275878906,60.97580337524414,17.639999389648438,17.72150001525879,-0.6964739354669744
2021-04-27,46.57696533203125,61.137901306152344,17.559999465942383,17.5625,-0.5989800401078452
2021-04-28,47.98064041137695,60.49040222167969,17.280000686645508,17.446000003814696,-0.27113360941002
2021-04-29,48.66595458984375,60.76722717285156,17.610000610351562,17.35650005340576,-0.169383134350486
2021-04-30,47.262290954589844,58.82182312011719,18.610000610351562,17.420500087738038,-0.2422301602160856
2021-05-03,48.56687545776367,58.51750564575195,18.309999465942383,17.44050006866455,0.03321768427478642
2021-05-04,48.872371673583984,57.47938919067383,19.479999542236328,17.508500003814696,0.19280424390639994
2021-05-05,50.342098236083984,57.9259147644043,19.149999618530273,17.607999992370605,0.4254903273145594
2021-05-06,50.82099533081055,58.53646469116211,18.389999389648438,17.679999923706056,0.45557360794075635
2021-05-07,51.54759979248047,59.77840805053711,16.690000534057617,17.679999923706056,0.47018092722504234
2021-05-10,51.671451568603516,55.59844970703125,19.65999984741211,17.817499923706055,0.9045646497743716
2021-05-11,50.02834701538086,56.1653938293457,21.84000015258789,18.076999950408936,0.5395802365220347
2021-05-12,50.29640579223633,52.86994934082031,27.59000015258789,18.606999969482423,0.9141165033787179
2021-05-13,49.67649459838867,55.43539047241211,23.1299991607666,18.93499994277954,0.5451540511164703
2021-05-14,50.90793991088867,57.166526794433594,18.809999465942383,19.06299991607666,0.6066619752891906
2021-05-17,52.09749221801758,56.13125991821289,19.719999313354492,19.18449983596802,0.9323457209387008
2021-05-18,50.623111724853516,55.44487380981445,21.34000015258789,19.317499828338622,0.7223726949771354
2021-05-19,49.408424377441406,57.09163284301758,22.18000030517578,19.551499843597412,0.33182181982965747
2021-05-20,49.2911491394043,59.416259765625,20.670000076293945,19.649499893188477,0.08113706231110188
2021-05-21,49.3581657409668,58.21980667114258,20.149999618530273,19.790499877929687,0.21141378570836916
2021-05-24,49.936195373535156,60.16712188720703,18.399999618530273,19.82849988937378,0.1286903431872191
2021-05-25,48.80527114868164,60.71035385131836,18.84000015258789,19.892499923706055,-0.13757089505370046
2021-05-26,49.374916076660156,60.48944091796875,17.360000610351562,19.896499919891358,-0.0086394351518109
2021-05-27,49.05659484863281,61.215660095214844,16.739999771118164,19.852999877929687,-0.13996631376243474
2021-05-28,48.897422790527344,61.60909652709961,16.760000228881836,19.7604998588562,-0.2086143790754558
2021-06-01,50.64824676513672,61.532310485839844,17.899999618530273,19.739999866485597,0.1284383393445025
2021-06-02,51.050350189208984,61.527565002441406,17.479999542236328,19.639999866485596,0.20458001693428823
2021-06-03,51.251407623291016,60.27518844604492,18.040000915527344,19.58449993133545,0.36558268617393525
2021-06-04,51.47758865356445,62.12672424316406,16.420000076293945,19.485999965667723,0.22606146520778383
2021-06-07,51.14250564575195,61.58349609375,16.420000076293945,19.472499942779542,0.2164229684392849
2021-06-08,52.047237396240234,60.4429931640625,17.06999969482422,19.342999935150146,0.4988534735944405
2021-06-09,52.482845306396484,60.114967346191406,17.889999389648438,19.145499897003173,0.6130934013817527
2021-06-10,52.566612243652344,60.748268127441406,16.100000381469727,18.570999908447266,0.5665766322993613
2021-06-11,52.08073806762695,60.875308990478516,15.649999618530273,18.196999931335448,0.46264242828502106
2021-06-14,51.99696350097656,61.646080017089844,16.389999389648438,18.07599992752075,0.37107529860283694
2021-06-15,53.89020538330078,61.12739944458008,17.020000457763672,17.94099998474121,0.778388565812249
2021-06-16,53.69752883911133,60.67711639404297,18.149999618530273,17.78149995803833,0.7864100335820691
2021-06-17,51.92995071411133,60.77592086791992,17.75,17.55999994277954,0.4440388332417912
2021-06-18,50.597984313964844,58.19964599609375,20.700000762939453,17.561499977111815,0.44672762127484655
2021-06-21,52.43257522583008,58.76582717895508,17.889999389648438,17.448499965667725,0.7363129310283617
2021-06-22,53.437843322753906,59.066959381103516,16.65999984741211,17.361499977111816,0.8958875552068907
2021-06-23,53.83156204223633,59.297794342041016,16.31999969482422,17.235499954223634,0.9472832551672025
2021-06-24,54.04936981201172,60.32373809814453,15.970000267028809,17.165999937057496,0.8873784784744965
2021-06-25,54.16664123535156,59.88866424560547,15.619999885559082,17.10999994277954,0.9522357389251761
2021-06-28,52.78441619873047,61.45798110961914,15.760000228881836,17.05999994277954,0.5377706326529563
2021-06-29,52.45771026611328,61.91680908203125,16.020000457763672,16.96599998474121,0.431162172544227
2021-06-30,52.84306335449219,61.813262939453125,15.829999923706055,16.883500003814696,0.5138679554708137
2021-07-01,52.99385070800781,60.13850784301758,15.479999542236328,16.755499935150148,0.7069484283319748
2021-07-02,52.91845703125,59.98365783691406,15.069999694824219,16.68799991607666,0.7079881188821783
2021-07-06,51.41057205200195,59.07740020751953,16.440000534057617,16.688999938964844,0.5133327332265208
2021-07-07,50.60636520385742,58.288002014160156,16.200000762939453,16.645499992370606,0.43961557546233176
2021-07-08,50.38018035888672,57.56983947753906,19.0,16.701000022888184,0.46767527547249577
2021-07-09,51.29328918457031,58.21770095825195,16.18000030517578,16.705000019073488,0.5758068769155288
2021-07-12,51.24302291870117,59.41178512573242,16.170000076293945,16.73100004196167,0.44891550059213475
2021-07-13,51.00008010864258,59.340545654296875,17.1200008392334,16.767500114440917,0.41020019040061795
2021-07-14,49.86916732788086,58.695526123046875,16.329999923706055,16.733000087738038,0.26079887069384633
2021-07-15,49.383296966552734,58.01726150512695,17.010000228881836,16.676000118255615,0.23606259060783644
2021-07-16,48.017822265625,55.90266799926758,18.450000762939453,16.711000156402587,0.18704145758604684
2021-07-19,46.36751937866211,56.19144821166992,22.5,16.801000118255615,-0.15194183059174599
2021-07-20,46.87852478027344,57.6705207824707,19.729999542236328,16.89300012588501,-0.20123009056000085
2021-07-21,48.386417388916016,60.53557205200195,17.90999984741211,16.95550012588501,-0.19920946380324345
2021-07-22,47.8419075012207,60.41018295288086,17.690000534057617,17.02400016784668,-0.2893537320935701
2021-07-23,47.783260345458984,60.82246398925781,17.200000762939453,17.08550019264221,-0.34093648979159136
2021-07-26,48.98956298828125,60.833866119384766,17.579999923706055,17.18350019454956,-0.11503430116244798
2021-07-27,48.4450569152832,59.142948150634766,19.360000610351562,17.36350021362305,-0.051217006445273446
2021-07-28,48.771759033203125,60.32183837890625,18.309999465942383,17.478000164031982,-0.10566951877127666
2021-07-29,49.366539001464844,58.86177062988281,17.700000762939453,17.57150020599365,0.1498561171482336
2021-07-30,48.22725296020508,60.550777435302734,18.239999771118164,17.709500217437743,-0.2306592245364496
2021-08-02,48.235626220703125,60.96780776977539,19.459999084472656,17.929000186920167,-0.2700959526571045
2021-08-03,48.75501251220703,61.32119369506836,18.040000915527344,18.00900020599365,-0.2071020792022814
2021-08-04,47.615726470947266,61.72586441040039,17.969999313354492,18.097500133514405,-0.4613102836342738
2021-08-05,47.917301177978516,61.33448791503906,17.280000686645508,18.01150016784668,-0.36606493378032606
2021-08-06,48.470191955566406,61.55297088623047,16.149999618530273,18.010000133514403,-0.28349865225097304
2021-08-09,47.917301177978516,60.84431076049805,16.719999313354492,18.03750009536743,-0.3178588033020426
2021-08-10,48.738250732421875,58.62807083129883,16.790000915527344,18.021000099182128,0.05459668065286681
2021-08-11,48.88066101074219,57.80636978149414,16.170000076293945,18.013000106811525,0.16220760084709773
2021-08-12,48.770118713378906,55.430545806884766,15.59000015258789,17.942000102996825,0.3750525340713727
2021-08-13,48.27688980102539,55.13606643676758,15.449999809265137,17.79200005531311,0.3111882981574879
2021-08-16,47.57106018066406,55.939720153808594,16.1200008392334,17.47300009727478,0.09931794049140397
2021-08-17,47.2479133605957,55.00116729736328,17.90999984741211,17.382000112533568,0.13080374085675447
2021-08-18,46.25295639038086,54.100608825683594,21.56999969482422,17.565000104904176,0.03211980672440476
2021-08-19,44.84129333496094,54.82543182373047,21.670000076293945,17.76400008201599,-0.3048343099921125
2021-08-20,44.84980392456055,53.764339447021484,18.559999465942383,17.832000017166138,-0.1988802456928755
2021-08-23,46.69516372680664,55.50558853149414,17.149999618530273,17.81050000190735,-0.022829487732018656
2021-08-24,47.07783889770508,55.62718200683594,17.219999313354492,17.703499937057494,0.03723111823094599
2021-08-25,47.162872314453125,55.93022155761719,16.790000915527344,17.627500009536742,0.02343200825308436
2021-08-26,46.52507400512695,55.60533905029297,18.84000015258789,17.684499979019165,-0.06464989714419364
2021-08-27,47.42649841308594,57.90802001953125,16.389999389648438,17.591999959945678,-0.12145934634722455
2021-08-30,46.907752990722656,57.75602722167969,16.190000534057617,17.428500032424928,-0.20413847632240875
2021-08-31,46.36350631713867,57.45487976074219,16.479999542236328,17.350499963760377,-0.2769483747496877
2021-09-01,45.725704193115234,56.97611618041992,16.110000610351562,17.25750002861023,-0.34989767123708126
2021-09-02,46.83972930908203,57.196502685546875,16.40999984741211,17.21399998664856,-0.16191433429611127
2021-09-03,46.66114807128906,58.01441192626953,16.40999984741211,17.22699999809265,-0.27595964725601013
2021-09-07,46.38901901245117,56.35009765625,18.139999389648438,17.298000001907347,-0.1634979154675516
2021-09-08,45.96381759643555,55.43339157104492,17.959999084472656,17.356499910354614,-0.15336707268657232
2021-09-09,45.99783706665039,56.38999557495117,18.799999237060547,17.487999868392944,-0.24104123643512962
2021-09-10,45.9042854309082,56.81747817993164,20.950000762939453,17.755999898910524,-0.3006879287090131
2021-09-13,47.086341857910156,57.83012008666992,19.3700008392334,17.951999950408936,-0.1778150526485513
2021-09-14,46.414527893066406,57.329498291015625,19.459999084472656,18.118999862670897,-0.2550156723606053
2021-09-15,47.97925567626953,58.08945846557617,18.18000030517578,18.13249988555908,-0.035275073941649436
2021-09-16,47.469017028808594,58.502689361572266,18.690000534057617,17.988499927520753,-0.17193977751534031
2021-09-17,46.907752990722656,57.850074768066406,20.809999465942383,17.945499897003174,-0.2133875166954261
2021-09-20,45.65766906738281,56.03851318359375,25.709999084472656,18.302999877929686,-0.27049382036915315
2021-09-21,45.61515808105469,55.68798065185547,24.360000610351562,18.663499927520753,-0.2440214177459802
2021-09-22,46.950279235839844,57.101505279541016,20.8700008392334,18.846000003814698,-0.1317666258341217
2021-09-23,48.5405158996582,58.190147399902344,18.6299991607666,18.93799991607666,0.06045069143243307
2021-09-24,48.974220275878906,58.18255615234375,17.75,18.883499908447266,0.1428194639013634
2021-09-27,50.428382873535156,58.724395751953125,18.760000228881836,19.001999950408937,0.36320285169748673
2021-09-28,50.95563507080078,55.80089569091797,23.25,19.354999923706053,0.7499401388961322
2021-09-29,50.9216194152832,54.04297637939453,22.559999465942383,19.658999919891357,0.9164198157581348
2021-09-30,50.02019119262695,54.199153900146484,23.139999389648438,20.0104998588562,0.7314138233297662
2021-10-01,51.81453323364258,54.25438690185547,21.100000381469727,20.244999885559082,1.0636732260885704
2021-10-04,52.48633575439453,52.38887023925781,22.959999084472656,20.57249984741211,1.373567928890692
2021-10-05,52.40130615234375,52.9373779296875,21.299999237060547,20.730499839782716,1.3036229371063623
2021-10-06,51.44035720825195,52.54027557373047,21.0,20.88249988555908,1.1618271985700712
2021-10-07,51.58491897583008,52.92975997924805,19.540000915527344,20.919499969482423,1.1507298352621036
2021-10-08,52.877525329589844,52.39076614379883,18.770000457763672,20.810499954223634,1.4470025012884202
2021-10-11,52.35028076171875,52.60789489746094,20.0,20.84199991226196,1.32642284908151
2021-10-12,52.07815170288086,52.06889724731445,19.850000381469727,20.861499977111816,1.3282161025362997
2021-10-13,51.9335823059082,51.843204498291016,18.639999389648438,20.884499931335448,1.3232040537577117
2021-10-14,52.724449157714844,54.082969665527344,16.860000610351562,20.792999935150146,1.251775324590935
2021-10-15,53.22618103027344,53.75348663330078,16.299999237060547,20.567499923706055,1.3786029464366463
2021-10-18,53.20067596435547,54.15629959106445,16.309999465942383,20.097499942779542,1.3341885892639953
2021-10-19,54.000038146972656,54.359134674072266,15.699999809265137,19.66449990272522,1.4646791316508625
2021-10-20,54.29767608642578,53.8515739440918,15.489999771118164,19.395499849319457,1.5706096479853795
2021-10-21,53.31122589111328,52.89167404174805,15.010000228881836,19.21449990272522,1.4793625619350874
2021-10-22,53.67688751220703,53.01736831665039,15.430000305175781,19.098499917984007,1.5358179647040149
2021-10-25,54.722877502441406,52.563133239746094,15.239999771118164,18.922499895095825,1.777342428643544
2021-10-26,55.98996353149414,52.27458572387695,15.979999542236328,18.558999872207643,2.0441822566181482
2021-10-27,54.535789489746094,52.72025680541992,16.979999542236328,18.279999876022337,1.726680665691029
2021-10-28,54.688865661621094,53.894432067871094,16.530000686645508,17.949499940872194,1.6400158194937813
2021-10-29,54.824928283691406,53.667781829833984,16.260000228881836,17.707499933242797,1.6879122674700504
2021-11-01,55.8113899230957,54.542930603027344,16.40999984741211,17.379999971389772,1.787496297975437
2021-11-02,55.122562408447266,54.68386459350586,16.030000686645508,17.116500043869017,1.644000408892131
2021-11-03,54.36570739746094,55.36570358276367,15.100000381469727,16.821500062942505,1.4345069686012635
2021-11-04,54.77391052246094,57.01599884033203,15.4399995803833,16.616499996185304,1.3490327689229509
2021-11-05,55.292640686035156,58.16254806518555,16.479999542236328,16.501999950408937,1.3339000688866405
2021-11-08,55.88792419433594,58.00066375732422,17.219999313354492,16.36299991607666,1.4618515246031534
2021-11-09,56.43217086791992,59.223388671875,17.780000686645508,16.259499931335448,1.4440295309416935
2021-11-10,55.32042694091797,57.687355041503906,18.729999542236328,16.263999938964844,1.3858619079553924
2021-11-11,55.42384338378906,58.441566467285156,17.65999984741211,16.30399990081787,1.3311522598917498
2021-11-12,55.001548767089844,59.46241760253906,16.290000915527344,16.30349998474121,1.151282442107907
2021-11-15,55.475555419921875,60.018550872802734,16.489999771118164,16.3125,1.1857969203887515
2021-11-16,56.03573226928711,60.39945602416992,16.3700008392334,16.346000051498415,1.253761128658417
2021-11-17,55.42384338378906,60.05378341674805,17.110000610351562,16.427000093460084,1.172599908144794
2021-11-18,54.8205680847168,60.546119689941406,17.59000015258789,16.556000089645387,1.0106463467399698
2021-11-19,52.286808013916016,61.374610900878906,17.90999984741211,16.680000066757202,0.45232084394911315
2021-11-22,53.01073455810547,61.584102630615234,19.170000076293945,16.87650008201599,0.5679599206322593
2021-11-23,54.40688705444336,62.976341247558594,19.3799991607666,17.046500062942506,0.6937940356340772
2021-11-24,54.708518981933594,62.9258918762207,18.579999923706055,17.12650008201599,0.7555219139590851
2021-11-26,52.786659240722656,61.13462829589844,28.6200008392334,17.731000089645384,0.5699926752593931
2021-11-29,53.079681396484375,64.80662536621094,22.959999084472656,18.066000032424927,0.26401881358658247
2021-11-30,51.57149124145508,64.74092102050781,27.190000534057617,18.605000066757203,-0.013357632078058316
2021-12-01,51.528404235839844,66.04362487792969,31.1200008392334,19.359500074386595,-0.14958001496928405
2021-12-02,52.81251907348633,62.995384216308594,27.950000762939453,20.002000093460083,0.39186469576879834
2021-12-03,52.47640609741211,62.99062728881836,30.670000076293945,20.763500118255614,0.3290767843614765
2021-12-06,53.071067810058594,63.5705680847168,27.18000030517578,21.29850015640259,0.3839569469156384
2021-12-07,53.66571807861328,67.24541473388672,21.889999389648438,21.532000160217287,0.13446859755685797
2021-12-08,53.82085037231445,67.99581146240234,19.899999618530273,21.638000106811525,0.0898669134298265
2021-12-09,53.958744049072266,66.60169219970703,21.579999923706055,21.78050012588501,0.25292188909051744
2021-12-10,54.303470611572266,67.22732543945312,18.690000534057617,21.832000160217284,0.25627121064225705
2021-12-13,53.114158630371094,65.22848510742188,20.309999465942383,22.03300008773804,0.2290198516159306
2021-12-14,53.03658676147461,64.8219223022461,21.889999389648438,22.303000068664552,0.2544041308755472
2021-12-15,52.803897857666016,66.54933166503906,19.290000915527344,22.449000072479247,0.04073171798757585
2021-12-16,52.890071868896484,64.06511688232422,20.56999969482422,22.62200002670288,0.3012578493638158
2021-12-17,51.7352409362793,63.86374282836914,21.56999969482422,22.821000003814696,0.10372518058352437
2021-12-20,50.98545455932617,63.091636657714844,22.8700008392334,23.069000053405762,0.03854926474337637
2021-12-21,52.140296936035156,65.19031524658203,21.010000228881836,23.161000061035157,0.049494995721367084
2021-12-22,52.562583923339844,65.96813201904297,18.6299991607666,23.123500061035156,0.05247463643994143
2021-12-23,52.58843994140625,66.68390655517578,17.959999084472656,23.092500019073487,-0.013051665090959843
2021-12-27,53.33823013305664,69.03929138183594,17.68000030517578,22.545499992370605,-0.10358146678779986
2021-12-28,53.165870666503906,68.34260559082031,17.540000915527344,22.27450008392334,-0.06750406366980902
2021-12-29,52.70047378540039,69.35901641845703,16.950000762939453,21.762500095367432,-0.25504895453524506
2021-12-30,52.39022445678711,68.5554428100586,17.329999923706055,21.073000049591066,-0.23441031447480898
2021-12-31,52.73495101928711,68.63367462158203,17.219999313354492,20.536499977111816,-0.17722718115024416
